{"type":"FeatureCollection", "features": [
{"type":"Feature","geometry":{"type":"Polygon","coordinates":[[[31.287891,-22.402051],[31.429492,-22.298828],[32.371094,-21.334863],[32.477637,-20.712988],[32.672559,-20.516113],[33.006738,-19.873828],[32.777637,-19.38877],[32.849805,-19.104395],[32.716504,-19.001855],[32.993066,-18.35957],[32.955566,-18.08291],[32.969336,-17.251563],[32.87627,-16.883594],[32.948047,-16.712305],[32.243262,-16.44873],[31.939844,-16.428809],[31.687598,-16.21416],[31.23623,-16.023633],[30.437793,-15.995313],[30.396094,-15.643066],[29.72959,-15.644629],[29.287891,-15.776465],[28.913086,-15.987793],[28.760645,-16.531934],[27.932227,-16.896191],[27.437891,-17.511914],[27.020801,-17.958398],[26.779883,-18.041504],[26.333398,-17.929297],[25.863281,-17.951953],[25.639648,-17.824121],[25.258789,-17.793555],[25.224023,-17.915234],[25.489258,-18.35127],[25.76123,-18.649219],[26.168066,-19.538281],[26.678223,-19.892773],[27.221484,-20.145801],[27.280762,-20.478711],[27.699609,-20.530664],[27.669434,-21.064258],[28.045605,-21.573047],[28.532031,-21.65127],[29.037305,-21.811328],[29.106836,-22.065723],[29.364844,-22.193945],[29.663086,-22.146289],[30.460156,-22.329004],[31.073438,-22.307813],[31.287891,-22.402051]]]},"properties":{"name":"Zimbabwe","ISO3166-1-Alpha-3":"ZWE","ISO3166-1-Alpha-2":"ZW"}},
{"type":"Feature","geometry":{"type":"Polygon","coordinates":[[[30.396094,-15.643066],[30.231836,-14.990332],[30.67334,-14.819141],[31.728906,-14.496094],[33.201758,-14.013379],[32.99209,-14.022168],[32.67207,-13.610352],[32.967578,-13.225],[33.021582,-12.630469],[33.397949,-12.489844],[33.252344,-12.112598],[33.300977,-11.888184],[33.226367,-11.534863],[33.379785,-11.15791],[33.261328,-10.893359],[33.659082,-10.590527],[33.528906,-10.234668],[33.311523,-10.037988],[33.350977,-9.862207],[33.195703,-9.626172],[32.995996,-9.622852],[32.919922,-9.407422],[32.433203,-9.156348],[31.942578,-9.054004],[31.673633,-8.908789],[31.350586,-8.607031],[31.076367,-8.611914],[30.751172,-8.193652],[28.972266,-8.464941],[28.917773,-8.700586],[28.616504,-9.072266],[28.400684,-9.224805],[28.630078,-9.83125],[28.638867,-10.669238],[28.544238,-10.802344],[28.357227,-11.483008],[28.48252,-11.812109],[29.064355,-12.348828],[29.427539,-12.43125],[29.559766,-12.202441],[29.795117,-12.155469],[29.795313,-13.392773],[29.554199,-13.248926],[29.201855,-13.39834],[29.014258,-13.368848],[28.672949,-12.861328],[28.550879,-12.836133],[28.357715,-12.482031],[27.533398,-12.195312],[27.423633,-11.944531],[27.046094,-11.615918],[26.949609,-11.898828],[26.596387,-11.97207],[26.025977,-11.890137],[25.349414,-11.623047],[25.184863,-11.242969],[24.518555,-11.438477],[24.319922,-11.071777],[23.966504,-10.871777],[24.04668,-11.405371],[23.970996,-11.63584],[23.991309,-12.422168],[23.843164,-13.000977],[21.978906,-13.000977],[21.979492,-14.761426],[21.979785,-15.955566],[22.150684,-16.597168],[22.305078,-16.689551],[23.380664,-17.640625],[24.274902,-17.481055],[24.932422,-17.543457],[25.258789,-17.793555],[25.639648,-17.824121],[25.863281,-17.951953],[26.333398,-17.929297],[26.779883,-18.041504],[27.020801,-17.958398],[27.437891,-17.511914],[27.932227,-16.896191],[28.760645,-16.531934],[28.913086,-15.987793],[29.287891,-15.776465],[29.72959,-15.644629],[30.396094,-15.643066]]]},"properties":{"name":"Zambia","ISO3166-1-Alpha-3":"ZMB","ISO3166-1-Alpha-2":"ZM"}},
{"type":"Feature","geometry":{"type":"MultiPolygon","coordinates":[[[[53.085645,16.648389],[52.800586,17.26792],[52.729199,17.300391],[51.977637,18.996143],[50.355273,18.777783],[49.041992,18.581787],[48.172168,18.156934],[47.57959,17.44834],[47.441797,17.111865],[46.975684,16.953467],[46.682031,17.268555],[46.310352,17.231299],[45.406543,17.319775],[45.148047,17.427441],[44.155957,17.398535],[43.916992,17.324707],[43.417969,17.51626],[43.190918,17.359375],[43.116504,16.941992],[43.165039,16.689404],[42.799316,16.371777],[42.839648,16.032031],[42.717188,15.654639],[43.021094,14.554883],[43.089063,14.010986],[43.282617,13.639844],[43.231934,13.26709],[43.475293,12.839014],[43.929785,12.616504],[44.358496,12.669141],[44.617773,12.817236],[45.038672,12.815869],[45.163867,12.998291],[45.393555,13.067041],[45.657324,13.338721],[46.788867,13.465576],[47.407715,13.661621],[47.989941,14.048096],[48.277832,13.997656],[48.668359,14.050146],[49.048047,14.456445],[49.349902,14.637793],[49.906348,14.828125],[50.166895,14.851025],[50.527051,15.038184],[51.015137,15.140771],[51.603711,15.336816],[52.21748,15.655518],[52.174023,15.956836],[52.327734,16.293555],[52.581445,16.470361],[53.085645,16.648389]]],[[[53.763184,12.636816],[53.430957,12.663574],[53.31582,12.533154],[53.59834,12.342285],[54.129492,12.360645],[54.511133,12.552783],[54.187402,12.664014],[53.763184,12.636816]]]]},"properties":{"name":"Yemen","ISO3166-1-Alpha-3":"YEM","ISO3166-1-Alpha-2":"YE"}},
{"type":"Feature","geometry":{"type":"Polygon","coordinates":[[[107.972656,21.507959],[107.802051,21.645166],[107.351172,21.608887],[107.006445,21.893408],[106.729492,22.000342],[106.536328,22.39541],[106.780273,22.778906],[106.541797,22.90835],[106.148438,22.970068],[105.842969,22.922803],[105.548145,23.072656],[105.275391,23.345215],[104.864746,23.136377],[104.795703,22.911133],[104.371777,22.704053],[104.053906,22.752295],[103.915039,22.538232],[103.620215,22.782031],[103.356055,22.754688],[103.005371,22.452979],[102.517188,22.741016],[102.127441,22.379199],[102.58252,21.904297],[102.695312,21.662109],[102.948633,21.569775],[102.851172,21.265918],[103.104492,20.89165],[103.635059,20.69707],[104.052051,20.941211],[104.583203,20.64668],[104.618848,20.374512],[104.92793,20.018115],[104.546289,19.610547],[104.032031,19.675146],[103.896387,19.33999],[104.716504,18.803418],[105.115137,18.678857],[105.08584,18.450098],[105.458203,18.154297],[105.691406,17.737842],[106.502246,16.954102],[106.546191,16.650732],[106.696094,16.458984],[107.396387,16.043018],[107.189551,15.747266],[107.653125,15.255225],[107.480371,14.979883],[107.519434,14.705078],[107.331445,14.126611],[107.605469,13.437793],[107.475391,13.030371],[107.555469,12.53999],[107.506445,12.364551],[107.158984,12.277051],[106.930664,12.07749],[106.413867,11.948437],[106.339844,11.681836],[106.006055,11.758008],[105.851465,11.63501],[105.856055,11.294287],[106.167969,11.012305],[106.098828,10.797266],[105.755078,10.98999],[105.386523,10.940088],[104.850586,10.534473],[104.426367,10.41123],[104.663477,10.169922],[105.027832,10.067432],[104.845215,9.606152],[104.818555,8.801855],[104.891895,8.583252],[105.322266,8.801123],[105.500977,9.093213],[106.168359,9.396729],[106.572461,9.641113],[106.595605,9.859863],[106.785254,10.116455],[106.812695,10.433301],[107.087793,10.49834],[107.261523,10.398389],[108.27168,10.934277],[108.820801,11.31543],[108.986719,11.336377],[109.039648,11.592676],[109.198633,11.724854],[109.218945,12.645801],[109.423926,12.955957],[109.271875,13.279346],[109.30332,13.856445],[109.087012,14.552588],[109.084863,14.716162],[108.821289,15.37793],[108.674219,15.483594],[108.029395,16.331104],[107.724121,16.487842],[107.180371,16.897949],[107.119922,17.055518],[106.735742,17.367188],[106.478906,17.71958],[106.499023,17.946436],[105.888281,18.50249],[105.621777,18.966309],[105.791113,19.294189],[105.813965,19.587451],[105.984082,19.939062],[106.165723,19.992041],[106.517969,20.288867],[106.550781,20.526562],[106.753418,20.735059],[106.675488,20.960498],[107.354297,21.055176],[107.409961,21.284814],[107.972656,21.507959]]]},"properties":{"name":"Vietnam","ISO3166-1-Alpha-3":"VNM","ISO3166-1-Alpha-2":"VN"}},
{"type":"Feature","geometry":{"type":"Polygon","coordinates":[[[-60.017529,8.549316],[-60.340234,8.62876],[-60.481494,8.547266],[-60.800977,8.592139],[-61.304004,8.4104],[-61.053076,9.095117],[-60.79248,9.360742],[-61.013379,9.556445],[-61.309375,9.633057],[-61.512305,9.84751],[-61.765918,9.813818],[-62.119629,9.984863],[-62.32041,9.783057],[-62.515137,10.176123],[-62.843018,10.41792],[-62.702344,10.749805],[-63.496777,10.643262],[-63.873437,10.66377],[-63.833691,10.448535],[-64.18833,10.457812],[-64.850488,10.098096],[-65.129102,10.070068],[-65.851758,10.257764],[-66.247217,10.632227],[-66.989062,10.610645],[-67.871631,10.47207],[-68.234082,10.569141],[-68.398633,11.160986],[-68.827979,11.431738],[-69.232568,11.518457],[-69.631592,11.479932],[-69.830615,11.995605],[-70.003955,12.177881],[-70.202783,12.098389],[-70.286523,11.886035],[-70.192578,11.624609],[-70.23252,11.372998],[-70.820508,11.208447],[-71.469531,10.96416],[-71.544629,10.778711],[-71.386621,10.26377],[-71.052686,9.705811],[-71.08584,9.348242],[-71.297949,9.125635],[-71.686719,9.07251],[-71.760742,9.335742],[-72.112842,9.815576],[-71.955713,10.108057],[-71.664844,10.44375],[-71.594336,10.657373],[-71.946973,11.414453],[-71.868652,11.627344],[-71.488379,11.71875],[-71.319727,11.861914],[-71.958105,11.666406],[-72.248486,11.196436],[-72.446094,11.114258],[-72.690088,10.83584],[-72.869336,10.49126],[-73.006543,9.78916],[-73.356348,9.226855],[-73.058398,9.25957],[-72.796387,9.108984],[-72.66543,8.627588],[-72.416553,8.381982],[-72.357617,8.087305],[-72.446045,7.966113],[-72.442969,7.454883],[-72.207715,7.370264],[-72.084277,7.096875],[-71.892676,6.990332],[-71.620898,7.03291],[-71.013281,6.994434],[-70.655078,7.082764],[-70.09502,6.937939],[-69.439258,6.134912],[-69.089941,6.184375],[-68.471777,6.156543],[-67.85918,6.289893],[-67.568066,6.241797],[-67.439355,6.025537],[-67.824902,5.270459],[-67.855273,4.506885],[-67.661621,3.864258],[-67.311133,3.415869],[-67.834766,2.892822],[-67.59668,2.769336],[-67.21084,2.390137],[-66.884473,1.358252],[-66.876025,1.223047],[-66.429248,0.82168],[-66.060059,0.785352],[-65.681445,0.983447],[-65.36084,0.868652],[-65.10376,1.108105],[-64.731543,1.25332],[-64.486035,1.452783],[-64.114844,1.619287],[-64.035449,1.904443],[-63.393945,2.22251],[-63.389258,2.411914],[-63.92417,2.452441],[-64.218848,3.204687],[-64.221094,3.587402],[-64.56792,3.899805],[-64.576367,4.139893],[-64.255664,4.140332],[-64.021484,3.929102],[-63.294727,3.922266],[-62.968652,3.593945],[-62.7646,3.672949],[-62.712109,4.01792],[-62.410645,4.156738],[-62.153125,4.098389],[-61.554248,4.287793],[-61.280078,4.516895],[-61.002832,4.535254],[-60.604492,4.99458],[-60.742139,5.202051],[-61.376807,5.906982],[-61.128711,6.214307],[-61.145605,6.694531],[-60.71792,6.768311],[-60.39502,6.945361],[-60.719238,7.498682],[-60.513623,7.813184],[-60.032422,8.053564],[-59.831641,8.305957],[-60.017529,8.549316]]]},"properties":{"name":"Venezuela","ISO3166-1-Alpha-3":"VEN","ISO3166-1-Alpha-2":"VE"}},
{"type":"Feature","geometry":{"type":"Polygon","coordinates":[[[12.43916,41.898389],[12.438379,41.906201],[12.430566,41.905469],[12.430566,41.897559],[12.43916,41.898389]]]},"properties":{"name":"Vatican","ISO3166-1-Alpha-3":"VAT","ISO3166-1-Alpha-2":"VA"}},
{"type":"Feature","geometry":{"type":"MultiPolygon","coordinates":[[[[166.745801,-14.826855],[166.527246,-14.850098],[166.631055,-15.406055],[166.825781,-15.634863],[167.199609,-15.485742],[167.131641,-15.135352],[166.810156,-15.157422],[166.745801,-14.826855]]],[[[167.4125,-16.095898],[167.449316,-16.55498],[167.836621,-16.449707],[167.4125,-16.095898]]],[[[169.334375,-18.940234],[169.143848,-18.631055],[168.986914,-18.871289],[169.334375,-18.940234]]]]},"properties":{"name":"Vanuatu","ISO3166-1-Alpha-3":"VUT","ISO3166-1-Alpha-2":"VU"}},
{"type":"Feature","geometry":{"type":"Polygon","coordinates":[[[70.946777,42.248682],[70.613281,42.054736],[70.416016,42.078564],[70.095605,41.820508],[69.663867,41.672119],[69.064941,41.366943],[68.986914,41.205029],[68.584082,40.87627],[68.600684,40.659961],[68.291895,40.656104],[68.047656,40.809277],[68.113086,41.028613],[67.935742,41.196582],[66.814258,41.142383],[66.668652,41.270752],[66.498633,41.994873],[66.00957,42.004883],[66.100293,42.99082],[65.803027,42.876953],[65.496191,43.310547],[64.905469,43.714697],[64.443164,43.551172],[63.207031,43.627979],[61.990234,43.492139],[61.160742,44.168604],[61.00791,44.393799],[58.555273,45.555371],[55.975684,44.994922],[55.976367,43.617627],[55.977441,41.322217],[57.017969,41.263477],[56.964063,41.856543],[57.381738,42.156299],[57.814258,42.189844],[58.259668,42.688086],[58.589063,42.778467],[58.876953,42.561475],[59.123145,42.523779],[59.451074,42.299512],[59.858301,42.295166],[60.106934,41.907422],[60.089648,41.399414],[60.45498,41.221631],[61.328906,41.195117],[61.496973,41.276074],[61.953516,41.030615],[62.09502,40.683301],[62.375,40.33208],[62.441602,40.03623],[62.650684,39.858496],[63.506055,39.3771],[64.162793,38.953613],[65.612891,38.238574],[65.857129,38.26875],[66.629297,37.932031],[66.525586,37.785742],[66.522266,37.348486],[67.068848,37.334814],[67.319727,37.20957],[67.758984,37.172217],[67.814355,37.487012],[68.294043,38.03291],[68.333105,38.237793],[68.144141,38.383105],[68.047852,38.669287],[68.103516,38.962012],[67.676563,39.008496],[67.349609,39.24209],[67.426172,39.465576],[67.719043,39.621387],[68.463281,39.536719],[68.638965,39.838867],[68.86875,39.907471],[68.652539,40.182666],[69.22832,40.187598],[69.20625,40.566553],[69.413867,40.797168],[69.712891,40.656982],[70.29209,40.891699],[70.441504,41.023438],[70.750977,40.7396],[70.382617,40.453516],[70.653125,40.201172],[70.958008,40.238867],[71.304688,40.286914],[71.69248,40.152344],[72.13125,40.438623],[72.357715,40.40166],[73.112891,40.786035],[72.62041,40.883789],[72.164258,41.17373],[71.878613,41.19502],[71.79248,41.413135],[71.420898,41.341895],[71.408398,41.136035],[70.782422,41.2625],[70.180957,41.571436],[70.841895,42.019629],[70.946777,42.248682]]]},"properties":{"name":"Uzbekistan","ISO3166-1-Alpha-3":"UZB","ISO3166-1-Alpha-2":"UZ"}},
{"type":"Feature","geometry":{"type":"Polygon","coordinates":[[[-53.370605,-33.742188],[-53.537646,-33.622852],[-53.531348,-33.170898],[-53.125586,-32.736719],[-53.601709,-32.403027],[-53.761719,-32.056836],[-54.220557,-31.855176],[-54.587646,-31.485156],[-55.254639,-31.225586],[-55.557324,-30.875977],[-55.873682,-31.069629],[-56.176172,-30.628418],[-56.832715,-30.107227],[-57.214453,-30.283398],[-57.608887,-30.187793],[-57.87251,-30.591016],[-57.810596,-30.858594],[-58.053857,-31.494922],[-58.042334,-31.769238],[-58.189014,-31.924219],[-58.123047,-32.321875],[-58.201172,-32.47168],[-58.082324,-32.893652],[-58.353369,-33.260059],[-58.400195,-33.912402],[-57.829102,-34.477344],[-57.170703,-34.452344],[-56.855176,-34.67666],[-56.11792,-34.90791],[-55.673145,-34.775684],[-54.902295,-34.932813],[-54.168555,-34.670703],[-53.785303,-34.380371],[-53.370605,-33.742188]]]},"properties":{"name":"Uruguay","ISO3166-1-Alpha-3":"URY","ISO3166-1-Alpha-2":"UY"}},
{"type":"Feature","geometry":{"type":"Polygon","coordinates":[[[158.314844,6.813672],[158.294629,6.951074],[158.134766,6.944824],[158.183398,6.80127],[158.314844,6.813672]]]},"properties":{"name":"Micronesia","ISO3166-1-Alpha-3":"FSM","ISO3166-1-Alpha-2":"FM"}},
{"type":"Feature","geometry":{"type":"Polygon","coordinates":[[[171.101953,7.138232],[171.095508,7.109277],[171.202344,7.073535],[171.226953,7.086963],[171.101953,7.138232]]]},"properties":{"name":"Marshall Is.","ISO3166-1-Alpha-3":"MHL","ISO3166-1-Alpha-2":"MH"}},
{"type":"Feature","geometry":{"type":"Polygon","coordinates":[[[145.751953,15.133154],[145.782324,15.174609],[145.713184,15.215283],[145.684277,15.125098],[145.751953,15.133154]]]},"properties":{"name":"N. Mariana Is.","ISO3166-1-Alpha-3":"MNP","ISO3166-1-Alpha-2":"MP"}},
{"type":"Feature","geometry":{"type":"Polygon","coordinates":[[[-64.765625,17.794336],[-64.884717,17.772266],[-64.889111,17.701709],[-64.686279,17.706104],[-64.765625,17.794336]]]},"properties":{"name":"U.S. Virgin Is.","ISO3166-1-Alpha-3":"VIR","ISO3166-1-Alpha-2":"VI"}},
{"type":"Feature","geometry":{"type":"Polygon","coordinates":[[[144.741797,13.259277],[144.790332,13.526855],[144.649316,13.428711],[144.741797,13.259277]]]},"properties":{"name":"Guam","ISO3166-1-Alpha-3":"GUM","ISO3166-1-Alpha-2":"GU"}},
{"type":"Feature","geometry":{"type":"Polygon","coordinates":[[[-170.72627,-14.351172],[-170.68916,-14.257422],[-170.820508,-14.312109],[-170.72627,-14.351172]]]},"properties":{"name":"American Samoa","ISO3166-1-Alpha-3":"ASM","ISO3166-1-Alpha-2":"AS"}},
{"type":"Feature","geometry":{"type":"Polygon","coordinates":[[[-66.129395,18.444922],[-67.158643,18.499219],[-67.196875,17.994189],[-66.408545,17.950586],[-65.970801,17.974365],[-65.62085,18.242334],[-65.628809,18.381396],[-66.129395,18.444922]]]},"properties":{"name":"Puerto Rico","ISO3166-1-Alpha-3":"PRI","ISO3166-1-Alpha-2":"PR"}},
{"type":"Feature","geometry":{"type":"MultiPolygon","coordinates":[[[[-171.463037,63.640039],[-171.06123,63.445898],[-170.5271,63.379297],[-169.777783,63.09375],[-168.852393,63.17124],[-170.017383,63.491748],[-170.43042,63.698828],[-171.034863,63.585498],[-171.463037,63.640039]]],[[[-166.135449,60.383545],[-166.475684,60.382764],[-167.138867,60.008545],[-166.187549,59.773828],[-165.591797,59.913135],[-165.729688,60.314209],[-166.135449,60.383545]]],[[[-152.898047,57.823926],[-153.200293,57.82002],[-153.818359,57.595605],[-154.281445,57.638086],[-154.705957,57.335352],[-154.338965,56.920898],[-153.793213,56.989502],[-153.274365,57.226367],[-152.679053,57.345117],[-152.216211,57.577002],[-152.511572,57.851465],[-152.898047,57.823926]]],[[[-130.025098,55.888232],[-130.741699,56.34082],[-131.575098,56.598828],[-131.866162,56.792822],[-133.275293,58.222852],[-133.820752,58.705029],[-134.218506,58.849902],[-134.440771,59.085352],[-134.94375,59.288281],[-135.051025,59.578662],[-135.475928,59.793262],[-136.321826,59.604834],[-136.57876,59.152246],[-137.438574,58.903125],[-137.593311,59.22627],[-139.185156,60.083594],[-139.079248,60.343701],[-139.676318,60.32832],[-139.973291,60.183154],[-141.002148,60.300244],[-141.002148,62.345703],[-141.002148,63.514453],[-141.002148,64.975537],[-141.002148,66.72876],[-141.002148,68.189746],[-141.002148,69.650781],[-141.40791,69.653369],[-143.218311,70.11626],[-145.197363,70.008691],[-145.823145,70.160059],[-147.705371,70.217236],[-149.269434,70.500781],[-151.224805,70.41875],[-151.944678,70.4521],[-152.470605,70.653613],[-152.23291,70.810352],[-153.23291,70.932568],[-154.195215,70.801123],[-155.166846,71.099219],[-156.783301,71.318945],[-157.998486,70.845313],[-159.314502,70.878516],[-160.996289,70.30459],[-161.880957,70.331738],[-162.9521,69.758105],[-163.161475,69.387939],[-163.86792,69.03667],[-164.302344,68.936475],[-166.209082,68.885352],[-166.380518,68.425146],[-165.95957,68.155908],[-165.386035,68.045605],[-164.125195,67.606738],[-163.720557,67.195557],[-163.001709,67.027295],[-161.96543,67.049561],[-161.622217,66.979346],[-161.856689,66.700342],[-161.398047,66.551855],[-160.864014,66.67085],[-160.231689,66.420264],[-161.556836,66.250537],[-161.816309,66.053662],[-163.695361,66.083838],[-164.03374,66.215527],[-163.775488,66.531104],[-164.674121,66.555029],[-166.747656,66.051855],[-167.074219,65.877051],[-168.088379,65.657764],[-167.404004,65.422119],[-166.665381,65.338281],[-166.826953,65.096094],[-166.415234,64.926514],[-166.142773,64.582764],[-164.899512,64.460645],[-163.713086,64.588232],[-162.807031,64.374219],[-161.759375,64.81626],[-161.186914,64.924023],[-160.931934,64.579102],[-161.385693,64.439941],[-160.987549,64.25127],[-160.778564,63.818945],[-161.099707,63.55791],[-161.973975,63.45293],[-162.282813,63.529199],[-162.621484,63.26582],[-163.358838,63.045752],[-164.107617,63.261719],[-164.409033,63.215039],[-164.84541,62.800977],[-164.792676,62.623193],[-165.194531,62.473535],[-165.707275,62.100439],[-165.612793,61.869287],[-166.078809,61.803125],[-165.565869,61.102344],[-165.175488,60.965674],[-163.994629,60.864697],[-164.265674,60.724658],[-164.805176,60.892041],[-165.353809,60.541211],[-164.662256,60.303809],[-163.906885,59.806787],[-163.219385,59.845605],[-162.570752,59.989746],[-162.24248,60.17832],[-161.828711,59.588623],[-162.023291,59.283984],[-161.794482,59.109473],[-161.755469,58.612012],[-161.361328,58.669531],[-160.363135,59.051172],[-159.920215,58.819873],[-159.670264,58.911133],[-159.082666,58.469775],[-158.861377,58.71875],[-158.503174,58.850342],[-158.021924,58.640186],[-157.142041,58.877637],[-156.974658,58.736328],[-157.523633,58.421338],[-157.607568,57.601465],[-158.320947,57.2979],[-159.283105,56.688574],[-159.785059,56.561621],[-160.302051,56.314111],[-160.851318,55.771875],[-161.215625,56.021436],[-162.157129,55.719434],[-162.961963,55.183838],[-162.865039,54.954541],[-162.073975,55.139307],[-161.741553,55.391162],[-161.099512,55.405713],[-160.462695,55.557812],[-159.962305,55.794873],[-159.523242,55.81001],[-158.789844,55.986914],[-158.275635,56.19624],[-158.414404,56.43584],[-157.578369,56.634473],[-156.475146,57.105176],[-156.478418,57.327881],[-155.006885,58.016064],[-154.247021,58.159424],[-154.019873,58.492969],[-153.334424,58.857861],[-153.656396,59.038672],[-154.129834,59.119873],[-154.08833,59.363281],[-153.106055,59.875049],[-152.759473,59.920898],[-152.653955,60.238428],[-152.270703,60.528125],[-151.750488,60.754883],[-151.733984,60.910742],[-150.612256,61.301123],[-149.945215,61.294238],[-149.997559,60.935156],[-150.44126,61.023584],[-151.321777,60.74292],[-151.451465,60.202637],[-151.734521,59.98833],[-151.849951,59.406348],[-151.738184,59.188525],[-150.960742,59.243994],[-150.581543,59.5646],[-150.198047,59.566553],[-149.432227,60.001025],[-148.430713,59.989111],[-148.197607,60.167773],[-148.344434,60.853564],[-147.592578,60.979443],[-146.874023,61.004883],[-145.898877,60.478174],[-144.901318,60.335156],[-143.805078,60.012891],[-142.945654,60.096973],[-141.670166,59.969873],[-140.843164,59.748877],[-140.216748,59.72666],[-139.799121,59.54624],[-138.35249,59.087305],[-137.543994,58.581201],[-136.582617,58.245215],[-136.129639,58.350391],[-135.861719,58.577051],[-135.302539,58.255908],[-135.049707,58.306787],[-135.502344,59.202295],[-134.776123,58.453857],[-134.06333,58.211084],[-133.554199,57.695068],[-133.465869,57.172168],[-132.814258,57.040723],[-131.843848,56.160107],[-132.223437,55.721045],[-131.287598,56.012109],[-130.918555,55.735986],[-130.855957,55.355127],[-131.047852,55.157666],[-130.849609,54.807617],[-130.575342,54.769678],[-130.214063,55.025879],[-130.036572,55.2979],[-130.146533,55.654492],[-130.025098,55.888232]]],[[[-163.476025,54.980713],[-163.867969,55.039111],[-164.529785,54.880859],[-164.887646,54.607813],[-164.463477,54.427344],[-164.073291,54.620996],[-163.358105,54.735693],[-163.476025,54.980713]]],[[[-132.112354,56.109375],[-132.379834,56.498779],[-132.659912,56.078174],[-132.112354,56.109375]]],[[[-130.97915,55.48916],[-130.965967,55.669531],[-131.269238,55.955371],[-131.624951,55.831689],[-131.810986,55.223096],[-131.082764,55.266797],[-130.97915,55.48916]]],[[[-133.366211,57.003516],[-133.865967,57.068701],[-133.602783,56.464111],[-133.212646,56.4646],[-132.95415,56.880273],[-133.366211,57.003516]]],[[[-147.735889,59.813232],[-146.986719,60.254346],[-147.12002,60.363086],[-147.814355,59.901953],[-147.735889,59.813232]]],[[[-134.969775,57.351416],[-135.346289,57.533105],[-135.787109,57.317285],[-135.199609,57.027344],[-135.330615,56.821875],[-134.630029,56.302441],[-134.620703,56.718311],[-134.969775,57.351416]]],[[[-134.680273,58.16167],[-134.659863,57.638086],[-134.486768,57.482031],[-134.435303,57.056982],[-133.925293,57.336768],[-133.937012,57.581592],[-134.26709,57.884521],[-134.240088,58.143994],[-134.680273,58.16167]]],[[[-135.730371,58.244238],[-136.512305,58.095996],[-136.568604,57.972168],[-136.076611,57.674561],[-135.910791,57.446582],[-135.497852,57.662256],[-135.084863,57.511035],[-135.0021,58.051074],[-135.730371,58.244238]]],[[[-133.566113,56.339209],[-133.241504,55.920801],[-133.446973,55.797021],[-132.782324,55.048486],[-131.980859,54.804834],[-131.976416,55.208594],[-132.417871,55.48291],[-132.430176,55.687012],[-132.757568,55.99502],[-133.096631,56.090039],[-133.202979,56.319824],[-133.566113,56.339209]]],[[[-133.9896,56.844971],[-134.373682,56.838672],[-134.195459,56.413525],[-133.855273,56.582178],[-133.9896,56.844971]]],[[[-152.416943,58.360205],[-152.674658,58.450586],[-153.381348,58.087207],[-152.982568,57.99707],[-152.109082,58.161133],[-152.416943,58.360205]]],[[[-166.615332,53.900928],[-166.978076,53.962939],[-167.136084,53.526465],[-166.77041,53.476025],[-166.444189,53.651807],[-166.615332,53.900928]]],[[[-155.581348,19.012012],[-155.309619,19.260156],[-155.053467,19.319189],[-154.804199,19.524463],[-155.065918,19.748193],[-155.198779,19.994385],[-155.831641,20.27583],[-155.820312,20.01416],[-156.048682,19.749951],[-155.890723,19.38252],[-155.881299,19.070508],[-155.581348,19.012012]]],[[[-156.486816,20.932568],[-156.438232,20.617871],[-156.107129,20.644775],[-156.277539,20.95127],[-156.486816,20.932568]]],[[[-157.799365,21.456641],[-157.9625,21.701367],[-158.273145,21.585254],[-158.110352,21.318604],[-157.799365,21.456641]]],[[[-159.372754,21.932373],[-159.352051,22.21958],[-159.579199,22.223145],[-159.78916,22.041797],[-159.608838,21.909521],[-159.372754,21.932373]]],[[[-74.708887,45.003857],[-75.179395,44.899365],[-75.875928,44.416992],[-76.4646,44.057617],[-76.819971,43.628809],[-78.72041,43.624951],[-79.171875,43.466553],[-79.036719,42.802344],[-80.247559,42.366016],[-81.277637,42.20918],[-82.439062,41.674854],[-82.690039,41.675195],[-83.141943,41.975879],[-83.073145,42.300293],[-82.545312,42.624707],[-82.408203,43.072656],[-82.137842,43.570898],[-82.551074,45.347363],[-83.592676,45.817139],[-83.615967,46.116846],[-83.977783,46.084912],[-84.192187,46.549561],[-84.561768,46.457373],[-84.875977,46.899902],[-86.428564,47.540088],[-88.378174,48.303076],[-89.455664,47.99624],[-89.993652,48.015332],[-90.091797,48.118115],[-90.744385,48.10459],[-90.840332,48.200537],[-91.518311,48.058301],[-92.171777,48.338379],[-92.99624,48.611816],[-93.707715,48.525439],[-94.055176,48.659033],[-94.620898,48.742627],[-94.854346,49.30459],[-95.155273,49.369678],[-95.162061,48.991748],[-96.677051,48.993164],[-99.235352,48.993115],[-101.367285,48.993115],[-103.49917,48.993115],[-105.631104,48.993115],[-107.762988,48.993115],[-109.468555,48.993066],[-112.026807,48.993066],[-113.732373,48.993066],[-115.437891,48.993066],[-117.996191,48.993066],[-120.980859,48.993018],[-122.78877,48.993018],[-122.241992,48.010742],[-122.656641,47.881152],[-122.860889,48.090039],[-123.975781,48.168457],[-124.632617,48.375049],[-124.621094,47.90415],[-124.376025,47.658643],[-124.07168,46.744775],[-123.88916,46.66001],[-124.072754,46.279443],[-123.947119,46.140576],[-123.929346,45.576953],[-124.05918,44.777734],[-124.14873,43.691748],[-124.539648,42.812891],[-124.406152,42.583691],[-124.355273,42.1229],[-124.068506,41.38418],[-124.133105,40.969775],[-124.37168,40.491211],[-124.324023,40.251953],[-123.884473,39.860791],[-123.701123,38.907275],[-122.986523,38.2771],[-122.968164,38.097021],[-122.466895,37.838184],[-122.499219,37.542627],[-122.394922,37.20752],[-122.164209,36.990967],[-121.880664,36.938916],[-121.78999,36.732275],[-121.877393,36.331055],[-121.343848,35.792236],[-120.860303,35.36543],[-120.633594,35.076465],[-120.644678,34.57998],[-120.481201,34.471631],[-119.606055,34.418018],[-119.14375,34.112012],[-118.506201,34.017383],[-118.410449,33.743945],[-118.080518,33.722168],[-117.467432,33.295508],[-117.318848,33.100049],[-117.243457,32.664014],[-117.128271,32.53335],[-114.724756,32.715332],[-114.835938,32.508301],[-112.938965,31.91626],[-111.041992,31.324219],[-109.274756,31.327441],[-108.214453,31.329443],[-108.211816,31.779346],[-106.453223,31.770166],[-106.255713,31.544678],[-105.27583,30.807275],[-104.978809,30.645947],[-104.681348,30.134375],[-104.681348,29.990527],[-104.400635,29.57373],[-103.989746,29.323145],[-103.257715,29.001123],[-102.891992,29.216406],[-102.73418,29.643945],[-102.268945,29.871191],[-101.990918,29.795703],[-101.440381,29.776855],[-100.658643,29.068555],[-100.331738,28.502539],[-100.296045,28.327686],[-99.754248,27.729932],[-99.505322,27.54834],[-99.443555,27.03667],[-99.229932,26.761914],[-99.107764,26.446924],[-98.082812,26.064453],[-97.801416,26.042041],[-97.358154,25.870508],[-97.14624,25.961475],[-97.402344,26.396533],[-97.554688,26.967334],[-97.523877,27.313965],[-97.380469,27.419336],[-97.171436,27.87959],[-97.156494,28.144336],[-96.561719,28.367139],[-96.44873,28.594482],[-95.853418,28.640332],[-95.273486,28.963867],[-94.888281,29.370557],[-94.099658,29.67041],[-93.694824,29.769922],[-93.175684,29.778955],[-92.671289,29.59707],[-92.26084,29.556836],[-91.893164,29.836035],[-91.330957,29.513574],[-91.290137,29.288965],[-90.751025,29.130859],[-90.379199,29.295117],[-90.101367,29.181787],[-89.877246,29.458008],[-89.353516,29.070215],[-89.015723,29.202881],[-89.513672,29.420068],[-89.720898,29.619287],[-89.589502,29.915039],[-90.413037,30.140332],[-90.225293,30.379297],[-89.588477,30.165967],[-89.320557,30.345312],[-88.905225,30.415137],[-88.69209,30.355371],[-88.135449,30.366602],[-88.032422,30.68125],[-87.790283,30.291797],[-86.985791,30.430859],[-86.679639,30.402881],[-86.257373,30.493018],[-86.175146,30.33252],[-85.755811,30.166992],[-85.353613,29.875732],[-85.318945,29.680225],[-84.382812,29.907373],[-84.044238,30.103809],[-83.694385,29.925977],[-83.290479,29.451904],[-82.769336,29.051562],[-82.651465,28.8875],[-82.660645,28.48584],[-82.843506,27.845996],[-82.660889,27.718408],[-82.441357,27.059668],[-82.180664,26.840088],[-81.866553,26.43501],[-81.715479,25.983154],[-81.364941,25.831055],[-81.097656,25.319141],[-81.110498,25.138037],[-80.736523,25.156348],[-80.366943,25.33125],[-80.30083,25.618555],[-80.126367,25.833496],[-80.041309,26.568604],[-80.125781,27.083008],[-80.226123,27.207031],[-80.650098,28.180908],[-80.524121,28.486084],[-80.9,29.049854],[-81.249512,29.793799],[-81.52041,30.874658],[-81.175439,31.531299],[-81.1979,31.704199],[-80.849219,32.113916],[-80.229687,32.576514],[-80.021777,32.619922],[-79.276025,33.1354],[-78.920312,33.658691],[-78.577686,33.873242],[-78.01333,33.911816],[-77.750732,34.284961],[-77.133887,34.70791],[-76.733203,34.706982],[-76.744971,34.940967],[-76.512939,35.27041],[-76.173828,35.35415],[-75.773926,35.646973],[-75.772217,35.899902],[-76.478809,36.028174],[-76.147852,36.279297],[-75.89043,36.657031],[-75.999414,36.912646],[-76.401123,37.212695],[-76.263477,37.357031],[-76.264258,37.893555],[-76.501318,38.532178],[-76.519531,38.89834],[-76.405664,39.303906],[-76.168164,38.852734],[-76.21167,38.361328],[-75.659277,37.953955],[-75.596387,37.631201],[-75.035889,38.50332],[-75.392187,39.092773],[-75.353418,39.339844],[-74.897021,39.145459],[-74.428809,39.387207],[-74.176123,39.726611],[-73.957617,40.328369],[-74.226709,40.608008],[-73.583008,41.021875],[-72.847168,41.265869],[-71.522852,41.378955],[-71.426562,41.633301],[-70.657129,41.534229],[-70.404687,41.626904],[-70.738281,42.228857],[-71.046191,42.331104],[-70.735693,42.669287],[-70.829053,42.825342],[-70.520703,43.348828],[-70.178809,43.766357],[-69.791602,43.805225],[-69.068359,44.097559],[-68.961475,44.433838],[-68.612012,44.310547],[-68.277441,44.507373],[-67.907031,44.453613],[-67.364062,44.696875],[-67.106738,44.885059],[-67.124854,45.169434],[-67.472559,45.275879],[-67.432666,45.603125],[-67.784668,45.701709],[-67.806787,47.082812],[-68.310889,47.354492],[-68.828711,47.20332],[-69.242871,47.462988],[-70.007715,46.708936],[-70.248291,46.250879],[-70.29624,45.906104],[-70.702246,45.551367],[-70.897998,45.262451],[-71.327295,45.290088],[-71.517529,45.007568],[-73.182031,45.005615],[-74.708887,45.003857]]],[[[-72.509766,40.986035],[-73.573828,40.919629],[-73.879248,40.79165],[-73.766748,40.592725],[-73.194287,40.654199],[-72.338965,40.894141],[-72.509766,40.986035]]]]},"properties":{"name":"United States of America","ISO3166-1-Alpha-3":"USA","ISO3166-1-Alpha-2":"US"}},
{"type":"Feature","geometry":{"type":"Polygon","coordinates":[[[-37.10332,-54.065625],[-37.689014,-54.076758],[-36.506543,-54.51123],[-36.085498,-54.866797],[-35.798584,-54.763477],[-36.326465,-54.251172],[-37.10332,-54.065625]]]},"properties":{"name":"S. Geo. and the Is.","ISO3166-1-Alpha-3":"SGS","ISO3166-1-Alpha-2":"GS"}},
{"type":"Feature","geometry":{"type":"Polygon","coordinates":[[[72.491992,-7.377441],[72.493555,-7.261719],[72.445605,-7.22041],[72.47373,-7.309668],[72.467188,-7.367578],[72.491992,-7.377441]]]},"properties":{"name":"Br. Indian Ocean Ter.","ISO3166-1-Alpha-3":"IOT","ISO3166-1-Alpha-2":"IO"}},
{"type":"Feature","geometry":{"type":"Polygon","coordinates":[[[-5.692139,-15.997754],[-5.707861,-15.906152],[-5.775049,-15.956738],[-5.692139,-15.997754]]]},"properties":{"name":"Saint Helena","ISO3166-1-Alpha-3":"SHN","ISO3166-1-Alpha-2":"SH"}},
{"type":"Feature","geometry":{"type":"Polygon","coordinates":[[[-128.290088,-24.397363],[-128.303613,-24.333594],[-128.350195,-24.340234],[-128.320654,-24.399707],[-128.290088,-24.397363]]]},"properties":{"name":"Pitcairn Is.","ISO3166-1-Alpha-3":"PCN","ISO3166-1-Alpha-2":"PN"}},
{"type":"Feature","geometry":{"type":"Polygon","coordinates":[[[-63.001221,18.221777],[-63.026025,18.269727],[-63.15332,18.200293],[-63.001221,18.221777]]]},"properties":{"name":"Anguilla","ISO3166-1-Alpha-3":"AIA","ISO3166-1-Alpha-2":"AI"}},
{"type":"Feature","geometry":{"type":"MultiPolygon","coordinates":[[[[-58.850195,-51.269922],[-59.096631,-51.491406],[-59.059521,-51.685449],[-59.570801,-51.925391],[-59.64873,-52.134375],[-59.068018,-52.173047],[-58.683496,-51.93623],[-57.838184,-51.70918],[-57.976514,-51.384375],[-58.47373,-51.509082],[-58.50625,-51.308105],[-58.850195,-51.269922]]],[[[-60.28623,-51.461914],[-60.238477,-51.771973],[-60.961426,-52.057324],[-60.686377,-52.188379],[-59.921387,-51.969531],[-59.268066,-51.427539],[-60.28623,-51.461914]]]]},"properties":{"name":"Falkland Is.","ISO3166-1-Alpha-3":"FLK","ISO3166-1-Alpha-2":"FK"}},
{"type":"Feature","geometry":{"type":"Polygon","coordinates":[[[-81.369531,19.348877],[-81.303711,19.271875],[-81.130469,19.346777],[-81.284814,19.362549],[-81.369531,19.348877]]]},"properties":{"name":"Cayman Is.","ISO3166-1-Alpha-3":"CYM","ISO3166-1-Alpha-2":"KY"}},
{"type":"Feature","geometry":{"type":"Polygon","coordinates":[[[-64.730273,32.293457],[-64.694629,32.386914],[-64.820117,32.259619],[-64.730273,32.293457]]]},"properties":{"name":"Bermuda","ISO3166-1-Alpha-3":"BMU","ISO3166-1-Alpha-2":"BM"}},
{"type":"Feature","geometry":{"type":"Polygon","coordinates":[[[-64.395215,18.4646],[-64.324658,18.51748],[-64.426074,18.513086],[-64.395215,18.4646]]]},"properties":{"name":"British Virgin Is.","ISO3166-1-Alpha-3":"VGB","ISO3166-1-Alpha-2":"VG"}},
{"type":"Feature","geometry":{"type":"Polygon","coordinates":[[[-71.661426,21.765234],[-71.668359,21.833447],[-71.806152,21.8521],[-71.83042,21.790625],[-71.661426,21.765234]]]},"properties":{"name":"Turks and Caicos Is.","ISO3166-1-Alpha-3":"TCA","ISO3166-1-Alpha-2":"TC"}},
{"type":"Feature","geometry":{"type":"Polygon","coordinates":[[[-62.148438,16.740332],[-62.223047,16.751562],[-62.221631,16.699512],[-62.154248,16.681201],[-62.148438,16.740332]]]},"properties":{"name":"Montserrat","ISO3166-1-Alpha-3":"MSR","ISO3166-1-Alpha-2":"MS"}},
{"type":"Feature","geometry":{"type":"Polygon","coordinates":[[[-2.018652,49.23125],[-2.220508,49.266357],[-2.23584,49.176367],[-2.018652,49.23125]]]},"properties":{"name":"Jersey","ISO3166-1-Alpha-3":"JEY","ISO3166-1-Alpha-2":"JE"}},
{"type":"Feature","geometry":{"type":"Polygon","coordinates":[[[-2.512305,49.494531],[-2.646143,49.468213],[-2.547363,49.428711],[-2.512305,49.494531]]]},"properties":{"name":"Guernsey","ISO3166-1-Alpha-3":"GGY","ISO3166-1-Alpha-2":"GG"}},
{"type":"Feature","geometry":{"type":"Polygon","coordinates":[[[-4.412061,54.185352],[-4.508643,54.376709],[-4.745557,54.118799],[-4.412061,54.185352]]]},"properties":{"name":"Isle of Man","ISO3166-1-Alpha-3":"IMN","ISO3166-1-Alpha-2":"IM"}},
{"type":"Feature","geometry":{"type":"MultiPolygon","coordinates":[[[[-2.667676,51.622998],[-3.135986,51.205029],[-4.188184,51.188525],[-4.523096,50.977441],[-4.58291,50.776367],[-5.342285,50.246143],[-5.225244,50.021387],[-4.727979,50.290479],[-4.172559,50.39082],[-3.793359,50.229248],[-3.584375,50.321826],[-3.40459,50.632422],[-2.999414,50.716602],[-2.547754,50.616309],[-1.516748,50.747461],[-1.285059,50.857324],[-0.785254,50.76543],[-0.203906,50.814355],[0.205078,50.763037],[0.960156,50.925879],[1.397559,51.182031],[1.414941,51.363281],[0.686523,51.386572],[0.955078,51.807812],[1.274414,51.845361],[1.558984,52.086865],[1.746582,52.468994],[1.656738,52.753711],[1.055566,52.958984],[0.558789,52.966943],[0.355762,53.159961],[-0.205566,54.021729],[-0.084375,54.118066],[-0.671387,54.503906],[-1.291748,54.773877],[-1.655371,55.570361],[-2.14707,55.902979],[-3.178223,56.080127],[-2.652734,56.318262],[-2.592676,56.561572],[-2.260254,56.86333],[-1.77793,57.49375],[-2.074072,57.702393],[-3.402783,57.708252],[-3.868164,57.600342],[-3.990039,57.959033],[-3.212354,58.32124],[-3.053076,58.634814],[-4.71543,58.51001],[-5.008301,58.262646],[-5.338281,58.238721],[-5.818066,57.436084],[-5.561914,57.232715],[-5.936768,56.605713],[-5.391943,56.514795],[-5.60957,56.055273],[-5.768213,55.362646],[-5.556445,55.3896],[-5.245605,55.929248],[-4.891846,55.699121],[-4.721143,55.420996],[-5.135498,54.85752],[-4.51748,54.75835],[-3.95791,54.780957],[-3.434082,54.96377],[-3.569385,54.467578],[-3.165967,54.12793],[-2.925098,53.732764],[-3.064746,53.426855],[-4.111035,53.218945],[-3.980322,52.541748],[-4.383154,52.197314],[-5.088086,51.995898],[-5.124756,51.705859],[-4.902295,51.62627],[-4.386279,51.741064],[-3.562354,51.413818],[-3.293115,51.39043],[-2.667676,51.622998]]],[[[-6.198682,58.363281],[-7.085254,58.182178],[-6.86416,57.932861],[-6.425195,58.021289],[-6.198682,58.363281]]],[[[-6.218018,54.088721],[-5.606787,54.272559],[-5.47041,54.500195],[-6.12915,55.217383],[-6.475049,55.241016],[-7.218652,55.091992],[-7.550391,54.767969],[-7.886133,54.666064],[-8.118262,54.414258],[-7.854932,54.215283],[-7.355176,54.12124],[-6.936133,54.374316],[-6.649805,54.058643],[-6.218018,54.088721]]]]},"properties":{"name":"United Kingdom","ISO3166-1-Alpha-3":"GBR","ISO3166-1-Alpha-2":"GB"}},
{"type":"Feature","geometry":{"type":"Polygon","coordinates":[[[56.297852,25.650684],[56.144629,25.690527],[56.080469,26.062646],[55.941211,25.793994],[55.522852,25.498145],[55.098145,25.041602],[54.746777,24.810449],[54.39707,24.278174],[53.893359,24.077051],[52.648242,24.154639],[52.250879,23.995215],[51.906055,23.985352],[51.767578,24.254395],[51.568359,24.286182],[51.592578,24.078857],[52.555078,22.932812],[53.832129,22.776807],[55.104297,22.621484],[55.18584,22.704102],[55.199902,23.034766],[55.508496,23.724609],[55.547852,23.991357],[55.985156,24.063379],[55.76084,24.242676],[55.795703,24.868115],[56.063867,24.73877],[56.387988,24.979199],[56.363477,25.569385],[56.297852,25.650684]]]},"properties":{"name":"United Arab Emirates","ISO3166-1-Alpha-3":"ARE","ISO3166-1-Alpha-2":"AE"}},
{"type":"Feature","geometry":{"type":"Polygon","coordinates":[[[38.214355,47.091455],[38.287402,47.55918],[38.900293,47.855127],[39.735938,47.844824],[39.961035,48.237939],[39.686523,49.00791],[40.07002,49.200293],[40.030664,49.596729],[39.780566,49.572021],[39.174805,49.855957],[38.918359,49.824707],[38.258594,50.052344],[38.046875,49.92002],[37.704199,50.109082],[37.422852,50.411475],[36.619434,50.209229],[35.411621,50.539697],[35.311914,51.043896],[35.064063,51.203418],[34.712305,51.172217],[34.280664,51.31167],[34.121094,51.67915],[34.397852,51.78042],[33.735254,52.344775],[32.50791,52.308545],[32.282813,52.114014],[31.763379,52.101074],[30.980664,52.046191],[30.533008,51.596338],[30.160742,51.477881],[29.346484,51.382568],[29.135645,51.617285],[28.599023,51.542627],[28.183789,51.607861],[27.270117,51.613574],[27.141992,51.752051],[25.925293,51.913525],[25.267188,51.937744],[24.361914,51.867529],[23.951172,51.585059],[23.605273,51.51792],[23.664453,51.310059],[24.105762,50.844971],[23.972656,50.410059],[23.711719,50.377344],[23.036328,49.899072],[22.649414,49.539014],[22.705664,49.171191],[22.538672,49.072705],[22.131836,48.405322],[22.87666,47.947266],[23.202637,48.084521],[24.177734,47.906055],[24.578906,47.931055],[24.893359,47.717773],[25.464258,47.910791],[26.162695,47.992529],[26.305664,48.20376],[26.618945,48.259863],[26.84707,48.387158],[27.228516,48.371436],[27.549219,48.477734],[28.326953,48.161426],[28.773828,48.11958],[29.194824,47.882422],[29.159766,47.455664],[29.549316,47.246826],[29.571973,46.964014],[29.877832,46.828906],[29.837891,46.350537],[29.146289,46.526904],[28.927441,46.424121],[28.947754,46.049951],[28.2125,45.450439],[28.760742,45.234131],[29.223535,45.40293],[29.705859,45.259912],[29.60166,45.68252],[30.219043,45.866748],[30.511523,46.105371],[30.796289,46.552002],[31.974316,46.708789],[32.035742,46.260986],[32.476758,46.083691],[33.202246,46.175732],[33.594141,46.09624],[33.659965,46.219573],[34.686878,45.97695],[35.001674,45.733383],[34.849609,46.189893],[35.230371,46.440625],[35.400195,46.381396],[35.827148,46.624316],[36.279492,46.658594],[37.339844,46.916895],[37.543359,47.074561],[38.214355,47.091455]]]},"properties":{"name":"Ukraine","ISO3166-1-Alpha-3":"UKR","ISO3166-1-Alpha-2":"UA"}},
{"type":"Feature","geometry":{"type":"Polygon","coordinates":[[[33.903223,-1.002051],[33.943164,0.173779],[34.160938,0.605176],[34.481738,1.042139],[34.787598,1.230713],[34.965234,1.643359],[34.964063,2.062402],[34.74248,2.818115],[34.447852,3.163477],[34.392871,3.691504],[34.165039,3.812988],[33.976074,4.220215],[33.489355,3.755078],[32.838086,3.798486],[32.335742,3.706201],[32.099414,3.529199],[31.798047,3.802637],[31.47998,3.680469],[31.152344,3.785596],[30.838574,3.490723],[30.906445,3.408936],[30.754004,3.041797],[30.84668,2.847021],[30.728613,2.455371],[31.176367,2.270068],[31.252734,2.04458],[30.942578,1.682812],[30.18291,0.973486],[29.942871,0.819238],[29.934473,0.499023],[29.717676,0.09834],[29.561914,-0.977344],[29.576953,-1.387891],[30.101562,-1.368652],[30.360254,-1.074609],[30.509961,-1.067285],[30.844727,-1.002051],[32.016406,-1.002051],[33.903223,-1.002051]]]},"properties":{"name":"Uganda","ISO3166-1-Alpha-3":"UGA","ISO3166-1-Alpha-2":"UG"}},
{"type":"Feature","geometry":{"type":"Polygon","coordinates":[[[55.977441,41.322217],[55.545215,41.262744],[55.249609,41.458105],[54.903711,41.919092],[54.120996,42.335205],[53.250098,42.205859],[52.870508,42.060596],[52.493848,41.780371],[52.830176,41.341895],[52.97002,41.976221],[53.16416,42.093799],[53.846484,42.091162],[54.094824,41.519385],[54.592188,41.193555],[54.710059,40.891113],[54.319434,40.83457],[53.87002,40.648682],[53.615234,40.818506],[53.145215,40.824951],[52.943457,41.038086],[52.733691,40.39873],[52.744434,40.219775],[52.9875,39.987598],[53.404199,39.960352],[53.472266,39.668799],[53.124805,39.43208],[53.617578,39.215967],[53.868652,38.949268],[53.823535,37.92793],[53.91416,37.343555],[54.191602,37.332471],[54.745215,37.501904],[55.075586,37.90249],[55.578418,38.099756],[56.228809,38.073389],[56.440625,38.249414],[57.193555,38.216406],[57.423828,37.947705],[57.710547,37.905273],[58.435742,37.638525],[58.81543,37.683496],[59.24082,37.520752],[59.562207,37.178906],[60.062793,36.962891],[60.341309,36.637646],[61.119629,36.642578],[61.262012,35.61958],[61.542773,35.457861],[61.983887,35.443701],[62.252832,35.250244],[62.610547,35.233154],[63.056641,35.445801],[63.108594,35.818701],[63.8625,36.012354],[64.511035,36.340674],[64.816309,37.13208],[65.089648,37.237939],[65.55498,37.251172],[65.765039,37.569141],[66.108398,37.414746],[66.522266,37.348486],[66.525586,37.785742],[66.629297,37.932031],[65.857129,38.26875],[65.612891,38.238574],[64.162793,38.953613],[63.506055,39.3771],[62.650684,39.858496],[62.441602,40.03623],[62.375,40.33208],[62.09502,40.683301],[61.953516,41.030615],[61.496973,41.276074],[61.328906,41.195117],[60.45498,41.221631],[60.089648,41.399414],[60.106934,41.907422],[59.858301,42.295166],[59.451074,42.299512],[59.123145,42.523779],[58.876953,42.561475],[58.589063,42.778467],[58.259668,42.688086],[57.814258,42.189844],[57.381738,42.156299],[56.964063,41.856543],[57.017969,41.263477],[55.977441,41.322217]]]},"properties":{"name":"Turkmenistan","ISO3166-1-Alpha-3":"TKM","ISO3166-1-Alpha-2":"TM"}},
{"type":"Feature","geometry":{"type":"MultiPolygon","coordinates":[[[[41.510059,41.51748],[40.959473,41.211621],[40.265234,40.961328],[39.80791,40.98252],[39.426367,41.106445],[38.381055,40.924512],[37.765625,41.078906],[37.066211,41.184424],[36.777734,41.363477],[36.509668,41.2625],[36.179199,41.426562],[36.051758,41.682568],[35.558008,41.634033],[35.297754,41.728516],[35.006445,42.063281],[34.750488,41.956836],[33.381348,42.017578],[32.306445,41.72959],[31.458008,41.32002],[31.254883,41.107617],[30.810059,41.084863],[30.344922,41.196924],[29.919336,41.15083],[29.322266,41.227734],[29.045508,41.007568],[29.364746,40.809277],[28.787891,40.534033],[28.289062,40.403027],[27.475586,40.319922],[27.28457,40.455615],[26.738086,40.400244],[26.181348,39.990088],[26.113086,39.467383],[26.827051,39.562891],[26.681836,39.292236],[27.013672,38.886865],[26.763672,38.709619],[26.861426,38.372949],[26.682813,38.19834],[27.232422,37.978662],[27.077832,37.687695],[27.219238,37.38916],[27.520117,37.249121],[27.348926,37.01958],[28.133691,37.029492],[27.803809,36.736475],[28.483594,36.803809],[29.038281,36.693457],[29.143262,36.397217],[29.689063,36.156689],[30.483594,36.3104],[30.644043,36.865674],[31.352539,36.801074],[32.021973,36.535303],[32.377734,36.183643],[32.794824,36.035889],[33.694727,36.181982],[34.023438,36.340771],[34.601367,36.784473],[34.81123,36.799268],[35.176172,36.634863],[35.537402,36.597021],[36.048926,36.910596],[36.188477,36.658984],[35.810938,36.309863],[35.892676,35.916553],[36.127344,35.831445],[36.375391,36.17124],[36.641406,36.263525],[36.5375,36.457422],[36.658594,36.802539],[37.066211,36.652637],[37.436328,36.643311],[38.191699,36.901562],[38.766602,36.693115],[39.356641,36.681592],[40.016406,36.826074],[40.705664,37.097705],[41.515527,37.08916],[42.268555,37.276562],[42.358984,37.108594],[42.774609,37.371875],[43.09248,37.367383],[43.51582,37.244531],[44.208398,37.202637],[44.281836,36.978027],[44.765137,37.142432],[44.574023,37.4354],[44.56123,37.744629],[44.211328,37.908057],[44.430859,38.356787],[44.29082,38.420117],[44.27168,38.836035],[44.023242,39.377441],[44.389355,39.422119],[44.587109,39.768555],[44.817188,39.650439],[44.768262,39.703516],[44.289258,40.040381],[43.791699,40.070264],[43.569336,40.482373],[43.722656,40.719531],[43.439453,41.107129],[42.787891,41.563721],[42.466406,41.439844],[41.510059,41.51748]]],[[[28.014453,41.969043],[27.534863,41.920801],[27.294922,42.079541],[26.615332,41.964893],[26.320898,41.716553],[26.581348,41.60127],[26.624902,41.401758],[26.330664,41.23877],[26.331055,40.954492],[26.038965,40.726758],[26.105469,40.611328],[26.79209,40.626611],[26.253809,40.314697],[26.32998,40.123389],[26.77207,40.498047],[27.258008,40.687354],[27.499414,40.973145],[28.172168,41.080713],[28.780371,40.97417],[29.057227,41.229736],[28.346387,41.466357],[27.987305,41.854883],[28.014453,41.969043]]]]},"properties":{"name":"Turkey","ISO3166-1-Alpha-3":"TUR","ISO3166-1-Alpha-2":"TR"}},
{"type":"Feature","geometry":{"type":"Polygon","coordinates":[[[11.50459,33.181934],[11.202637,33.249219],[11.08457,33.562891],[10.722754,33.514404],[10.158984,33.850049],[10.049023,34.056299],[10.200391,34.346045],[10.534863,34.544727],[11.120117,35.240283],[11.004297,35.633838],[10.59082,35.887256],[10.525684,36.32334],[10.798145,36.493115],[11.12666,36.874072],[11.053906,37.07251],[10.571289,36.879443],[10.412305,36.731836],[10.18877,37.033887],[10.196387,37.205859],[9.687988,37.340381],[9.141992,37.194629],[8.576563,36.937207],[8.230762,36.545264],[8.34873,36.367969],[8.245703,35.870557],[8.394238,35.203857],[8.245605,34.734082],[7.513867,34.080518],[7.500195,33.832471],[7.762695,33.233105],[8.210938,32.926709],[8.333398,32.543604],[9.044043,32.072363],[9.51875,30.229395],[9.89502,30.387305],[10.216406,30.783203],[10.243359,31.032129],[10.114941,31.46377],[10.826367,32.080664],[11.50498,32.413672],[11.453906,32.642578],[11.50459,33.181934]]]},"properties":{"name":"Tunisia","ISO3166-1-Alpha-3":"TUN","ISO3166-1-Alpha-2":"TN"}},
{"type":"Feature","geometry":{"type":"Polygon","coordinates":[[[-61.012109,10.134326],[-61.03374,10.669873],[-60.917627,10.840234],[-61.591846,10.747949],[-61.464746,10.538965],[-61.59668,10.064648],[-61.012109,10.134326]]]},"properties":{"name":"Trinidad and Tobago","ISO3166-1-Alpha-3":"TTO","ISO3166-1-Alpha-2":"TT"}},
{"type":"Feature","geometry":{"type":"Polygon","coordinates":[[[-175.161914,-21.169336],[-175.225391,-21.11875],[-175.335449,-21.157715],[-175.156592,-21.263672],[-175.161914,-21.169336]]]},"properties":{"name":"Tonga","ISO3166-1-Alpha-3":"TON","ISO3166-1-Alpha-2":"TO"}},
{"type":"Feature","geometry":{"type":"Polygon","coordinates":[[[0.900488,10.993262],[0.48418,10.991992],[-0.068604,11.115625],[0.009424,11.020996],[-0.057715,10.630615],[0.362695,10.236475],[0.261914,9.495605],[0.529004,9.358301],[0.415332,8.652734],[0.688086,8.304248],[0.583594,8.145801],[0.605176,7.728223],[0.5,7.546875],[0.634766,7.353662],[0.525586,6.850928],[0.736914,6.452588],[0.984961,6.320312],[1.187207,6.089404],[1.622656,6.216797],[1.77793,6.294629],[1.577539,6.687402],[1.624707,6.997314],[1.624609,8.270996],[1.600195,9.050049],[1.424316,9.28501],[1.330078,9.996973],[0.77998,10.35957],[0.7875,10.710254],[0.900488,10.993262]]]},"properties":{"name":"Togo","ISO3166-1-Alpha-3":"TGO","ISO3166-1-Alpha-2":"TG"}},
{"type":"Feature","geometry":{"type":"MultiPolygon","coordinates":[[[[125.068164,-9.511914],[125.408008,-9.275781],[126.164258,-8.99668],[126.38252,-8.957617],[126.915234,-8.715234],[127.296094,-8.424512],[126.966406,-8.315723],[126.619727,-8.459473],[125.804297,-8.492188],[125.178027,-8.647852],[124.922266,-8.94248],[125.068164,-9.511914]]],[[[124.036328,-9.341602],[124.282324,-9.42793],[124.444434,-9.190332],[124.036328,-9.341602]]]]},"properties":{"name":"Timor-Leste","ISO3166-1-Alpha-3":"TLS","ISO3166-1-Alpha-2":"TL"}},
{"type":"Feature","geometry":{"type":"Polygon","coordinates":[[[100.122461,20.31665],[99.890332,20.424414],[99.337891,20.078906],[99.020703,20.041797],[98.916699,19.7729],[98.239062,19.690674],[98.111035,19.762158],[97.816797,19.459961],[97.706055,18.931787],[97.754004,18.620801],[97.484961,18.494238],[97.719727,18.037402],[97.792969,17.68125],[98.438867,16.975684],[98.478125,16.732227],[98.689258,16.30542],[98.592383,16.050684],[98.565234,15.403564],[98.191016,15.204102],[98.245996,14.814746],[98.57002,14.359912],[98.933594,14.049854],[99.136816,13.716699],[99.176172,13.233057],[99.107422,13.103516],[99.219824,12.739746],[99.405078,12.5479],[99.462891,12.190234],[99.614746,11.781201],[99.190137,11.105273],[98.757227,10.660937],[98.702539,10.190381],[98.371387,9.290527],[98.241797,8.767871],[98.238184,8.423096],[98.420996,8.178223],[98.579199,8.344287],[98.788672,8.059814],[99.051074,7.887842],[99.720313,7.106201],[99.695996,6.87666],[100.119141,6.441992],[100.34541,6.549902],[100.79375,6.426172],[101.053516,6.242578],[101.075586,5.956494],[101.257031,5.789355],[101.556055,5.907764],[101.873633,5.825293],[102.101074,6.242236],[101.799219,6.474609],[101.497949,6.865283],[101.017871,6.860937],[100.58623,7.175977],[100.453516,7.442285],[100.279395,8.268506],[99.960645,8.67124],[99.904688,9.112891],[99.723828,9.314209],[99.393848,9.213721],[99.160742,9.734033],[99.165039,10.319824],[99.486914,10.889551],[99.627344,11.462891],[99.989062,12.170801],[99.963965,12.690039],[100.089941,13.045654],[100.01748,13.353174],[100.235645,13.484473],[100.656055,13.521289],[100.962695,13.431982],[100.863281,12.714502],[101.444922,12.618945],[101.723633,12.689355],[102.034375,12.531885],[102.540234,12.109229],[102.762988,12.012451],[102.933887,11.706689],[102.736621,12.089795],[102.755664,12.42627],[102.499609,12.669971],[102.319727,13.53999],[102.728906,13.841895],[102.909277,14.136719],[103.199414,14.332617],[103.600391,14.421094],[103.818359,14.362158],[104.411621,14.36958],[104.779004,14.427832],[105.183301,14.34624],[105.475586,14.530127],[105.54668,14.932471],[105.513184,15.360889],[105.62207,15.699951],[105.40625,15.987451],[105.047168,16.160254],[104.750586,16.647559],[104.816016,17.300293],[104.739648,17.46167],[104.428125,17.698975],[103.949609,18.318994],[103.366992,18.42334],[103.051367,18.028516],[102.717578,17.892236],[102.101465,18.210645],[101.105176,17.479541],[100.908496,17.583887],[101.113281,18.033545],[101.050586,18.407031],[101.286328,18.977148],[101.154688,19.579199],[100.625488,19.499854],[100.397656,19.756104],[100.543066,20.088672],[100.317969,20.385889],[100.122461,20.31665]]]},"properties":{"name":"Thailand","ISO3166-1-Alpha-3":"THA","ISO3166-1-Alpha-2":"TH"}},
{"type":"Feature","geometry":{"type":"Polygon","coordinates":[[[32.919922,-9.407422],[33.943945,-9.672168],[33.995605,-9.49541],[34.320898,-9.731543],[34.524219,-10.030176],[34.661816,-10.710059],[34.597656,-11.0375],[34.959473,-11.578125],[35.630957,-11.582031],[35.785449,-11.45293],[36.191309,-11.670703],[36.518652,-11.716211],[36.978906,-11.566992],[37.218359,-11.686523],[37.541699,-11.675098],[37.829297,-11.481934],[37.920215,-11.294727],[38.176563,-11.278711],[38.491797,-11.413281],[38.794727,-11.228906],[39.321582,-11.122559],[39.988672,-10.820801],[40.463574,-10.464355],[39.783789,-9.914551],[39.625488,-9.409473],[39.641309,-9.19248],[39.45127,-8.942969],[39.304004,-8.443848],[39.441016,-8.011523],[39.288477,-7.517871],[39.519238,-7.124121],[39.472363,-6.878613],[38.874023,-6.33125],[38.819238,-5.877637],[38.978223,-5.518555],[39.221777,-4.692383],[37.797266,-3.674414],[37.608691,-3.460254],[37.643848,-3.04541],[35.836914,-2.036621],[33.979395,-1.002051],[33.903223,-1.002051],[32.016406,-1.002051],[30.844727,-1.002051],[30.509961,-1.067285],[30.812598,-1.563086],[30.828711,-2.338477],[30.553613,-2.400098],[30.424219,-2.641602],[30.515039,-2.917578],[30.780273,-2.984863],[30.790234,-3.274609],[30.425,-3.588867],[30.147168,-4.085352],[29.717773,-4.455859],[29.403223,-4.449316],[29.342773,-4.983105],[29.594141,-5.650781],[29.480078,-6.025],[29.54082,-6.313867],[29.709668,-6.616895],[30.10625,-6.915039],[30.313184,-7.203711],[30.751172,-8.193652],[31.076367,-8.611914],[31.350586,-8.607031],[31.673633,-8.908789],[31.942578,-9.054004],[32.433203,-9.156348],[32.919922,-9.407422]]]},"properties":{"name":"Tanzania","ISO3166-1-Alpha-3":"TZA","ISO3166-1-Alpha-2":"TZ"}},
{"type":"Feature","geometry":{"type":"Polygon","coordinates":[[[67.758984,37.172217],[68.067773,36.949805],[68.669141,37.258398],[68.960449,37.325049],[69.264844,37.108398],[69.414453,37.207764],[69.49209,37.553076],[70.251465,37.66416],[70.214648,37.924414],[70.61582,38.334424],[70.878906,38.456396],[71.255859,38.306982],[71.278516,37.918408],[71.551953,37.933154],[71.43291,37.127539],[71.597461,36.73291],[71.802051,36.694287],[72.358789,36.98291],[72.657422,37.029053],[72.895508,37.267529],[73.481348,37.47168],[73.749609,37.231787],[74.259668,37.41543],[74.659375,37.394482],[74.891309,37.231641],[75.11875,37.385693],[74.894238,37.601416],[74.938281,37.77251],[74.789648,38.103613],[74.74502,38.51001],[74.277441,38.659766],[74.025586,38.539844],[73.80166,38.606885],[73.795605,39.002148],[73.607324,39.229199],[73.631641,39.448877],[73.234961,39.374561],[72.042773,39.352148],[71.404297,39.597852],[70.733105,39.413281],[70.607813,39.564404],[69.598828,39.573779],[69.297656,39.524805],[69.229102,39.761084],[69.530273,40.097314],[69.966797,40.202246],[70.451367,40.049219],[70.958008,40.238867],[70.653125,40.201172],[70.382617,40.453516],[70.750977,40.7396],[70.441504,41.023438],[70.29209,40.891699],[69.712891,40.656982],[69.413867,40.797168],[69.20625,40.566553],[69.22832,40.187598],[68.652539,40.182666],[68.86875,39.907471],[68.638965,39.838867],[68.463281,39.536719],[67.719043,39.621387],[67.426172,39.465576],[67.349609,39.24209],[67.676563,39.008496],[68.103516,38.962012],[68.047852,38.669287],[68.144141,38.383105],[68.333105,38.237793],[68.294043,38.03291],[67.814355,37.487012],[67.758984,37.172217]]]},"properties":{"name":"Tajikistan","ISO3166-1-Alpha-3":"TJK","ISO3166-1-Alpha-2":"TJ"}},
{"type":"Feature","geometry":{"type":"Polygon","coordinates":[[[121.008789,22.620361],[121.295898,22.966602],[121.477148,23.424072],[121.639355,24.130078],[121.828027,24.534375],[121.929004,24.97373],[121.593652,25.275342],[121.040625,25.032812],[120.629687,24.478516],[120.158984,23.709033],[120.072461,23.149756],[120.325586,22.542432],[120.58125,22.356396],[120.690137,22.033105],[121.008789,22.620361]]]},"properties":{"name":"Taiwan","ISO3166-1-Alpha-3":"TWN","ISO3166-1-Alpha-2":"CN-TW"}},
{"type":"Feature","geometry":{"type":"Polygon","coordinates":[[[35.892676,35.916553],[35.764453,35.571582],[35.943066,35.223828],[35.899316,34.8521],[35.97627,34.629199],[36.433008,34.613477],[36.584961,34.22124],[36.282227,33.894189],[35.942383,33.667578],[35.869141,33.431738],[35.816125,33.361879],[35.887977,32.944379],[35.787305,32.734912],[36.37207,32.386914],[36.818359,32.317285],[38.773535,33.372217],[40.689453,34.332031],[40.987012,34.429053],[41.194727,34.768994],[41.216406,35.288184],[41.354102,35.64043],[41.245605,36.073389],[41.416797,36.514648],[41.788574,36.597168],[42.358984,37.108594],[42.268555,37.276562],[41.515527,37.08916],[40.705664,37.097705],[40.016406,36.826074],[39.356641,36.681592],[38.766602,36.693115],[38.191699,36.901562],[37.436328,36.643311],[37.066211,36.652637],[36.658594,36.802539],[36.5375,36.457422],[36.641406,36.263525],[36.375391,36.17124],[36.127344,35.831445],[35.892676,35.916553]]]},"properties":{"name":"Syria","ISO3166-1-Alpha-3":"SYR","ISO3166-1-Alpha-2":"SY"}},
{"type":"Feature","geometry":{"type":"Polygon","coordinates":[[[9.524023,47.524219],[9.182813,47.670703],[8.617871,47.766113],[8.198242,47.606934],[7.615625,47.592725],[7.000586,47.32251],[6.060254,46.428174],[6.758105,46.415771],[6.77207,46.165137],[7.021094,45.925781],[7.993164,46.015918],[8.081543,46.256006],[8.458398,46.245898],[8.953711,45.830029],[9.251074,46.286768],[9.939258,46.361816],[10.087012,46.599902],[10.430664,46.550049],[10.452832,46.864941],[9.996875,46.885352],[9.580273,47.057373],[9.487695,47.062256],[9.527539,47.270752],[9.524023,47.524219]]]},"properties":{"name":"Switzerland","ISO3166-1-Alpha-3":"CHE","ISO3166-1-Alpha-2":"CH"}},
{"type":"Feature","geometry":{"type":"MultiPolygon","coordinates":[[[[19.076465,57.835938],[18.537402,57.830566],[18.136523,57.556641],[18.105078,57.271875],[18.285352,57.083203],[18.699902,57.242725],[18.813867,57.706201],[19.076465,57.835938]]],[[[11.388281,59.036523],[11.147168,58.988623],[11.449316,58.118359],[11.703223,57.973193],[11.734961,57.717676],[12.421484,56.906396],[12.883691,56.617725],[12.80166,56.263916],[12.592578,56.137598],[12.978027,55.693799],[12.88584,55.411377],[13.321387,55.346387],[14.341699,55.527734],[14.215039,55.832617],[14.782031,56.161914],[15.99668,56.222607],[16.52793,57.068164],[16.652246,57.500684],[16.555371,57.812256],[16.769922,58.214258],[16.651953,58.434326],[17.456738,58.858398],[18.285352,59.109375],[18.508887,59.407959],[18.970508,59.757227],[18.55752,60.253564],[17.955762,60.589795],[17.250977,60.700781],[17.130762,61.575732],[17.417285,61.740674],[17.562891,62.212305],[17.37334,62.426514],[17.834473,62.502734],[17.895605,62.830518],[18.463086,62.89585],[18.606445,63.178271],[19.034375,63.237744],[19.354297,63.47749],[19.72207,63.46333],[20.762695,63.867822],[21.018457,64.177979],[21.465039,64.37959],[21.138184,64.808691],[21.573926,65.125781],[21.565527,65.408105],[22.254004,65.597559],[22.366309,65.842676],[23.102344,65.735352],[24.155469,65.805273],[23.701172,66.480762],[23.988574,66.810547],[23.468066,67.449951],[23.638867,67.954395],[22.782422,68.391016],[21.997461,68.520605],[20.622168,69.036865],[19.968848,68.542041],[19.969824,68.356396],[18.378613,68.562402],[17.916699,67.964893],[17.324609,68.103809],[16.783594,67.89502],[16.585547,67.62832],[16.127441,67.42583],[16.403516,67.05498],[15.422949,66.489844],[15.483789,66.305957],[14.543262,66.129346],[14.635156,65.84502],[14.479688,65.301465],[13.650293,64.581543],[14.077637,64.464014],[13.960547,64.014014],[13.299609,64.074805],[12.6625,63.940479],[12.175195,63.595947],[11.999902,63.291699],[12.218164,63.000635],[12.114551,62.591895],[12.303516,62.285596],[12.155371,61.720752],[12.880762,61.352295],[12.683008,61.046826],[12.294141,61.002686],[12.588672,60.450732],[12.486133,60.106787],[11.932129,59.863672],[11.680762,59.592285],[11.798145,59.289893],[11.388281,59.036523]]]]},"properties":{"name":"Sweden","ISO3166-1-Alpha-3":"SWE","ISO3166-1-Alpha-2":"SE"}},
{"type":"Feature","geometry":{"type":"Polygon","coordinates":[[[31.948242,-25.957617],[31.415137,-25.746582],[31.207324,-25.843359],[30.80332,-26.413477],[30.794336,-26.764258],[31.063379,-27.112305],[31.469531,-27.295508],[31.958398,-27.305859],[32.112891,-26.839453],[31.948242,-25.957617]]]},"properties":{"name":"eSwatini","ISO3166-1-Alpha-3":"SWZ","ISO3166-1-Alpha-2":"SZ"}},
{"type":"Feature","geometry":{"type":"Polygon","coordinates":[[[-54.155957,5.358984],[-54.054199,5.80791],[-54.833691,5.98833],[-55.828174,5.96167],[-55.939551,5.795459],[-56.466016,5.937744],[-56.969824,5.992871],[-57.194775,5.548437],[-57.318555,5.335352],[-57.331006,5.020166],[-57.711084,4.991064],[-57.917041,4.82041],[-57.845996,4.668164],[-58.054492,4.171924],[-57.832666,3.675977],[-57.549609,3.352832],[-57.303662,3.3771],[-57.209814,2.882812],[-56.704346,2.036475],[-56.482812,1.942139],[-56.019922,1.842236],[-55.915332,2.039551],[-56.129395,2.299512],[-55.935937,2.516602],[-55.730566,2.406152],[-55.385352,2.440625],[-55.005811,2.592969],[-54.61626,2.326758],[-54.402002,2.461523],[-54.195508,2.817871],[-54.203125,3.138184],[-53.990479,3.589551],[-54.350732,4.054102],[-54.449609,4.48501],[-54.452197,5.013477],[-54.155957,5.358984]]]},"properties":{"name":"Suriname","ISO3166-1-Alpha-3":"SUR","ISO3166-1-Alpha-2":"SR"}},
{"type":"Feature","geometry":{"type":"Polygon","coordinates":[[[33.976074,4.220215],[35.268359,5.492285],[35.081934,5.673145],[34.710645,6.660303],[34.064258,7.225732],[33.902441,7.509521],[33.666113,7.670996],[33.225977,7.760645],[33.012598,7.951514],[33.234277,8.396387],[33.95332,8.443506],[34.094531,8.582227],[34.078125,9.461523],[33.890918,9.462207],[33.95918,9.845264],[33.892188,10.198975],[33.172168,10.850146],[33.073047,11.591504],[33.199316,12.217285],[32.721875,12.223096],[32.736719,12.009668],[32.072266,12.006738],[32.335352,11.716016],[32.404102,11.057764],[31.933008,10.6625],[31.654883,10.221143],[31.224902,9.799268],[30.739355,9.742676],[30.474609,9.978955],[30.003027,10.277393],[29.605469,10.065088],[29.473145,9.768604],[28.999609,9.610156],[28.844531,9.326074],[28.048926,9.328613],[27.88584,9.599658],[27.074219,9.613818],[26.763184,9.499219],[26.551367,9.52583],[26.169531,9.965918],[25.891504,10.202734],[25.798047,10.420508],[25.066992,10.293799],[25.00293,10.055273],[24.785254,9.774658],[24.531934,8.886914],[24.147363,8.665625],[24.291406,8.291406],[24.85332,8.137549],[25.247363,7.724561],[25.190137,7.519336],[25.380664,7.333398],[25.888965,7.064941],[26.361816,6.635303],[26.308594,6.455322],[26.514258,6.069238],[27.083398,5.776855],[27.213379,5.618799],[27.256738,5.289648],[27.40332,5.10918],[27.788086,4.644678],[28.19209,4.350244],[28.427539,4.32417],[28.727051,4.50498],[29.151465,4.388184],[29.469629,4.611816],[29.676855,4.586914],[30.194922,3.981934],[30.508301,3.835693],[30.559375,3.652783],[30.838574,3.490723],[31.152344,3.785596],[31.47998,3.680469],[31.798047,3.802637],[32.099414,3.529199],[32.335742,3.706201],[32.838086,3.798486],[33.489355,3.755078],[33.976074,4.220215]]]},"properties":{"name":"S. Sudan","ISO3166-1-Alpha-3":"SSD","ISO3166-1-Alpha-2":"SS"}},
{"type":"Feature","geometry":{"type":"Polygon","coordinates":[[[34.078125,9.461523],[34.291504,10.124756],[34.275684,10.528125],[34.571875,10.880176],[34.771289,10.746191],[34.931445,10.864795],[34.960742,11.276758],[35.112305,11.816553],[35.252441,11.957031],[35.596094,12.537305],[35.820605,12.684863],[36.10752,12.726465],[36.212207,13.271094],[36.390625,13.626074],[36.524316,14.256836],[36.426758,15.13208],[36.521777,15.250146],[36.91377,16.296191],[36.887793,16.624658],[37.008984,17.058887],[37.411035,17.061719],[37.510156,17.288135],[37.782422,17.458008],[38.253516,17.584766],[38.609473,18.005078],[38.201758,18.249414],[37.921875,18.555908],[37.471289,18.820117],[37.248438,19.581885],[37.193164,20.120703],[37.227539,20.556738],[37.150586,21.10376],[37.211719,21.18584],[36.926953,21.586523],[36.871387,21.996729],[34.574609,21.996338],[32.606055,21.995996],[31.434473,21.99585],[29.564551,21.995117],[28.036426,21.995361],[26.126367,21.995654],[24.980273,21.99585],[24.979492,20.002588],[23.980273,19.995947],[23.980273,19.496631],[23.982227,17.266357],[23.983398,15.780176],[23.105176,15.702539],[22.933887,15.533105],[22.932324,15.162109],[22.763281,14.998682],[22.670898,14.722461],[22.381543,14.550488],[22.509961,14.127441],[22.173145,13.910596],[22.107617,13.730322],[22.228125,13.32959],[21.990234,13.113086],[21.825293,12.790527],[22.000684,12.671875],[22.352344,12.660449],[22.556348,11.669531],[22.922656,11.344873],[22.860059,10.919678],[23.312305,10.387939],[23.646289,9.8229],[23.622656,9.340625],[23.468262,9.114746],[23.537305,8.81582],[24.147363,8.665625],[24.531934,8.886914],[24.785254,9.774658],[25.00293,10.055273],[25.066992,10.293799],[25.798047,10.420508],[25.891504,10.202734],[26.169531,9.965918],[26.551367,9.52583],[26.763184,9.499219],[27.074219,9.613818],[27.88584,9.599658],[28.048926,9.328613],[28.844531,9.326074],[28.999609,9.610156],[29.473145,9.768604],[29.605469,10.065088],[30.003027,10.277393],[30.474609,9.978955],[30.739355,9.742676],[31.224902,9.799268],[31.654883,10.221143],[31.933008,10.6625],[32.404102,11.057764],[32.335352,11.716016],[32.072266,12.006738],[32.736719,12.009668],[32.721875,12.223096],[33.199316,12.217285],[33.073047,11.591504],[33.172168,10.850146],[33.892188,10.198975],[33.95918,9.845264],[33.890918,9.462207],[34.078125,9.461523]]]},"properties":{"name":"Sudan","ISO3166-1-Alpha-3":"SDN","ISO3166-1-Alpha-2":"SD"}},
{"type":"Feature","geometry":{"type":"Polygon","coordinates":[[[79.982324,9.812695],[80.118359,9.326855],[79.928906,8.899219],[79.941797,8.691504],[79.808887,8.05],[79.79209,7.585205],[79.859375,6.829297],[80.095313,6.153174],[80.267383,6.009766],[80.724121,5.979053],[81.37998,6.240918],[81.637402,6.425146],[81.861426,6.90127],[81.874121,7.28833],[81.66543,7.782471],[81.435938,8.118896],[81.372852,8.431445],[80.711133,9.366357],[80.252832,9.796338],[79.982324,9.812695]]]},"properties":{"name":"Sri Lanka","ISO3166-1-Alpha-3":"LKA","ISO3166-1-Alpha-2":"LK"}},
{"type":"Feature","geometry":{"type":"MultiPolygon","coordinates":[[[[3.145313,39.790088],[2.784961,39.854834],[2.371289,39.613086],[3.072852,39.30127],[3.461816,39.697754],[3.145313,39.790088]]],[[[-1.794043,43.407324],[-2.337109,43.328027],[-2.875049,43.454443],[-3.045605,43.371582],[-3.604639,43.519482],[-4.523047,43.415723],[-5.66582,43.582471],[-7.261963,43.594629],[-7.698145,43.764551],[-8.256738,43.579883],[-8.537061,43.337061],[-8.873682,43.334424],[-9.178076,43.174023],[-9.235205,42.976904],[-8.987793,42.585645],[-8.690918,42.27417],[-8.777148,41.941064],[-8.213086,42.133691],[-7.92085,41.883643],[-7.403613,41.833691],[-7.030469,41.950635],[-6.618262,41.942383],[-6.542187,41.67251],[-6.2125,41.532031],[-6.928467,41.009131],[-6.810156,40.343115],[-7.014697,40.20835],[-6.896094,40.021826],[-7.036719,39.713965],[-7.454102,39.680664],[-7.445117,39.536182],[-7.046045,38.907031],[-7.281543,38.714551],[-7.343018,38.457422],[-7.022852,38.044727],[-7.185449,38.006348],[-7.503516,37.585498],[-7.406152,37.179443],[-6.884619,37.194238],[-6.492432,36.954639],[-6.040674,36.188428],[-5.625488,36.025928],[-5.360937,36.134912],[-5.171484,36.423779],[-4.674121,36.506445],[-4.366846,36.718115],[-3.259131,36.755762],[-2.787549,36.714746],[-2.595703,36.806494],[-2.111523,36.77666],[-1.797607,37.232861],[-1.327539,37.561133],[-0.822168,37.580762],[-0.646777,38.151855],[-0.38125,38.435645],[0.201563,38.75918],[-0.204932,39.062598],[-0.327002,39.519873],[-0.075146,39.875928],[0.363672,40.319043],[0.714648,40.822852],[1.03291,41.062061],[2.082617,41.287402],[2.310938,41.466504],[3.004883,41.767432],[3.248047,41.944238],[3.211426,42.431152],[2.97002,42.467236],[2.567969,42.345801],[2.032715,42.353516],[1.706055,42.50332],[1.48623,42.434473],[1.42832,42.595898],[1.349414,42.690674],[0.696875,42.845117],[0.631641,42.6896],[-0.041162,42.689111],[-0.299316,42.825342],[-1.285449,43.059619],[-1.410693,43.240088],[-1.794043,43.407324]]],[[[-16.334473,28.379932],[-16.905322,28.3396],[-16.658008,28.007178],[-16.418213,28.151416],[-16.334473,28.379932]]],[[[-14.196777,28.169287],[-13.928027,28.253467],[-13.827588,28.585156],[-14.003369,28.706689],[-14.196777,28.169287]]],[[[-15.400586,28.147363],[-15.682764,28.154053],[-15.809473,27.994482],[-15.710303,27.784082],[-15.38916,27.874707],[-15.400586,28.147363]]]]},"properties":{"name":"Spain","ISO3166-1-Alpha-3":"ESP","ISO3166-1-Alpha-2":"ES"}},
{"type":"Feature","geometry":{"type":"MultiPolygon","coordinates":[[[[126.633887,37.781836],[126.563379,37.716504],[126.746387,37.193555],[126.577734,37.01958],[126.217188,36.870947],[126.548242,36.477637],[126.54043,36.166162],[126.717383,35.768848],[126.291113,35.15415],[126.397852,34.932812],[126.508301,34.350635],[127.030762,34.606885],[127.324609,34.463281],[127.389648,34.743018],[127.714844,34.954687],[128.443945,34.870361],[128.510938,35.100977],[128.980078,35.101514],[129.21416,35.181836],[129.419141,35.497852],[129.561719,35.947656],[129.403516,36.052148],[129.473438,36.741895],[129.335156,37.274561],[128.618848,38.176074],[128.374609,38.623437],[128.038965,38.308545],[127.169531,38.304541],[126.666797,37.917187],[126.633887,37.781836]]],[[[126.326953,33.223633],[126.872852,33.341162],[126.695508,33.549316],[126.337695,33.4604],[126.326953,33.223633]]]]},"properties":{"name":"South Korea","ISO3166-1-Alpha-3":"KOR","ISO3166-1-Alpha-2":"KR"}},
{"type":"Feature","geometry":{"type":"Polygon","coordinates":[[[29.364844,-22.193945],[29.129883,-22.213281],[28.839844,-22.480859],[28.210156,-22.693652],[27.890527,-23.073926],[27.146387,-23.524414],[26.987012,-23.70459],[26.835059,-24.24082],[26.397168,-24.613574],[25.912109,-24.747461],[25.583789,-25.60625],[25.443652,-25.714453],[24.748145,-25.817383],[23.89375,-25.600879],[23.521484,-25.344434],[23.266016,-25.266602],[22.878809,-25.45791],[22.640234,-26.071191],[22.217578,-26.388867],[22.090918,-26.580176],[21.646289,-26.854199],[20.739844,-26.848828],[20.626758,-26.443848],[20.815039,-26.164941],[20.793164,-25.915625],[20.345215,-25.029883],[19.980469,-24.776758],[19.980469,-26.531152],[19.980469,-28.45127],[19.671484,-28.503906],[19.026074,-28.92793],[18.600391,-28.855273],[18.31084,-28.88623],[17.447949,-28.698145],[17.385742,-28.353223],[17.05625,-28.031055],[16.933301,-28.069629],[16.755762,-28.452148],[16.447559,-28.617578],[16.739453,-29.009375],[16.95,-29.403418],[17.189063,-30.099805],[17.677441,-31.019043],[18.21084,-31.74248],[18.310742,-32.122461],[18.250879,-32.652148],[17.851074,-32.827441],[17.878223,-32.961523],[18.433008,-33.717285],[18.354395,-33.939063],[18.808789,-34.108203],[18.831348,-34.364063],[19.09834,-34.350098],[19.634961,-34.75332],[20.020605,-34.785742],[20.529883,-34.463086],[21.060156,-34.364648],[21.788965,-34.372656],[22.245508,-34.069141],[22.553809,-34.010059],[23.268164,-34.081152],[23.585547,-33.985156],[24.827148,-34.168945],[25.00293,-33.973633],[25.638184,-34.011133],[25.652441,-33.849609],[25.989551,-33.711328],[26.429492,-33.75957],[27.077441,-33.521191],[27.860645,-33.053906],[28.855957,-32.294238],[29.127832,-32.003125],[29.735156,-31.47041],[29.971191,-31.32207],[30.288672,-30.970117],[31.02334,-29.900879],[31.335156,-29.378125],[31.778223,-28.937109],[32.285742,-28.621484],[32.534766,-28.199707],[32.657031,-27.607324],[32.886133,-26.849316],[32.112891,-26.839453],[31.958398,-27.305859],[31.469531,-27.295508],[31.063379,-27.112305],[30.794336,-26.764258],[30.80332,-26.413477],[31.207324,-25.843359],[31.415137,-25.746582],[31.948242,-25.957617],[31.98457,-25.631934],[31.98584,-24.460645],[31.799609,-23.892188],[31.545605,-23.482324],[31.531738,-23.279492],[31.287891,-22.402051],[31.073438,-22.307813],[30.460156,-22.329004],[29.663086,-22.146289],[29.364844,-22.193945]],[[28.736914,-30.101953],[28.39209,-30.147559],[28.018164,-30.642285],[27.753125,-30.6],[27.388477,-30.315918],[27.051758,-29.664062],[27.294531,-29.519336],[27.735547,-28.940039],[28.232617,-28.70127],[28.625781,-28.581738],[28.953711,-28.881445],[29.301367,-29.089844],[29.390723,-29.269727],[29.098047,-29.919043],[28.736914,-30.101953]]]},"properties":{"name":"South Africa","ISO3166-1-Alpha-3":"ZAF","ISO3166-1-Alpha-2":"ZA"}},
{"type":"Feature","geometry":{"type":"Polygon","coordinates":[[[41.532715,-1.695312],[41.979883,-0.973047],[42.560742,-0.321484],[43.467676,0.621631],[44.332715,1.390967],[44.920215,1.810156],[45.82627,2.309863],[46.051172,2.475146],[46.878809,3.285645],[47.975293,4.497021],[48.233984,4.952686],[48.649023,5.494385],[49.049316,6.173633],[49.092676,6.407861],[49.348535,6.990527],[49.76123,7.659521],[49.852051,7.962549],[50.102832,8.199805],[50.429785,8.845264],[50.825,9.428174],[50.898438,10.253125],[51.140625,10.656885],[51.084277,11.335645],[51.254883,11.830713],[50.792285,11.983691],[50.110059,11.529297],[49.64209,11.450928],[48.938574,11.258447],[48.938086,9.451758],[47.978223,7.99707],[46.971191,7.026025],[45.934961,5.997217],[44.940527,4.912012],[44.028125,4.950977],[43.538281,4.840332],[43.016016,4.56333],[42.791602,4.291992],[42.024121,4.137939],[41.883984,3.977734],[41.341797,3.20166],[40.964453,2.814648],[40.97002,1.378174],[40.978711,-0.870313],[41.521875,-1.572266],[41.532715,-1.695312]]]},"properties":{"name":"Somalia","ISO3166-1-Alpha-3":"SOM","ISO3166-1-Alpha-2":"SO"}},
{"type":"Feature","geometry":{"type":"Polygon","coordinates":[[[48.938574,11.258447],[48.674414,11.322656],[48.019238,11.139355],[47.40498,11.174023],[46.565039,10.745996],[45.816699,10.835889],[44.942969,10.436719],[44.386523,10.430225],[43.852734,10.784277],[43.441211,11.346436],[43.245996,11.499805],[42.922754,10.999316],[42.65957,10.621387],[42.841602,10.203076],[43.181641,9.87998],[43.48252,9.379492],[43.620508,9.337402],[44.022852,8.986035],[44.893555,8.700195],[46.978223,7.99707],[47.978223,7.99707],[48.938086,9.451758],[48.938574,11.258447]]]},"properties":{"name":"Somaliland","ISO3166-1-Alpha-3":null,"ISO3166-1-Alpha-2":null}},
{"type":"Feature","geometry":{"type":"MultiPolygon","coordinates":[[[[160.57627,-11.797852],[160.077344,-11.492871],[160.003516,-11.57959],[160.57627,-11.797852]]],[[[157.763477,-8.242188],[157.433398,-7.984668],[157.351367,-8.275293],[157.587891,-8.44541],[157.763477,-8.242188]]],[[[159.750391,-9.272656],[159.621875,-9.532129],[159.853711,-9.791504],[160.321094,-9.821289],[160.649219,-9.928613],[160.818945,-9.862793],[160.625488,-9.588867],[160.35459,-9.421582],[159.970605,-9.433301],[159.750391,-9.272656]]],[[[159.879102,-8.534277],[159.843066,-8.326953],[159.431445,-8.029004],[159.109375,-7.903516],[158.734375,-7.604297],[158.596973,-7.759082],[158.944043,-8.040723],[159.644531,-8.37168],[159.879102,-8.534277]]],[[[157.486719,-7.330371],[157.148438,-7.11377],[157.030273,-6.891992],[156.695801,-6.910938],[157.101562,-7.323633],[157.486719,-7.330371]]],[[[160.749414,-8.313965],[160.59043,-8.372754],[160.873438,-9.156836],[161.258496,-9.316895],[161.158691,-8.961816],[160.944336,-8.799023],[160.997656,-8.612012],[160.749414,-8.313965]]],[[[161.715332,-10.387305],[161.537891,-10.566406],[162.123633,-10.824414],[162.287207,-10.709961],[162.105371,-10.453809],[161.715332,-10.387305]]]]},"properties":{"name":"Solomon Is.","ISO3166-1-Alpha-3":"SLB","ISO3166-1-Alpha-2":"SB"}},
{"type":"Feature","geometry":{"type":"Polygon","coordinates":[[[22.538672,49.072705],[22.020117,49.209521],[21.639648,49.411963],[20.616113,49.391699],[19.802246,49.192334],[19.441602,49.597705],[19.149414,49.4],[18.832227,49.510791],[18.160938,49.257373],[18.085938,49.065137],[17.758496,48.888135],[17.188477,48.860937],[16.953125,48.598828],[16.86543,48.386914],[17.147363,48.005957],[17.761914,47.770166],[18.724219,47.787158],[18.91416,48.05083],[19.898633,48.131348],[20.333789,48.295557],[20.490039,48.526904],[21.451367,48.552246],[21.766992,48.338086],[22.131836,48.405322],[22.538672,49.072705]]]},"properties":{"name":"Slovakia","ISO3166-1-Alpha-3":"SVK","ISO3166-1-Alpha-2":"SK"}},
{"type":"Feature","geometry":{"type":"Polygon","coordinates":[[[16.516211,46.499902],[16.283594,46.857275],[16.093066,46.863281],[15.957617,46.677637],[15.000684,46.625977],[14.503516,46.417041],[13.7,46.520264],[13.399512,46.317529],[13.719824,45.587598],[13.57793,45.516895],[13.878711,45.428369],[14.733594,45.508496],[15.339453,45.467041],[15.277051,45.732617],[15.624805,45.834033],[15.635938,46.200732],[16.516211,46.499902]]]},"properties":{"name":"Slovenia","ISO3166-1-Alpha-3":"SVN","ISO3166-1-Alpha-2":"SI"}},
{"type":"Feature","geometry":{"type":"Polygon","coordinates":[[[103.969727,1.331445],[103.817969,1.44707],[103.650195,1.325537],[103.819922,1.265381],[103.969727,1.331445]]]},"properties":{"name":"Singapore","ISO3166-1-Alpha-3":"SGP","ISO3166-1-Alpha-2":"SG"}},
{"type":"Feature","geometry":{"type":"Polygon","coordinates":[[[-10.283203,8.485156],[-10.557715,8.315674],[-10.500537,8.687549],[-10.690527,9.314258],[-11.205664,9.977734],[-11.911084,9.993018],[-12.142334,9.875391],[-12.501465,9.862158],[-12.755859,9.373584],[-13.028027,9.103564],[-13.292676,9.049219],[-13.153711,8.897705],[-13.228418,8.695898],[-12.956934,8.145312],[-12.880957,7.856641],[-12.510449,7.665723],[-12.485645,7.386279],[-11.733447,7.088574],[-11.50752,6.906543],[-11.267676,7.232617],[-10.647461,7.759375],[-10.57085,8.071143],[-10.389551,8.157617],[-10.283203,8.485156]]]},"properties":{"name":"Sierra Leone","ISO3166-1-Alpha-3":"SLE","ISO3166-1-Alpha-2":"SL"}},
{"type":"Feature","geometry":{"type":"Polygon","coordinates":[[[55.540332,-4.693066],[55.455762,-4.558789],[55.383398,-4.609277],[55.540332,-4.693066]]]},"properties":{"name":"Seychelles","ISO3166-1-Alpha-3":"SYC","ISO3166-1-Alpha-2":"SC"}},
{"type":"Feature","geometry":{"type":"Polygon","coordinates":[[[22.705078,44.237793],[22.494531,44.435449],[22.497656,44.70625],[22.093066,44.541943],[21.384375,44.870068],[21.491797,45.122266],[20.774219,45.484424],[20.775,45.749805],[20.241797,46.108594],[19.530762,46.155176],[18.905371,45.931738],[19.055078,45.527246],[19.007129,44.869189],[19.356836,44.858545],[19.151367,44.527344],[19.151855,44.302539],[19.583789,44.043457],[19.257227,43.943311],[19.488184,43.703564],[19.194336,43.533301],[19.551563,43.212256],[19.944043,43.081641],[20.344336,42.82793],[20.624023,43.03418],[21.057031,43.091699],[21.390625,42.751416],[21.75293,42.669824],[21.5625,42.24751],[22.344043,42.313965],[22.523535,42.440967],[22.466797,42.84248],[22.706152,42.883936],[22.976855,43.187988],[22.55459,43.454492],[22.394824,43.706641],[22.420801,44.007422],[22.705078,44.237793]]]},"properties":{"name":"Serbia","ISO3166-1-Alpha-3":"SRB","ISO3166-1-Alpha-2":"RS"}},
{"type":"Feature","geometry":{"type":"Polygon","coordinates":[[[-12.280615,14.809033],[-12.858496,15.242529],[-12.994336,15.504883],[-13.258008,15.700391],[-13.409668,16.05918],[-13.868457,16.148145],[-14.300098,16.580273],[-14.53374,16.655957],[-15.112646,16.644922],[-15.620801,16.506592],[-16.168359,16.54707],[-16.441016,16.204541],[-16.535254,15.838379],[-16.843408,15.293994],[-17.147168,14.922021],[-17.168066,14.640625],[-16.797754,14.093262],[-16.74541,13.84043],[-16.562305,13.587305],[-15.509668,13.58623],[-15.426855,13.727002],[-14.935791,13.785205],[-14.405469,13.503711],[-13.977393,13.543457],[-13.84751,13.335303],[-14.246777,13.23584],[-14.671924,13.351709],[-15.151123,13.556494],[-15.28623,13.395996],[-15.814404,13.325146],[-15.834277,13.156445],[-16.648779,13.15415],[-16.76333,13.06416],[-16.711816,12.354834],[-16.144189,12.457422],[-15.574805,12.490381],[-15.196094,12.679932],[-13.729248,12.673926],[-13.08291,12.633545],[-12.797314,12.451904],[-12.291211,12.328027],[-12.042383,12.398047],[-11.389404,12.404395],[-11.448779,12.531934],[-11.390381,12.941992],[-11.634961,13.369873],[-11.89458,13.444434],[-12.054199,13.633057],[-11.960889,13.875293],[-12.019189,14.206494],[-12.228418,14.458594],[-12.280615,14.809033]]]},"properties":{"name":"Senegal","ISO3166-1-Alpha-3":"SEN","ISO3166-1-Alpha-2":"SN"}},
{"type":"Feature","geometry":{"type":"Polygon","coordinates":[[[51.977637,18.996143],[53.666895,19.559131],[54.977344,19.995947],[55.641016,22.001855],[55.18584,22.704102],[55.104297,22.621484],[53.832129,22.776807],[52.555078,22.932812],[51.592578,24.078857],[51.568359,24.286182],[51.309863,24.340381],[51.267969,24.607227],[50.966016,24.573926],[50.804395,24.789258],[50.55791,25.08667],[50.455176,25.424805],[50.28125,25.566113],[50.031641,26.110986],[50.213867,26.308496],[50.027344,26.526855],[49.986133,26.828906],[49.405273,27.180957],[48.906445,27.629053],[48.44248,28.54292],[47.671289,28.533154],[47.433203,28.989551],[46.531445,29.09624],[46.356445,29.063672],[44.69082,29.202344],[42.857715,30.495215],[42.074414,31.080371],[40.369336,31.938965],[39.14541,32.124512],[38.962305,31.994922],[36.958594,31.491504],[37.980078,30.5],[37.633594,30.313281],[37.469238,29.995068],[36.755273,29.866016],[36.476074,29.495117],[36.01543,29.190479],[34.950781,29.353516],[34.779883,28.507324],[34.616211,28.14834],[35.180469,28.034863],[35.581348,27.432471],[36.249609,26.594775],[36.51875,26.104883],[36.675195,26.038867],[36.762695,25.751318],[37.148828,25.291113],[37.266309,24.960059],[37.180859,24.82002],[37.543066,24.29165],[37.919727,24.1854],[38.46416,23.711865],[38.941113,22.881836],[39.095898,22.392773],[38.987891,21.881738],[39.14707,21.518994],[39.093555,21.310352],[39.276074,20.973975],[39.613672,20.517676],[39.884082,20.292969],[40.080664,20.265918],[40.75918,19.755469],[41.116016,19.082178],[41.229492,18.678418],[41.431738,18.452441],[41.75,17.885742],[42.293945,17.434961],[42.383301,17.122461],[42.698828,16.736963],[42.799316,16.371777],[43.165039,16.689404],[43.116504,16.941992],[43.190918,17.359375],[43.417969,17.51626],[43.916992,17.324707],[44.155957,17.398535],[45.148047,17.427441],[45.406543,17.319775],[46.310352,17.231299],[46.682031,17.268555],[46.975684,16.953467],[47.441797,17.111865],[47.57959,17.44834],[48.172168,18.156934],[49.041992,18.581787],[50.355273,18.777783],[51.977637,18.996143]]]},"properties":{"name":"Saudi Arabia","ISO3166-1-Alpha-3":"SAU","ISO3166-1-Alpha-2":"SA"}},
{"type":"Feature","geometry":{"type":"Polygon","coordinates":[[[6.659961,0.120654],[6.75,0.243457],[6.686914,0.404395],[6.524316,0.340283],[6.659961,0.120654]]]},"properties":{"name":"São Tomé and Principe","ISO3166-1-Alpha-3":"STP","ISO3166-1-Alpha-2":"ST"}},
{"type":"Feature","geometry":{"type":"Polygon","coordinates":[[[12.485254,43.901416],[12.514648,43.952979],[12.441113,43.982422],[12.396875,43.93457],[12.485254,43.901416]]]},"properties":{"name":"San Marino","ISO3166-1-Alpha-3":"SMR","ISO3166-1-Alpha-2":"SM"}},
{"type":"Feature","geometry":{"type":"Polygon","coordinates":[[[-172.333496,-13.465234],[-172.744092,-13.578711],[-172.535693,-13.791699],[-172.224951,-13.804297],[-172.333496,-13.465234]]]},"properties":{"name":"Samoa","ISO3166-1-Alpha-3":"WSM","ISO3166-1-Alpha-2":"WS"}},
{"type":"Feature","geometry":{"type":"Polygon","coordinates":[[[-61.174512,13.158105],[-61.124023,13.294043],[-61.182129,13.355957],[-61.277295,13.20957],[-61.174512,13.158105]]]},"properties":{"name":"St. Vin. and Gren.","ISO3166-1-Alpha-3":"VCT","ISO3166-1-Alpha-2":"VC"}},
{"type":"Feature","geometry":{"type":"Polygon","coordinates":[[[-60.895215,13.821973],[-60.886768,14.011133],[-61.063574,13.915576],[-60.895215,13.821973]]]},"properties":{"name":"Saint Lucia","ISO3166-1-Alpha-3":"LCA","ISO3166-1-Alpha-2":"LC"}},
{"type":"Feature","geometry":{"type":"Polygon","coordinates":[[[-62.630664,17.23999],[-62.713721,17.353271],[-62.794629,17.402588],[-62.838916,17.339258],[-62.630664,17.23999]]]},"properties":{"name":"St. Kitts and Nevis","ISO3166-1-Alpha-3":"KNA","ISO3166-1-Alpha-2":"KN"}},
{"type":"Feature","geometry":{"type":"Polygon","coordinates":[[[29.576953,-1.387891],[29.35166,-1.517578],[29.129395,-1.860254],[29.106445,-2.233203],[28.876367,-2.400293],[29.014355,-2.720215],[29.29707,-2.673047],[29.390234,-2.808594],[29.868164,-2.716406],[29.930176,-2.339551],[30.142285,-2.413965],[30.408496,-2.312988],[30.553613,-2.400098],[30.828711,-2.338477],[30.812598,-1.563086],[30.509961,-1.067285],[30.360254,-1.074609],[30.101562,-1.368652],[29.576953,-1.387891]]]},"properties":{"name":"Rwanda","ISO3166-1-Alpha-3":"RWA","ISO3166-1-Alpha-2":"RW"}},
{"type":"Feature","geometry":{"type":"MultiPolygon","coordinates":[[[[-179.798535,68.94043],[-179.999951,68.983447],[-180,68.738672],[-180,68.493896],[-180,68.249121],[-180,68.004395],[-180,67.759619],[-180,67.514844],[-180,67.270117],[-180,67.025342],[-180,66.780566],[-180,66.53584],[-180,66.291064],[-180,66.046289],[-180,65.801563],[-180,65.556787],[-180,65.311963],[-180,65.067236],[-179.3521,65.516748],[-179.72832,65.803809],[-179.616162,66.127881],[-178.915527,66.179932],[-178.879346,65.936475],[-178.310205,65.484863],[-177.48877,65.503711],[-177.05625,65.613623],[-176.093262,65.471045],[-175.853857,65.01084],[-175.395117,64.802393],[-174.318018,64.637646],[-173.729736,64.364502],[-173.009131,64.297461],[-172.487402,64.544189],[-172.924023,64.704932],[-172.213184,65.048145],[-172.211572,65.425195],[-170.666309,65.621533],[-170.191943,66.20127],[-171.360498,66.676758],[-171.795557,66.931738],[-172.640576,66.925],[-173.679688,67.144775],[-174.447607,67.103125],[-174.005518,66.778613],[-174.771191,66.784326],[-175.345215,67.678076],[-177.40752,68.245166],[-178.873877,68.754102],[-179.798535,68.94043]]],[[[130.687305,42.302539],[130.83418,42.522949],[131.158301,42.626025],[131.72207,43.202637],[132.028711,43.118945],[132.303809,42.883301],[132.708984,42.87583],[133.159961,42.696973],[133.709375,42.829932],[135.131055,43.525732],[135.483398,43.83501],[135.874609,44.373535],[136.142285,44.489111],[136.803516,45.171143],[137.685449,45.818359],[138.336914,46.543408],[138.586816,47.057227],[139.001367,47.383301],[139.372656,47.887354],[139.998438,48.323779],[140.170605,48.523682],[140.517188,49.596143],[140.476367,50.545996],[140.687695,51.232275],[140.932617,51.619922],[141.366895,51.920654],[141.485254,52.178516],[141.169824,52.368408],[141.402051,53.183984],[141.005664,53.49458],[140.34707,53.812598],[140.178711,54.051562],[139.707422,54.277148],[139.319727,54.192969],[138.695703,54.32002],[138.660742,53.744775],[138.292188,53.592432],[137.32832,53.538965],[137.644824,53.86582],[137.377734,54.282324],[137.155371,53.82168],[136.683008,53.931299],[136.797266,54.620996],[135.851562,54.583936],[135.257715,54.731494],[135.2625,54.943311],[136.175195,55.352246],[137.691504,56.139355],[138.662109,56.965527],[139.443848,57.329687],[140.002344,57.6875],[140.446875,57.813672],[140.684961,58.212158],[141.754688,58.745264],[142.025391,58.999658],[142.580273,59.240137],[143.192188,59.370117],[145.55459,59.413525],[145.931641,59.198389],[146.444336,59.430469],[147.514453,59.268555],[147.874609,59.388037],[149.20498,59.488184],[149.065234,59.630518],[149.642578,59.77041],[150.457227,59.590723],[151.485742,59.524121],[151.990039,59.160059],[151.121094,59.08252],[151.326758,58.875098],[152.087891,58.910449],[152.400684,59.026416],[152.882227,58.939062],[153.361133,59.214795],[154.010938,59.075537],[154.458008,59.216553],[155.160449,59.190137],[155.166699,59.360156],[154.58252,59.540088],[154.149805,59.528516],[154.293066,59.83335],[154.970801,60.37666],[155.85332,60.777148],[156.055957,60.995605],[156.629688,61.272461],[156.680273,61.480615],[157.469336,61.798926],[158.070117,61.753613],[159.07666,61.922266],[159.552344,61.719482],[160.317383,61.793359],[159.883105,61.291797],[160.378906,61.025488],[160.225781,60.831543],[160.766602,60.75332],[161.037109,60.962891],[162.392578,61.662109],[163.085254,61.570557],[163.009277,61.791504],[163.331738,62.550928],[164.255664,62.696582],[164.59834,62.470557],[164.207227,62.292236],[164.005469,61.343799],[163.619629,61.111328],[163.709961,60.916797],[162.973145,60.78291],[162.003613,60.420166],[161.753516,60.152295],[160.855273,59.626855],[160.547461,59.547363],[159.847363,59.127148],[159.591504,58.803662],[159.036914,58.423926],[158.210449,58.025293],[157.666406,58.019775],[157.450391,57.799268],[156.791602,57.747949],[156.976758,57.466309],[156.728418,57.152246],[155.98252,56.695215],[155.716602,56.072217],[155.554883,55.348486],[155.620313,54.864551],[155.904883,53.928125],[156.098828,53.006494],[156.364746,52.509375],[156.489844,51.913037],[156.500391,51.475098],[156.747754,50.969287],[157.202246,51.212744],[158.103516,51.809619],[158.463477,52.30498],[158.608789,52.873633],[159.897656,53.380762],[159.84375,53.783643],[160.074414,54.18916],[160.772656,54.541357],[161.725684,54.532959],[162.105566,54.752148],[161.729395,55.358008],[161.775586,55.654834],[162.084961,56.089648],[162.528223,56.260693],[163.047363,56.044678],[163.335547,56.23252],[163.256543,56.688037],[162.802637,56.811475],[162.779297,57.357617],[163.213867,57.686816],[162.718359,57.946094],[162.466992,57.766211],[161.960059,58.076904],[162.141602,58.447412],[163.004297,59.020166],[163.272852,59.302588],[163.409961,59.834961],[163.780078,60.041113],[164.376855,60.058057],[165.018945,59.860742],[165.08457,60.098584],[166.352148,60.484814],[166.136035,59.979346],[166.331836,59.872412],[166.964063,60.307031],[168.1375,60.573926],[169.226758,60.595947],[169.618359,60.438037],[169.982617,60.06709],[170.350977,59.965527],[170.608203,60.434912],[170.949316,60.522949],[172.392773,61.061768],[172.856543,61.469189],[173.131836,61.406641],[173.623438,61.716064],[174.514355,61.823633],[175.267871,62.102393],[176.328418,62.346045],[176.702539,62.505762],[177.35127,62.587451],[178.019238,62.546973],[179.120703,62.320361],[179.570508,62.6875],[179.25957,63.008301],[179.332324,63.190186],[178.706445,63.521533],[178.650293,63.965283],[178.381445,64.260889],[177.95332,64.222266],[177.43291,64.444482],[177.467188,64.736816],[176.730957,64.624854],[176.246973,64.843018],[177.222852,64.86167],[178.519531,64.602979],[179.448242,64.822021],[180,65.067236],[180,68.983447],[178.84834,69.387207],[176.924414,69.645996],[176.10752,69.860303],[173.948047,69.874121],[173.277441,69.823828],[172.55957,69.968359],[170.486816,70.107568],[170.582227,69.58335],[170.99541,69.045312],[170.537598,68.825391],[169.609863,68.786035],[169.310645,69.079541],[168.303027,69.271484],[168.15,69.577393],[167.628125,69.740332],[166.820312,69.499561],[164.513281,69.609131],[164.15957,69.719287],[162.375684,69.649072],[161.536914,69.379541],[160.910742,69.606348],[159.83252,69.784961],[160.006445,70.309668],[159.350684,70.790723],[158.037012,71.039258],[155.895215,71.095508],[153.794141,70.87998],[152.508789,70.834473],[151.582422,71.286963],[150.599805,71.520117],[148.92334,71.714648],[149.881055,71.843018],[149.501563,72.164307],[148.402051,72.311963],[146.594141,72.302441],[145.485742,72.54209],[143.51582,72.698242],[142.061426,72.720801],[140.808203,72.890967],[141.079297,72.586914],[139.601172,72.496094],[139.14082,72.329736],[139.84707,72.148584],[139.695117,71.700439],[139.98418,71.491504],[138.118457,71.566162],[137.31543,71.359424],[135.884766,71.630566],[134.102832,71.378955],[133.426172,71.490967],[132.562305,71.895313],[131.562012,70.901025],[131.157422,70.742188],[129.761914,71.119531],[128.358789,72.08833],[129.283496,72.092041],[129.411719,72.315479],[128.888672,73.190234],[127.740332,73.481543],[127.031348,73.547461],[125.61709,73.520605],[124.388086,73.754834],[123.305078,73.53291],[123.622266,73.193262],[123.160352,72.954883],[119.750391,72.979102],[118.430273,73.246533],[118.450195,73.589795],[117.308594,73.59917],[115.337695,73.702588],[114.060547,73.584668],[112.79541,73.746094],[112.147266,73.708936],[110.261426,74.017432],[109.752734,73.722559],[109.855273,73.472461],[107.750391,73.173145],[106.47793,73.139404],[107.271094,73.621045],[108.199512,73.694092],[109.840332,74.321973],[111.868262,74.740039],[112.924902,75.015039],[113.613574,75.292969],[113.870996,75.856006],[112.619531,76.383545],[111.114844,76.723047],[108.02793,76.718457],[107.624219,76.510107],[106.63877,76.573389],[107.429785,76.926563],[105.712012,77.001465],[104.911914,77.174707],[105.894531,77.488867],[104.014551,77.73042],[103.131445,77.626465],[100.989941,76.990479],[101.099316,76.704004],[100.322363,76.47915],[98.805664,76.480664],[98.662012,76.242676],[96.879199,75.931055],[95.919922,76.113135],[94.575586,76.151758],[93.549805,75.854102],[91.479492,75.649658],[90.184961,75.591064],[87.671387,75.12959],[86.651465,74.682422],[86.591406,73.894287],[83.544727,73.666504],[81.816992,73.658838],[80.583203,73.568457],[80.509668,73.086084],[80.841602,72.94917],[80.827051,72.488281],[82.183594,72.237549],[82.64541,71.925244],[83.200293,71.874707],[83.571289,71.594385],[83.15127,71.103613],[83.735938,70.546484],[83.030176,70.580518],[82.869141,70.954834],[82.322852,71.26001],[82.917969,71.419922],[82.986133,71.748682],[81.51123,71.746143],[80.7625,72.08916],[79.42207,72.380762],[78.482617,72.394971],[77.471582,72.192139],[78.232422,71.952295],[77.550781,71.84209],[76.871387,72.033008],[76.032422,71.9104],[76.312109,71.595459],[77.481055,71.311572],[77.589648,71.16792],[76.110449,71.218555],[75.332031,71.341748],[75.503223,71.654639],[75.247461,71.813379],[75.741406,72.29624],[75.369336,72.796631],[74.786816,72.811865],[75.09707,72.420654],[74.992188,72.144824],[73.671777,71.845068],[73.08623,71.444922],[73.507227,71.263525],[74.310938,70.653613],[73.830176,70.175684],[73.560156,69.707227],[73.890918,69.417969],[73.775684,69.198242],[74.814844,69.090576],[75.42002,69.238623],[76.000977,69.235059],[77.650684,68.903027],[77.995117,68.259473],[77.174414,67.778516],[77.238477,68.46958],[76.45918,68.978271],[74.57959,68.751221],[74.391406,68.420605],[74.742676,68.073535],[74.769531,67.766357],[74.074512,67.414111],[73.79209,66.995312],[72.417383,66.560791],[71.916992,66.246729],[71.145508,66.36665],[70.339453,66.342383],[69.194336,66.578662],[69.013477,66.78833],[69.877148,66.845459],[70.382812,66.60249],[70.939453,66.548145],[71.551172,66.760449],[72.594336,67.586963],[73.152148,67.865039],[73.139453,68.181348],[73.548047,68.574512],[72.811914,68.815234],[72.527344,69.080518],[72.615625,69.484033],[72.529688,70.17251],[72.731641,70.822852],[72.581348,71.151123],[72.079297,71.306689],[71.912012,71.547949],[72.624414,72.079443],[72.812109,72.691406],[71.500195,72.913672],[69.645117,72.897559],[69.039062,72.669922],[68.269238,71.682812],[66.917578,71.282373],[66.666113,70.900586],[67.284766,70.738721],[67.146484,70.219922],[66.926367,70.014258],[67.064453,69.693701],[68.005859,69.480029],[68.542773,68.96709],[69.140527,68.950635],[68.504199,68.348438],[67.730762,68.513672],[67.002441,68.873584],[66.416113,68.947852],[65.031543,69.269824],[64.19043,69.534668],[63.361426,69.675293],[61.770508,69.763037],[61.015918,69.851465],[60.170605,69.590918],[60.933594,68.986768],[60.48916,68.728955],[59.895996,68.706348],[59.897363,68.421924],[59.099023,68.444336],[59.370508,68.738379],[58.918945,69.003809],[58.173047,68.889746],[57.126855,68.554004],[56.043652,68.648877],[55.418066,68.567822],[54.56123,68.273047],[53.967871,68.227344],[53.758887,68.633984],[53.801953,68.995898],[52.683594,68.731201],[52.550098,68.592432],[50.838867,68.349951],[48.87793,67.731348],[47.874707,67.58418],[47.709082,67.04502],[46.69082,66.825537],[45.986035,66.853125],[45.562207,67.185596],[44.939453,67.477441],[45.528711,67.757568],[46.69043,67.848828],[46.683594,67.970459],[45.891992,68.479687],[45.078125,68.578174],[44.048047,68.548828],[44.225391,67.995605],[43.782422,67.254492],[44.291797,67.099658],[44.488672,66.671777],[44.097168,66.235059],[43.233203,66.415527],[42.210547,66.519678],[41.475781,66.123437],[40.691602,65.963428],[39.816504,65.597949],[39.798047,65.349854],[40.28125,64.998096],[39.758008,64.577051],[38.009375,64.87876],[37.528125,65.108252],[36.882812,65.172363],[36.528223,64.847363],[37.183691,64.408496],[37.953711,64.320117],[38.070801,64.02583],[37.442188,63.813379],[36.364941,64.002832],[35.64707,64.37832],[34.869531,64.56001],[34.803516,64.985986],[34.406445,65.395752],[34.786328,65.864551],[34.399805,66.128418],[33.566699,66.320996],[32.463672,66.916309],[32.847559,67.021533],[33.482031,66.764551],[34.824609,66.611133],[35.513477,66.395801],[37.294824,66.225049],[38.397559,66.064453],[39.289062,66.132031],[40.521582,66.446631],[41.188965,66.826172],[40.966406,67.713477],[40.380664,67.831885],[38.831543,68.324902],[38.430176,68.355615],[37.730566,68.692139],[35.85791,69.191748],[33.684375,69.310254],[33.454297,69.428174],[32.377734,69.479102],[32.941699,69.751855],[31.98457,69.953662],[31.452734,69.6896],[30.869727,69.783447],[30.227539,69.633789],[29.994043,69.39248],[29.388281,69.298145],[28.96582,69.021973],[28.470703,68.488379],[28.685156,68.189795],[29.343848,68.061865],[29.979199,67.688574],[29.941211,67.547461],[29.087012,66.970947],[29.093066,66.849219],[29.903418,66.091064],[30.095313,65.681689],[29.715918,65.624561],[29.604199,64.968408],[30.072852,64.765039],[30.108105,64.366113],[30.487891,64.236523],[30.503906,64.020605],[30.055371,63.689014],[31.180859,63.208301],[31.533984,62.8854],[31.285645,62.567822],[29.690137,61.546094],[27.797656,60.536133],[28.650586,60.610986],[28.643164,60.375293],[29.069141,60.191455],[29.721191,60.195312],[30.122559,59.873584],[29.147266,59.999756],[28.947266,59.82876],[28.013965,59.724756],[28.0125,59.484277],[27.757617,59.052002],[27.464453,58.841309],[27.487793,58.270068],[27.752832,57.841016],[27.351953,57.528125],[27.796875,57.316943],[27.806055,56.86709],[28.103125,56.545703],[28.147949,56.14292],[28.794727,55.942578],[29.375,55.938721],[29.482227,55.68457],[30.233594,55.845215],[30.906836,55.57002],[30.814453,55.278711],[30.977734,55.050488],[30.798828,54.783252],[31.121289,54.648486],[31.403613,54.195947],[31.791992,54.055908],[31.754199,53.810449],[32.200391,53.78125],[32.704297,53.336328],[32.141992,53.091162],[31.417871,53.196045],[31.258789,53.016699],[31.535156,52.798242],[31.577344,52.312305],[31.763379,52.101074],[32.282813,52.114014],[32.50791,52.308545],[33.735254,52.344775],[34.397852,51.78042],[34.121094,51.67915],[34.280664,51.31167],[34.712305,51.172217],[35.064063,51.203418],[35.311914,51.043896],[35.411621,50.539697],[36.619434,50.209229],[37.422852,50.411475],[37.704199,50.109082],[38.046875,49.92002],[38.258594,50.052344],[38.918359,49.824707],[39.174805,49.855957],[39.780566,49.572021],[40.030664,49.596729],[40.07002,49.200293],[39.686523,49.00791],[39.961035,48.237939],[39.735938,47.844824],[38.900293,47.855127],[38.287402,47.55918],[38.214355,47.091455],[38.484766,47.175537],[39.293457,47.105762],[37.967969,46.618018],[38.183594,46.094824],[37.933105,46.001709],[37.612402,45.564697],[37.647168,45.377197],[36.941211,45.289697],[36.619141,45.185498],[37.204785,44.971973],[37.411328,44.735352],[37.851465,44.698828],[38.18125,44.419678],[38.717285,44.288086],[39.97832,43.419824],[40.150195,43.569775],[40.648047,43.533887],[41.580566,43.219238],[42.419043,43.224219],[42.991602,43.091504],[43.08916,42.989062],[43.782617,42.747021],[43.957422,42.566553],[44.505859,42.748633],[44.870996,42.756396],[45.34375,42.529785],[45.727539,42.475049],[45.638574,42.205078],[46.429883,41.890967],[46.749316,41.812598],[47.205273,41.455615],[47.261133,41.315088],[47.861133,41.212744],[48.056055,41.458691],[48.391406,41.601904],[48.572852,41.844482],[48.228613,42.180957],[47.463184,43.035059],[47.508984,43.509717],[47.229883,44.192383],[46.753027,44.420654],[46.755273,44.656543],[47.114746,44.905957],[47.524219,45.601709],[48.15918,45.737012],[48.683691,46.086182],[49.232227,46.337158],[48.610156,46.566455],[48.959375,46.774609],[48.552539,47.320996],[48.109961,47.74541],[47.481934,47.803906],[47.093262,47.947705],[47.004297,48.284473],[46.660938,48.412256],[46.702637,48.805566],[47.014258,49.09834],[46.802051,49.36709],[46.991992,49.852734],[47.295215,50.058496],[47.326465,50.273535],[47.705762,50.377979],[48.434277,49.828516],[48.843262,50.013135],[48.700488,50.35376],[48.808398,50.601318],[49.323438,50.851709],[49.498047,51.083594],[50.246875,51.289502],[50.793945,51.729199],[51.609082,51.483984],[52.007129,51.672705],[52.331055,51.681299],[52.571191,51.481641],[53.338086,51.482373],[54.041504,51.115186],[54.421484,50.780322],[54.727148,50.998096],[55.542285,50.601807],[55.797656,50.602051],[56.491406,51.019531],[57.011719,51.065186],[57.442188,50.888867],[57.838867,51.09165],[58.35918,51.063818],[58.883691,50.694434],[59.812402,50.582031],[59.955176,50.799268],[60.637988,50.663721],[61.389453,50.861035],[61.585059,51.229687],[61.363086,51.441895],[60.464746,51.651172],[60.065527,51.976465],[60.937598,52.280566],[60.802344,52.744727],[61.047461,52.972461],[61.974219,52.94375],[62.014648,53.107861],[61.199219,53.287158],[61.247949,53.550977],[60.979492,53.621729],[61.333691,54.049268],[61.928711,53.946484],[63.073926,54.105225],[64.46123,54.38418],[65.157813,54.364404],[65.476953,54.623291],[66.222656,54.667383],[67.693359,54.872412],[68.073828,54.95957],[68.20625,55.160937],[68.977246,55.3896],[69.493262,55.356885],[70.182422,55.162451],[70.738086,55.305176],[71.185547,54.599316],[71.093164,54.212207],[72.004492,54.205664],[72.914062,54.107324],[73.399414,53.811475],[73.285742,53.598389],[74.451953,53.647266],[75.052148,53.826709],[76.266602,54.311963],[76.788965,54.321875],[76.575684,53.942529],[77.704395,53.37915],[78.475488,52.638428],[79.468848,51.493115],[79.98623,50.774561],[80.423633,50.946289],[80.448047,51.18335],[80.877344,51.281445],[81.388281,50.956494],[81.465918,50.739844],[82.493945,50.727588],[82.76084,50.893359],[83.357324,50.99458],[83.945117,50.774658],[84.257812,50.288232],[84.989453,50.061426],[85.210156,49.664844],[86.180859,49.499316],[86.614258,49.609717],[87.322852,49.085791],[87.814258,49.162305],[88.115723,49.256299],[88.192578,49.451709],[88.831641,49.448437],[89.654102,49.71748],[89.643848,49.903027],[91.021582,50.415479],[91.34082,50.470068],[91.804297,50.693604],[92.62666,50.688281],[93.103125,50.603906],[94.251074,50.556396],[94.354688,50.221826],[94.614746,50.02373],[95.522656,49.91123],[95.851953,50.012939],[96.315039,49.901123],[96.985742,49.882812],[97.208594,49.730811],[98.103418,50.077832],[98.279492,50.533252],[98.029785,50.644629],[97.825293,50.985254],[97.946875,51.348437],[98.352734,51.717627],[98.640527,51.801172],[98.848633,52.070068],[99.719238,51.871631],[99.92168,51.755518],[100.53623,51.713477],[101.38125,51.452637],[102.111523,51.353467],[102.288379,50.585107],[102.683301,50.387158],[103.63291,50.138574],[104.179688,50.169434],[104.466309,50.306152],[105.383594,50.47373],[106.217871,50.30459],[106.711133,50.312598],[107.233301,49.989404],[107.947852,49.924707],[108.033789,49.593994],[108.613672,49.322803],[109.236719,49.334912],[110.199902,49.17041],[110.82793,49.166162],[111.336621,49.355859],[112.079688,49.424219],[113.055566,49.61626],[113.16416,49.797168],[114.29707,50.274414],[114.743164,50.233691],[115.274512,49.948877],[115.717773,49.880615],[116.13457,50.010791],[116.683301,49.823779],[117.245605,49.624854],[117.873438,49.513477],[118.451563,49.844482],[119.259863,50.066406],[119.191895,50.379834],[120.066895,51.600684],[120.510547,51.848535],[120.749805,52.096533],[120.656152,52.56665],[120.067578,52.63291],[120.094531,52.787207],[120.704102,53.171826],[122.337793,53.48501],[123.607813,53.546533],[124.812305,53.133838],[124.970898,53.197314],[125.649023,53.042285],[126.048145,52.739453],[126.312891,52.399756],[126.510547,51.92583],[126.805469,51.505664],[126.924805,51.100146],[127.307031,50.707959],[127.306055,50.453516],[127.590234,50.208984],[127.502441,49.873437],[127.999609,49.568604],[128.704004,49.600146],[129.120117,49.362061],[129.498145,49.388818],[130.195996,48.89165],[130.553125,48.861182],[130.552148,48.60249],[130.804297,48.341504],[130.712109,48.127637],[131.002734,47.691455],[131.785254,47.680518],[132.561914,47.768506],[132.707227,47.947266],[133.144043,48.105664],[133.468359,48.097168],[134.293359,48.373437],[134.563574,48.321729],[134.566016,48.02251],[134.752344,47.71543],[134.483496,47.447363],[134.167676,47.302197],[134.202148,47.128076],[133.866602,46.499121],[133.861328,46.247754],[133.513086,45.878809],[133.436426,45.604687],[133.186035,45.494824],[133.113477,45.130713],[132.936035,45.029932],[131.977539,45.243994],[131.851855,45.326855],[131.446875,44.984033],[131.082324,44.91001],[131.060645,44.659668],[131.255273,44.071582],[131.174219,43.704736],[131.261816,43.433057],[131.068555,42.902246],[130.577246,42.811621],[130.526953,42.5354],[130.687305,42.302539]]],[[[47.441992,80.853662],[45.124512,80.652246],[46.141406,80.446729],[47.303906,80.606201],[47.441992,80.853662]]],[[[50.278125,80.927246],[49.244336,80.821387],[49.185254,80.558643],[47.656055,80.500537],[46.644434,80.300342],[47.632422,80.111963],[48.896094,80.369189],[50.96084,80.540479],[51.703613,80.687646],[50.278125,80.927246]]],[[[67.765332,76.237598],[68.899805,76.572949],[68.485742,76.933691],[67.534961,77.007764],[66.062988,76.746094],[65.862891,76.61333],[64.463477,76.378174],[62.971484,76.23667],[61.20166,76.282031],[61.053906,76.119873],[58.88125,75.854785],[57.0875,75.383838],[56.49873,74.95708],[55.582227,74.627686],[54.642676,73.95957],[53.762891,73.766162],[54.299902,73.350977],[55.006836,73.453857],[56.430371,73.297217],[56.963867,73.366553],[58.441406,74.128857],[58.534668,74.498926],[59.240137,74.692969],[60.222461,74.796582],[61.355957,75.314844],[66.282422,75.983691],[67.765332,76.237598]]],[[[55.319824,73.308301],[54.803906,73.387646],[53.753223,73.293262],[53.247266,72.973145],[52.62207,72.300977],[51.58252,72.071191],[51.438672,71.776807],[51.812598,71.491309],[53.363867,71.54165],[53.722363,70.814453],[54.601172,70.680078],[55.687305,70.692188],[57.145898,70.589111],[57.625391,70.728809],[56.894824,70.927002],[56.043164,71.345605],[55.297852,71.935352],[55.518066,72.220654],[55.355957,72.465088],[56.083789,72.789404],[56.42959,73.201172],[55.319824,73.308301]]],[[[96.526563,81.075586],[95.800684,81.280469],[93.065137,80.988477],[93.2625,80.79126],[91.523828,80.358545],[92.201563,80.179297],[93.872363,80.010107],[94.565039,80.126074],[97.175195,80.241016],[97.025391,80.535547],[97.831836,80.798291],[96.526563,81.075586]]],[[[97.674512,80.158252],[94.987305,80.096826],[93.070801,79.495312],[94.21875,79.402344],[94.652344,79.12749],[96.347363,79.015869],[97.555469,78.826562],[99.439551,78.834229],[99.929297,78.961426],[99.680664,79.32334],[100.06123,79.7771],[99.294922,80.016357],[97.674512,80.158252]]],[[[102.884766,79.253955],[101.590625,79.350439],[100.283984,78.679199],[100.018945,78.338916],[99.287109,78.038086],[100.082227,77.975],[101.204102,78.191943],[103.719336,78.258252],[105.312598,78.499902],[105.145996,78.818848],[104.452051,78.880029],[102.884766,79.253955]]],[[[140.04873,75.828955],[138.813965,76.199707],[137.501172,75.909668],[137.289746,75.348633],[137.00625,75.23501],[138.092285,74.797461],[139.099121,74.656543],[139.605859,74.945605],[140.267871,74.846924],[141.987305,74.99126],[142.287402,74.849902],[144.019727,75.044678],[144.883496,75.268945],[145.255273,75.585596],[143.68584,75.863672],[142.460352,75.903613],[141.485449,76.137158],[140.944141,75.700488],[140.04873,75.828955]]],[[[146.795215,75.370752],[146.148535,75.198291],[148.092383,74.825684],[149.596875,74.772607],[150.646289,74.94458],[150.103906,75.219238],[148.475,75.272412],[148.432422,75.413525],[146.795215,75.370752]]],[[[178.861523,70.826416],[180,70.993018],[180,71.537744],[178.891113,71.231104],[178.62832,71.047363],[178.861523,70.826416]]],[[[142.761035,54.393945],[142.334961,54.280713],[142.670215,53.968408],[142.526172,53.447461],[142.141992,53.495605],[141.823535,53.339502],[141.80332,52.555615],[141.66084,52.272949],[141.722363,51.736328],[142.206738,51.222559],[142.071094,50.51499],[142.153125,50.216748],[142.142285,49.569141],[141.866309,48.750098],[142.135352,48.290088],[142.181738,48.013379],[141.964063,47.587451],[142.038672,47.140283],[141.830371,46.451074],[141.961621,46.013477],[142.208594,46.088867],[142.406445,46.554688],[142.578027,46.700781],[143.282324,46.558984],[143.005566,47.222705],[142.556934,47.737891],[142.574219,48.072168],[143.10498,49.198828],[143.732324,49.312012],[144.27207,49.311328],[144.047949,49.895752],[143.816016,50.282617],[143.455469,51.471484],[143.320508,51.583252],[143.155566,52.08374],[143.323633,52.613574],[143.223633,53.296045],[142.917969,53.794238],[142.976172,54.140967],[142.761035,54.393945]]],[[[-178.876465,71.577051],[-179.999951,71.537744],[-179.999951,70.993018],[-179.506689,70.923438],[-177.821777,71.067578],[-177.532178,71.263086],[-178.353564,71.529199],[-178.876465,71.577051]]],[[[50.265234,69.185596],[49.225195,69.51123],[48.631348,69.436035],[48.278809,69.040332],[48.666992,68.733154],[49.62627,68.859717],[50.265234,69.185596]]],[[[63.373828,80.700098],[64.54834,80.75542],[65.382031,81.056738],[63.11582,80.966797],[63.373828,80.700098]]],[[[57.95625,80.123242],[58.480469,80.464746],[57.075,80.493945],[57.95625,80.123242]]],[[[62.167773,80.834766],[59.592285,80.816504],[59.304395,80.521533],[61.05127,80.418604],[62.075781,80.616943],[62.167773,80.834766]]],[[[57.810254,81.546045],[57.091504,81.541211],[55.716699,81.188477],[58.015332,81.254834],[57.810254,81.546045]]],[[[54.718945,81.115967],[54.066602,80.813623],[55.7125,80.637305],[57.694141,80.792285],[56.170117,81.02915],[54.718945,81.115967]]],[[[92.683496,79.685205],[93.803125,79.904541],[92.173438,80.045459],[91.126074,79.904932],[92.683496,79.685205]]],[[[142.184863,73.895898],[141.084766,73.865869],[140.662793,73.452002],[141.59668,73.31084],[143.193262,73.220752],[143.34375,73.56875],[142.184863,73.895898]]],[[[137.940527,55.092627],[137.435547,55.016016],[137.661133,54.653271],[137.991211,54.820703],[137.940527,55.092627]]],[[[169.200781,69.580469],[169.374805,69.882617],[168.35791,70.015674],[167.788867,69.836865],[168.348047,69.664355],[169.200781,69.580469]]],[[[163.635156,58.603369],[164.615723,58.885596],[164.629297,59.112207],[163.760938,59.015039],[163.635156,58.603369]]],[[[155.921094,50.302197],[155.680176,50.400732],[155.218359,50.297852],[155.243066,50.094629],[155.921094,50.302197]]],[[[148.599512,45.317627],[147.769434,45.190723],[147.91377,44.990381],[148.599512,45.317627]]],[[[113.387207,74.400439],[112.084473,74.548975],[111.642969,74.272949],[112.782422,74.095068],[113.387207,74.400439]]],[[[70.673926,73.09502],[71.626172,73.173975],[70.940234,73.514404],[69.995898,73.359375],[69.920117,73.084521],[70.673926,73.09502]]],[[[77.63252,72.29126],[78.365137,72.482422],[77.748535,72.631201],[76.903125,72.365576],[77.63252,72.29126]]],[[[60.450488,69.934863],[59.005273,70.465186],[58.473047,70.266846],[58.952734,69.892773],[59.578223,69.738623],[60.440234,69.725928],[60.450488,69.934863]]],[[[20.957813,55.278906],[20.899805,55.28667],[20.520313,54.994873],[19.974512,54.921191],[19.604395,54.45918],[20.208203,54.420752],[22.766211,54.356787],[22.83125,54.838477],[22.567285,55.059131],[22.072363,55.063672],[21.235742,55.264111],[21.188867,54.935205],[20.594824,54.982373],[20.957813,55.278906]]],[[[33.594141,46.09624],[33.664844,45.94707],[33.142285,45.749219],[32.508008,45.403809],[32.918652,45.348145],[33.555176,45.097656],[33.612207,44.907812],[33.450684,44.553662],[33.909961,44.387598],[34.716895,44.807129],[35.087695,44.802637],[35.472559,45.098486],[35.870117,45.005322],[36.393359,45.065381],[36.575,45.393555],[36.170508,45.453076],[35.558008,45.310889],[35.373926,45.353613],[35.001674,45.733383],[34.686878,45.97695],[33.659965,46.219573],[33.594141,46.09624]]]]},"properties":{"name":"Russia","ISO3166-1-Alpha-3":"RUS","ISO3166-1-Alpha-2":"RU"}},
{"type":"Feature","geometry":{"type":"Polygon","coordinates":[[[28.2125,45.450439],[28.099707,45.972607],[28.244336,46.45127],[28.071777,46.978418],[27.853809,47.114502],[27.336914,47.639746],[26.980762,48.155029],[26.618945,48.259863],[26.305664,48.20376],[26.162695,47.992529],[25.464258,47.910791],[24.893359,47.717773],[24.578906,47.931055],[24.177734,47.906055],[23.202637,48.084521],[22.87666,47.947266],[22.290625,47.727832],[21.999707,47.505029],[21.785449,47.138135],[21.320215,46.607812],[21.151953,46.304346],[20.613672,46.133496],[20.241797,46.108594],[20.775,45.749805],[20.774219,45.484424],[21.491797,45.122266],[21.384375,44.870068],[22.093066,44.541943],[22.497656,44.70625],[22.494531,44.435449],[22.705078,44.237793],[23.224609,43.873877],[24.226758,43.763477],[24.430566,43.794385],[25.49707,43.670801],[26.21582,44.007275],[27.086914,44.167383],[27.425391,44.020508],[27.884277,43.987354],[28.05,43.822412],[28.585352,43.742236],[28.64541,44.295654],[29.048242,44.757568],[29.55752,44.843408],[29.705859,45.259912],[29.223535,45.40293],[28.760742,45.234131],[28.2125,45.450439]]]},"properties":{"name":"Romania","ISO3166-1-Alpha-3":"ROU","ISO3166-1-Alpha-2":"RO"}},
{"type":"Feature","geometry":{"type":"Polygon","coordinates":[[[51.267969,24.607227],[51.42793,24.668262],[51.601953,25.147949],[51.485352,25.524707],[51.543066,25.902393],[51.262305,26.153271],[51.003125,25.981445],[50.762891,25.444727],[50.804395,24.789258],[50.966016,24.573926],[51.267969,24.607227]]]},"properties":{"name":"Qatar","ISO3166-1-Alpha-3":"QAT","ISO3166-1-Alpha-2":"QA"}},
{"type":"Feature","geometry":{"type":"Polygon","coordinates":[[[-8.777148,41.941064],[-8.81084,41.651953],[-8.655566,41.029492],[-8.886621,40.179443],[-8.837842,40.115674],[-9.148291,39.542578],[-9.374756,39.338281],[-9.474121,38.730859],[-8.914795,38.512109],[-8.802246,38.183838],[-8.878955,37.958691],[-8.81416,37.430811],[-8.997803,37.032275],[-8.597656,37.121338],[-7.834131,37.005713],[-7.406152,37.179443],[-7.503516,37.585498],[-7.185449,38.006348],[-7.022852,38.044727],[-7.343018,38.457422],[-7.281543,38.714551],[-7.046045,38.907031],[-7.445117,39.536182],[-7.454102,39.680664],[-7.036719,39.713965],[-6.896094,40.021826],[-7.014697,40.20835],[-6.810156,40.343115],[-6.928467,41.009131],[-6.2125,41.532031],[-6.542187,41.67251],[-6.618262,41.942383],[-7.030469,41.950635],[-7.403613,41.833691],[-7.92085,41.883643],[-8.213086,42.133691],[-8.777148,41.941064]]]},"properties":{"name":"Portugal","ISO3166-1-Alpha-3":"PRT","ISO3166-1-Alpha-2":"PT"}},
{"type":"Feature","geometry":{"type":"Polygon","coordinates":[[[23.605273,51.51792],[23.652441,52.040381],[23.196973,52.256934],[23.47959,52.551562],[23.844727,52.664209],[23.887109,53.027539],[23.484668,53.939795],[23.453613,54.143457],[22.766211,54.356787],[20.208203,54.420752],[19.604395,54.45918],[18.97627,54.348926],[18.669629,54.430908],[18.323438,54.838184],[17.261914,54.729541],[16.559766,54.553809],[16.186328,54.290381],[14.211426,53.950342],[14.213672,53.870752],[14.258887,53.729639],[14.414551,53.283496],[14.128613,52.878223],[14.619434,52.528516],[14.55459,52.359668],[14.752539,52.081836],[14.60166,51.832373],[15.016602,51.252734],[14.809375,50.858984],[14.99375,51.014355],[15.354395,50.811768],[16.007227,50.611621],[16.679102,50.097461],[17.151953,50.37832],[17.874805,49.972266],[18.02832,50.035254],[18.562402,49.879346],[18.832227,49.510791],[19.149414,49.4],[19.441602,49.597705],[19.802246,49.192334],[20.616113,49.391699],[21.639648,49.411963],[22.020117,49.209521],[22.538672,49.072705],[22.705664,49.171191],[22.649414,49.539014],[23.036328,49.899072],[23.711719,50.377344],[23.972656,50.410059],[24.105762,50.844971],[23.664453,51.310059],[23.605273,51.51792]]]},"properties":{"name":"Poland","ISO3166-1-Alpha-3":"POL","ISO3166-1-Alpha-2":"PL"}},
{"type":"Feature","geometry":{"type":"MultiPolygon","coordinates":[[[[121.101562,18.615283],[120.599707,18.507861],[120.358398,17.638184],[120.424512,17.43833],[120.408887,16.955615],[120.305273,16.529248],[120.389258,16.221631],[120.159766,16.047656],[119.830762,16.326562],[119.768945,16.008447],[119.891602,15.837695],[119.932813,15.430908],[120.082129,14.851074],[120.888086,14.715771],[120.92207,14.493115],[120.616797,14.188037],[120.637109,13.804492],[120.840723,13.884717],[121.203516,13.640283],[121.77793,13.937646],[122.072754,13.788379],[122.406934,13.492773],[122.595215,13.907617],[122.896191,13.591943],[123.163281,13.441748],[123.310938,13.044092],[123.626758,12.911768],[123.917969,12.939941],[123.877832,12.689697],[124.059766,12.56709],[124.142773,13.035791],[123.785156,13.110547],[123.819238,13.269482],[123.608105,13.528076],[123.725977,13.884326],[123.432324,13.96626],[123.231445,13.747363],[122.856055,14.250781],[122.49082,14.322363],[122.199707,14.148047],[122.211719,13.930176],[121.800488,14.113867],[121.648535,14.481494],[121.69541,14.737305],[121.392285,15.324414],[121.607031,15.669824],[121.595313,15.933252],[122.135156,16.184814],[122.519141,17.124854],[122.236816,17.434863],[122.150977,17.756494],[122.299805,18.402783],[121.845605,18.29541],[121.101562,18.615283]]],[[[117.311133,8.4396],[117.989551,8.8771],[118.134082,9.101367],[118.434961,9.256006],[118.773828,9.766797],[118.782129,9.916113],[119.191504,10.061084],[119.284766,10.251709],[119.595215,10.407422],[119.684375,10.551709],[119.52666,10.953174],[119.261133,10.845166],[119.287012,10.574023],[119.023828,10.353564],[118.114844,9.34668],[117.884766,9.240674],[117.349902,8.713574],[117.311133,8.4396]]],[[[122.496191,11.615088],[122.290723,11.772021],[122.103516,11.64292],[122.050879,11.097363],[121.964355,10.87168],[121.988379,10.458301],[122.197656,10.6229],[122.769922,10.823828],[123.016504,11.116504],[123.158301,11.535547],[122.496191,11.615088]]],[[[123.130859,9.064111],[123.308398,9.356982],[123.149805,9.606152],[123.162012,9.864258],[123.567578,10.780762],[123.256641,10.993945],[122.983301,10.886621],[122.816992,10.503809],[122.855566,10.086914],[122.471484,9.961523],[122.410937,9.693896],[122.5625,9.482812],[122.866602,9.319824],[123.130859,9.064111]]],[[[124.574609,11.343066],[124.330664,11.535205],[124.445508,10.923584],[124.662695,10.961963],[124.786719,10.781396],[124.780762,10.168066],[125.026563,10.033105],[125.25332,10.263818],[125.187695,10.584863],[125.013184,10.785693],[125.026563,11.211719],[124.92998,11.372852],[124.574609,11.343066]]],[[[125.239551,12.527881],[124.56582,12.526221],[124.294727,12.569336],[124.384863,12.243994],[124.884277,11.775488],[125.034277,11.34126],[125.233398,11.145068],[125.628125,11.132031],[125.505762,11.544238],[125.456543,11.952539],[125.535645,12.191406],[125.320215,12.321826],[125.239551,12.527881]]],[[[120.704395,13.479492],[120.508301,13.260059],[120.763672,12.969824],[120.922168,12.511621],[121.236719,12.218799],[121.394336,12.300586],[121.540625,12.638184],[121.522754,13.131201],[121.202734,13.432324],[120.704395,13.479492]]],[[[126.005957,9.320947],[125.87666,9.513135],[125.520898,9.759131],[125.413965,9.669189],[125.533398,9.140918],[125.209668,9.027148],[125.141016,8.86875],[124.868945,8.972266],[124.731152,8.562988],[124.45127,8.606348],[124.225781,8.271387],[123.877441,8.188818],[123.849219,8.432715],[123.680078,8.620605],[123.43457,8.70332],[123.017578,8.39834],[122.911133,8.156445],[122.337109,8.028418],[122.131836,7.810498],[122.047168,7.363574],[121.924609,7.199512],[121.964258,6.968213],[122.176172,7.004199],[122.497949,7.672754],[122.791797,7.722461],[122.842969,7.529297],[123.178223,7.529443],[123.390918,7.40752],[123.493066,7.80791],[123.968457,7.664648],[124.206641,7.396436],[123.985254,6.993701],[124.078125,6.404443],[124.212793,6.233252],[124.636328,5.998193],[125.035352,5.870654],[125.287891,5.632275],[125.455859,5.664258],[125.667969,5.978662],[125.588477,6.465771],[125.400977,6.795752],[125.824414,7.333301],[126.080078,6.73335],[126.439063,7.012354],[126.581543,7.247754],[126.570117,7.677246],[126.435352,7.832812],[126.458691,8.202832],[126.365332,8.483887],[126.141602,8.627295],[126.319531,8.844727],[126.193359,9.276709],[126.005957,9.320947]]],[[[123.370313,9.449609],[123.493555,9.589307],[123.643359,10.020215],[123.952148,10.316602],[124.05127,10.585596],[124.05332,10.925781],[123.929883,10.963818],[123.711426,10.473682],[123.38623,9.96709],[123.370313,9.449609]]],[[[124.593848,9.787207],[124.577148,10.026709],[124.172852,10.135205],[123.817187,9.817383],[123.935645,9.623975],[124.359863,9.630225],[124.593848,9.787207]]],[[[122.092871,6.42832],[122.288086,6.638916],[122.058301,6.740723],[121.808691,6.613721],[122.092871,6.42832]]],[[[123.716602,12.287354],[123.462988,12.501221],[123.267188,12.395459],[123.418848,12.194238],[123.982715,11.818896],[124.040332,11.966797],[123.716602,12.287354]]],[[[124.353613,13.632227],[124.417188,13.871045],[124.224902,14.077588],[124.038867,13.663135],[124.353613,13.632227]]]]},"properties":{"name":"Philippines","ISO3166-1-Alpha-3":"PHL","ISO3166-1-Alpha-2":"PH"}},
{"type":"Feature","geometry":{"type":"Polygon","coordinates":[[[-69.965918,-4.235938],[-70.339502,-3.814355],[-70.735107,-3.781543],[-70.074023,-2.750195],[-70.09585,-2.658203],[-70.914551,-2.218555],[-71.396973,-2.334082],[-71.752539,-2.152734],[-71.984277,-2.326563],[-72.395605,-2.428906],[-72.625342,-2.35166],[-72.887158,-2.408496],[-73.154492,-2.278223],[-73.196973,-1.830273],[-73.496289,-1.693066],[-73.664307,-1.248828],[-74.246387,-0.970605],[-74.417871,-0.580664],[-74.801758,-0.200098],[-75.138379,-0.050488],[-75.284473,-0.106543],[-75.475977,-0.157129],[-75.424707,-0.408887],[-75.263232,-0.555371],[-75.249609,-0.951855],[-75.42041,-0.962207],[-75.570557,-1.53125],[-76.089795,-2.133105],[-76.679102,-2.562598],[-77.860596,-2.981641],[-78.183301,-3.350195],[-78.347266,-3.43125],[-78.419775,-3.776855],[-78.679395,-4.325879],[-78.686035,-4.562402],[-78.861523,-4.665039],[-79.07627,-4.990625],[-79.330957,-4.927832],[-79.638525,-4.454883],[-79.797266,-4.476367],[-80.139551,-4.296094],[-80.488477,-4.393652],[-80.51001,-4.069531],[-80.179248,-3.877734],[-80.324658,-3.387891],[-80.798584,-3.731055],[-81.283203,-4.322266],[-81.336621,-4.669531],[-81.108496,-5.027832],[-81.167676,-5.16709],[-80.943115,-5.475391],[-80.882715,-5.758984],[-81.180518,-5.942383],[-80.811621,-6.282227],[-80.110254,-6.649609],[-79.761963,-7.066504],[-79.377246,-7.835547],[-79.012256,-8.210156],[-78.762256,-8.616992],[-78.580127,-9.156641],[-78.445654,-9.370605],[-78.185596,-10.089063],[-77.736084,-10.836719],[-77.633203,-11.287793],[-77.220312,-11.663379],[-77.152734,-12.060352],[-76.832129,-12.34873],[-76.183936,-13.515234],[-76.289014,-14.133105],[-75.933887,-14.633594],[-75.533643,-14.899219],[-75.104248,-15.411914],[-74.14707,-15.9125],[-73.824951,-16.152832],[-73.400049,-16.304297],[-72.793945,-16.614551],[-72.467676,-16.708105],[-72.111279,-17.002539],[-71.532227,-17.294336],[-71.336963,-17.68252],[-70.941699,-17.932031],[-70.418262,-18.345605],[-69.926367,-18.206055],[-69.802441,-17.9],[-69.8521,-17.703809],[-69.510937,-17.506055],[-69.624854,-17.200195],[-69.43833,-17.088379],[-69.020703,-16.642188],[-68.913477,-16.261914],[-69.217578,-16.149121],[-69.418506,-15.603418],[-69.172461,-15.236621],[-69.374707,-14.962988],[-69.234912,-14.59707],[-68.880322,-14.198828],[-69.074121,-13.682813],[-68.983447,-13.496387],[-68.978613,-12.880078],[-68.685254,-12.501953],[-69.578613,-10.951758],[-69.960352,-10.929883],[-70.220068,-11.047656],[-70.642334,-11.010254],[-70.636914,-9.478223],[-71.237939,-9.966016],[-72.181592,-10.003711],[-72.379053,-9.510156],[-72.814258,-9.410352],[-73.209424,-9.411426],[-72.974023,-8.993164],[-73.549121,-8.345801],[-73.775586,-7.936426],[-73.72041,-7.78252],[-74.002051,-7.556055],[-73.749463,-7.335352],[-73.758105,-6.905762],[-73.137354,-6.46582],[-73.235547,-6.098438],[-72.979883,-5.634863],[-72.887061,-5.122754],[-72.69873,-5.067188],[-71.844727,-4.504395],[-70.973682,-4.350488],[-70.799512,-4.17334],[-70.404639,-4.150098],[-70.23916,-4.301172],[-69.965918,-4.235938]]]},"properties":{"name":"Peru","ISO3166-1-Alpha-3":"PER","ISO3166-1-Alpha-2":"PE"}},
{"type":"Feature","geometry":{"type":"Polygon","coordinates":[[[-58.159766,-20.164648],[-58.180176,-19.817871],[-59.090527,-19.28623],[-60.007373,-19.297559],[-61.756836,-19.645313],[-61.916943,-20.055371],[-62.276318,-20.5625],[-62.27666,-21.066016],[-62.650977,-22.233691],[-62.37251,-22.43916],[-61.798535,-23.182031],[-61.208398,-23.557031],[-60.839844,-23.858105],[-59.89248,-24.093555],[-59.372949,-24.453906],[-58.365381,-24.959277],[-57.82168,-25.136426],[-57.587158,-25.405078],[-57.890625,-26.006543],[-58.203027,-26.381445],[-58.191309,-26.62998],[-58.641748,-27.196094],[-58.604834,-27.314355],[-58.168262,-27.273438],[-57.111816,-27.470117],[-56.603369,-27.467871],[-56.437158,-27.553809],[-56.164062,-27.321484],[-55.78999,-27.416406],[-55.42666,-27.009277],[-55.135937,-26.931152],[-54.825488,-26.652246],[-54.677734,-26.308789],[-54.615869,-25.576074],[-54.473145,-25.220215],[-54.241797,-24.047266],[-54.625488,-23.8125],[-54.982666,-23.974512],[-55.366309,-23.991016],[-55.654053,-22.810352],[-55.617676,-22.671484],[-55.84917,-22.307617],[-56.189844,-22.281152],[-56.523828,-22.102539],[-56.633008,-22.234863],[-56.937256,-22.271289],[-57.820312,-22.142285],[-57.985693,-22.046387],[-57.830225,-20.997949],[-58.002246,-20.46543],[-58.159766,-20.164648]]]},"properties":{"name":"Paraguay","ISO3166-1-Alpha-3":"PRY","ISO3166-1-Alpha-2":"PY"}},
{"type":"Feature","geometry":{"type":"MultiPolygon","coordinates":[[[[152.96582,-4.756348],[153.124219,-4.252344],[153.016797,-4.105664],[152.192188,-3.505859],[152.598438,-3.994824],[152.680664,-4.498438],[152.96582,-4.756348]]],[[[151.915625,-4.296777],[151.593066,-4.200781],[151.551953,-4.345508],[151.671191,-4.883301],[151.326563,-4.960352],[151.137793,-5.112891],[150.95293,-5.42373],[150.29873,-5.535645],[150.10625,-5.429004],[149.831445,-5.524121],[149.245313,-5.573047],[148.999219,-5.48457],[148.344727,-5.544922],[148.401172,-5.765039],[148.80752,-5.916406],[149.126563,-6.127637],[149.382324,-6.078125],[149.652539,-6.29043],[150.42832,-6.276172],[151.229297,-5.919922],[151.515137,-5.552344],[151.86543,-5.564844],[152.142969,-5.357031],[152.013281,-5.003809],[152.257617,-4.954688],[152.4,-4.73125],[152.405664,-4.340723],[152.117188,-4.212207],[151.915625,-4.296777]]],[[[140.976172,-9.11875],[141.133203,-9.221289],[141.405664,-9.150684],[141.621582,-9.211328],[142.22959,-9.169922],[142.647168,-9.327832],[143.366211,-8.961035],[143.392188,-8.801855],[143.111816,-8.474512],[143.094922,-8.31123],[143.61377,-8.200391],[143.942285,-7.944238],[143.898242,-7.673828],[144.225391,-7.764941],[144.509863,-7.567383],[144.973828,-7.802148],[145.728711,-7.952441],[146.033203,-8.076367],[146.184082,-8.246387],[146.696582,-9.025391],[146.913281,-9.091699],[147.017188,-9.387891],[147.408301,-9.674707],[147.768652,-10.070117],[148.383398,-10.185449],[148.712891,-10.166895],[148.936816,-10.255176],[149.754102,-10.353027],[150.016797,-10.577148],[150.482422,-10.636914],[150.488867,-10.425781],[150.666992,-10.257129],[149.874414,-10.012988],[149.76123,-9.805859],[149.203027,-9.406836],[149.247656,-9.070996],[148.583105,-9.051758],[148.451172,-8.694531],[148.246875,-8.554297],[148.126758,-8.103613],[147.724316,-7.87627],[147.190039,-7.378125],[146.960742,-6.928809],[147.119141,-6.72168],[147.70957,-6.723633],[147.845508,-6.662402],[147.802051,-6.315234],[147.37666,-5.950781],[147.034277,-5.919238],[146.403418,-5.616602],[145.852832,-5.471289],[145.766992,-4.823047],[145.33457,-4.385254],[145.087793,-4.349121],[144.477734,-3.825293],[144.01582,-3.783594],[143.508984,-3.431152],[142.905176,-3.320703],[142.211523,-3.083496],[141.185645,-2.627832],[140.973438,-2.609766],[140.974219,-4.226465],[140.975,-6.346094],[140.862305,-6.740039],[140.975195,-6.905371],[140.976172,-9.11875]]],[[[147.067578,-1.960156],[146.65625,-1.974023],[146.747852,-2.148828],[147.206348,-2.181934],[147.067578,-1.960156]]],[[[150.436621,-2.661816],[150.429492,-2.47041],[150.227148,-2.38418],[150.165723,-2.660254],[150.436621,-2.661816]]],[[[150.528418,-9.346582],[150.43623,-9.624609],[150.894043,-9.66748],[150.879102,-9.512695],[150.528418,-9.346582]]],[[[155.957617,-6.686816],[155.822559,-6.380469],[155.466992,-6.145117],[154.99707,-5.539941],[154.741113,-5.545313],[154.781934,-5.970703],[155.202148,-6.307617],[155.344043,-6.72168],[155.719336,-6.862793],[155.957617,-6.686816]]]]},"properties":{"name":"Papua New Guinea","ISO3166-1-Alpha-3":"PNG","ISO3166-1-Alpha-2":"PG"}},
{"type":"Feature","geometry":{"type":"Polygon","coordinates":[[[-77.374219,8.658301],[-78.082764,9.236279],[-78.504346,9.406299],[-78.931641,9.428467],[-79.016699,9.510449],[-79.577295,9.597852],[-80.1271,9.209912],[-80.546875,9.081934],[-80.838672,8.887207],[-81.354785,8.780566],[-81.780225,8.957227],[-82.077881,8.934863],[-82.244189,9.031494],[-82.370801,9.428564],[-82.563574,9.57666],[-82.801025,9.591797],[-82.939844,9.44917],[-82.940332,9.060107],[-82.741162,8.951709],[-82.917041,8.740332],[-82.861621,8.453516],[-82.997559,8.367773],[-82.879346,8.070654],[-82.679541,8.321973],[-81.727637,8.137549],[-81.50415,7.721191],[-81.268408,7.625488],[-81.035107,7.711133],[-80.845557,7.220068],[-80.438867,7.274951],[-80.075195,7.667041],[-80.458105,8.077051],[-80.368701,8.28877],[-80.125781,8.349658],[-79.750439,8.595508],[-79.687451,8.850977],[-79.441504,9.006006],[-79.086377,8.997168],[-78.514062,8.628174],[-78.469434,8.44668],[-78.113867,8.37959],[-78.421582,8.060986],[-78.170117,7.543799],[-77.901172,7.229346],[-77.743896,7.536963],[-77.350781,7.705859],[-77.212305,8.033887],[-77.407275,8.427246],[-77.374219,8.658301]]]},"properties":{"name":"Panama","ISO3166-1-Alpha-3":"PAN","ISO3166-1-Alpha-2":"PA"}},
{"type":"Feature","geometry":{"type":"Polygon","coordinates":[[[134.59541,7.382031],[134.65957,7.663281],[134.555957,7.593945],[134.50625,7.437109],[134.59541,7.382031]]]},"properties":{"name":"Palau","ISO3166-1-Alpha-3":"PLW","ISO3166-1-Alpha-2":"PW"}},
{"type":"Feature","geometry":{"type":"Polygon","coordinates":[[[76.766895,35.661719],[76.25166,35.810937],[75.945117,36.017578],[75.974414,36.382422],[75.840234,36.649707],[75.424219,36.738232],[75.34668,36.913477],[74.541406,37.022168],[74.001855,36.823096],[73.769141,36.888477],[72.622852,36.82959],[72.156738,36.700879],[71.620508,36.436475],[71.185059,36.04209],[71.427539,35.83374],[71.620508,35.183008],[70.965625,34.530371],[71.095703,34.369434],[71.051563,34.049707],[70.415723,33.950439],[69.994727,34.051807],[69.868066,33.897656],[70.28418,33.369043],[69.920117,33.1125],[69.501563,33.020068],[69.241406,32.433545],[69.279297,31.936816],[68.868945,31.634229],[68.597656,31.802979],[68.213965,31.807373],[67.578223,31.506494],[67.737891,31.343945],[67.287305,31.217822],[66.924316,31.305615],[66.397168,30.912207],[66.286914,30.60791],[66.305469,30.321143],[66.177051,29.835596],[65.095508,29.559473],[64.521094,29.564502],[64.09873,29.391943],[63.567578,29.497998],[62.476562,29.40835],[60.843359,29.858691],[61.318359,29.372607],[61.623047,28.791602],[61.889844,28.546533],[62.353027,28.414746],[62.739746,28.002051],[62.812012,27.497021],[62.762988,27.250195],[63.166797,27.25249],[63.250391,26.879248],[63.168066,26.665576],[62.439258,26.561035],[62.239355,26.357031],[61.869824,26.242432],[61.668652,25.768994],[61.587891,25.202344],[61.743652,25.138184],[62.315332,25.134912],[62.572461,25.254736],[63.491406,25.21084],[63.720898,25.385889],[64.152051,25.333447],[64.658984,25.184082],[64.77666,25.307324],[65.679688,25.355273],[66.428613,25.575342],[66.698633,25.226318],[66.703027,24.860937],[67.171484,24.756104],[67.309375,24.174805],[67.668457,23.810986],[68.165039,23.857324],[68.724121,23.964697],[68.728125,24.265625],[69.55918,24.273096],[69.716211,24.172607],[70.546777,24.418311],[70.716309,24.237988],[71.044043,24.400098],[71.047852,24.687744],[70.652051,25.4229],[70.648438,25.666943],[70.264648,25.706543],[70.077734,26.071973],[70.156836,26.471436],[69.735938,26.627051],[69.47002,26.804443],[69.567969,27.174609],[69.896289,27.473633],[70.144531,27.849023],[70.403711,28.025049],[70.629102,27.937451],[70.737402,27.729004],[71.870313,27.9625],[72.341895,28.751904],[72.90332,29.02876],[73.231152,29.550635],[73.381641,29.934375],[73.80918,30.093359],[73.899316,30.435352],[74.215625,30.768994],[74.632812,31.034668],[74.517676,31.185596],[74.593945,31.465381],[74.509961,31.712939],[74.739453,31.948828],[75.254102,32.140332],[75.333496,32.279199],[74.987305,32.462207],[74.657813,32.518945],[74.663281,32.757666],[74.35459,32.768701],[74.303613,32.991797],[73.994238,33.242188],[74.15,33.506982],[74.000977,33.788184],[73.979492,34.191309],[73.809961,34.325342],[73.96123,34.653467],[74.300391,34.765381],[75.1875,34.639014],[75.70918,34.503076],[76.041016,34.669922],[76.594434,34.73584],[77.048633,35.109912],[76.766895,35.661719]]]},"properties":{"name":"Pakistan","ISO3166-1-Alpha-3":"PAK","ISO3166-1-Alpha-2":"PK"}},
{"type":"Feature","geometry":{"type":"MultiPolygon","coordinates":[[[[53.085645,16.648389],[53.609863,16.759961],[54.068164,17.005518],[54.566504,17.03125],[54.771875,16.964648],[55.06416,17.038916],[55.295605,17.381592],[55.255371,17.585645],[55.479102,17.843262],[56.270313,17.950781],[56.550781,18.165967],[56.655078,18.587354],[56.825977,18.753516],[57.176563,18.902588],[57.811621,19.01709],[57.715137,19.606934],[57.861816,20.244141],[58.10293,20.570361],[58.208984,20.423975],[58.474219,20.406885],[58.895703,21.112793],[59.371484,21.498828],[59.8,22.219922],[59.823242,22.508984],[59.535156,22.578516],[59.029883,23.130566],[58.773047,23.517187],[58.578027,23.643457],[57.611328,23.803662],[57.219824,23.922754],[56.9125,24.150195],[56.640625,24.470312],[56.387988,24.979199],[56.063867,24.73877],[55.795703,24.868115],[55.76084,24.242676],[55.985156,24.063379],[55.547852,23.991357],[55.508496,23.724609],[55.199902,23.034766],[55.18584,22.704102],[55.641016,22.001855],[54.977344,19.995947],[53.666895,19.559131],[51.977637,18.996143],[52.729199,17.300391],[52.800586,17.26792],[53.085645,16.648389]]],[[[56.297852,25.650684],[56.429785,26.327197],[56.080469,26.062646],[56.144629,25.690527],[56.297852,25.650684]]]]},"properties":{"name":"Oman","ISO3166-1-Alpha-3":"OMN","ISO3166-1-Alpha-2":"OM"}},
{"type":"Feature","geometry":{"type":"MultiPolygon","coordinates":[[[[20.622168,69.036865],[21.621777,69.270703],[22.410938,68.719873],[23.324023,68.648975],[23.854004,68.805908],[24.941406,68.593262],[25.74834,68.990137],[26.011523,69.652637],[26.525391,69.915039],[27.108691,69.904687],[27.889941,70.06167],[28.411719,69.822754],[29.141602,69.671436],[29.333398,69.472998],[28.846289,69.176904],[28.96582,69.021973],[29.388281,69.298145],[29.994043,69.39248],[30.227539,69.633789],[30.869727,69.783447],[29.79209,69.727881],[29.601367,69.976758],[30.944141,70.274414],[29.102344,70.860742],[27.59707,71.091309],[26.506934,70.912793],[25.470508,70.340576],[25.273535,70.552393],[25.768164,70.853174],[24.658008,71.001025],[24.42002,70.702002],[23.046484,70.101855],[22.68457,70.374756],[21.400391,70.174463],[21.163086,69.889502],[20.068945,69.883447],[19.197266,69.747852],[18.991113,69.561133],[18.293164,69.475098],[18.101465,69.156299],[17.70459,69.100049],[17.39082,68.799365],[16.651855,68.625781],[16.064551,68.199902],[15.316016,68.06875],[14.798926,67.809326],[14.75498,67.499023],[13.621094,66.794824],[13.104688,66.539404],[12.976074,66.019189],[12.272852,65.568164],[12.159668,65.178955],[11.349902,64.905908],[11.225391,64.679492],[10.565625,64.418311],[9.708008,63.864893],[9.924023,63.521777],[10.725293,63.625],[10.760156,63.461279],[10.080566,63.432715],[9.696875,63.624561],[8.842383,63.645898],[8.398145,63.535107],[8.100586,63.090967],[7.571875,63.099512],[7.008496,62.957666],[7.283789,62.602295],[6.35293,62.611133],[5.533301,62.310889],[4.927832,61.710693],[5.049121,60.70752],[5.244043,60.56958],[5.119238,59.833691],[5.304883,59.642578],[5.131641,59.226465],[5.845215,59.353467],[5.854297,58.959473],[5.517285,58.726514],[5.706836,58.523633],[7.004883,58.024219],[7.465918,58.020947],[8.166113,58.145313],[8.521387,58.300586],[9.618457,58.946045],[10.179395,59.009277],[10.644922,59.389209],[10.834473,59.183936],[11.388281,59.036523],[11.798145,59.289893],[11.680762,59.592285],[11.932129,59.863672],[12.486133,60.106787],[12.588672,60.450732],[12.294141,61.002686],[12.683008,61.046826],[12.880762,61.352295],[12.155371,61.720752],[12.303516,62.285596],[12.114551,62.591895],[12.218164,63.000635],[11.999902,63.291699],[12.175195,63.595947],[12.6625,63.940479],[13.299609,64.074805],[13.960547,64.014014],[14.077637,64.464014],[13.650293,64.581543],[14.479688,65.301465],[14.635156,65.84502],[14.543262,66.129346],[15.483789,66.305957],[15.422949,66.489844],[16.403516,67.05498],[16.127441,67.42583],[16.585547,67.62832],[16.783594,67.89502],[17.324609,68.103809],[17.916699,67.964893],[18.378613,68.562402],[19.969824,68.356396],[19.968848,68.542041],[20.622168,69.036865]]],[[[15.207129,68.943115],[14.373438,68.711426],[15.22207,68.616309],[15.207129,68.943115]]],[[[19.255078,70.066406],[18.349316,69.767871],[18.784766,69.579004],[19.592285,69.970166],[19.255078,70.066406]]],[[[17.503027,69.59624],[17.001758,69.361914],[16.971777,69.137891],[17.950684,69.198145],[18.004102,69.50498],[17.503027,69.59624]]],[[[15.760352,68.56123],[15.412598,68.61582],[14.926855,68.306592],[15.9125,68.389258],[15.760352,68.56123]]],[[[21.608105,78.595703],[20.22793,78.477832],[21.608398,77.916064],[21.049902,77.440967],[22.056836,77.501172],[22.801758,77.275781],[23.841211,77.497754],[24.238281,77.898535],[23.116699,77.991504],[22.299512,78.228174],[21.608105,78.595703]]],[[[20.897852,80.249951],[20.359375,80.400928],[18.343848,80.05957],[18.725,79.760742],[20.861133,79.397852],[23.947754,79.194287],[25.641211,79.403027],[27.198633,79.906592],[26.86084,80.16001],[22.450781,80.402246],[22.376367,80.089648],[20.897852,80.249951]]],[[[16.786719,79.906738],[15.816113,79.681836],[13.383594,79.480762],[12.753516,79.775781],[10.865918,79.796582],[10.737598,79.520166],[11.208105,79.129639],[12.045801,78.983154],[11.773828,78.716406],[13.150195,78.2375],[14.638281,78.4146],[14.994727,78.151221],[13.680566,78.028125],[13.791113,77.853809],[14.920801,77.688818],[14.004199,77.445215],[14.36582,77.234473],[16.700488,76.579297],[17.62334,77.399365],[18.22793,77.522607],[18.439258,78.025049],[19.76875,78.622705],[21.38877,78.74043],[20.458203,79.129248],[19.089453,79.157031],[18.581445,79.571582],[17.578223,79.884668],[16.786719,79.906738]]]]},"properties":{"name":"Norway","ISO3166-1-Alpha-3":"NOR","ISO3166-1-Alpha-2":"NO"}},
{"type":"Feature","geometry":{"type":"Polygon","coordinates":[[[128.374609,38.623437],[127.786133,39.084131],[127.394531,39.20791],[127.548926,39.461084],[127.568164,39.781982],[127.966602,39.995605],[128.304492,40.035937],[128.701367,40.317529],[129.109766,40.491064],[129.341113,40.726318],[129.708691,40.857324],[129.756348,41.712256],[130.068262,42.045752],[130.45752,42.301709],[130.687305,42.302539],[130.526953,42.5354],[130.240332,42.891797],[129.898242,42.998145],[129.719727,42.475],[129.313672,42.413574],[128.923438,42.038232],[128.045215,41.9875],[128.290918,41.562793],[128.11123,41.389258],[127.179688,41.531348],[126.903516,41.781055],[126.60127,41.640967],[126.49043,41.358057],[125.989062,40.904639],[125.72832,40.866699],[125.416895,40.659912],[124.889355,40.459814],[124.386621,40.104248],[124.362109,40.004053],[124.557422,39.790576],[125.36084,39.526611],[125.409668,39.288379],[125.157324,38.871533],[125.309668,38.665381],[125.067383,38.556738],[124.690918,38.129199],[125.193164,38.037793],[125.449316,37.730225],[125.769141,37.985352],[125.941699,37.873682],[126.369922,37.878369],[126.633887,37.781836],[126.666797,37.917187],[127.169531,38.304541],[128.038965,38.308545],[128.374609,38.623437]]]},"properties":{"name":"North Korea","ISO3166-1-Alpha-3":"PRK","ISO3166-1-Alpha-2":"KP"}},
{"type":"Feature","geometry":{"type":"Polygon","coordinates":[[[13.606348,13.70459],[13.323828,13.67085],[12.654785,13.326562],[12.463184,13.09375],[12.117969,13.09043],[11.990039,13.191797],[11.411914,13.353613],[10.958887,13.371533],[10.184668,13.270117],[9.929297,13.135254],[9.615918,12.810645],[9.201563,12.821484],[8.750586,12.908154],[8.09502,13.291162],[7.788672,13.337891],[7.056738,13.000195],[6.804297,13.107666],[6.386328,13.603613],[5.491992,13.872852],[5.241895,13.757227],[4.82334,13.759766],[4.421387,13.64751],[4.147559,13.457715],[4.087402,13.055469],[3.947852,12.775049],[3.64668,12.52998],[3.59541,11.696289],[3.487793,11.39541],[3.716406,11.07959],[3.834473,10.607422],[3.576563,10.268359],[3.557227,9.907324],[3.325195,9.778467],[3.136133,9.451611],[3.044922,9.083838],[2.774805,9.048535],[2.686035,7.87373],[2.750488,7.395068],[2.721387,6.980273],[2.774609,6.711719],[2.706445,6.369238],[4.125879,6.411377],[4.431348,6.348584],[4.861035,6.026318],[5.232422,5.483789],[5.38584,5.401758],[5.383301,5.129004],[5.587793,4.647217],[6.076563,4.290625],[6.757031,4.343555],[7.154688,4.514404],[8.293066,4.557617],[8.555859,4.755225],[8.800977,5.197461],[8.935059,5.781006],[9.060156,6.009082],[9.659961,6.531982],[9.779883,6.760156],[10.143555,6.996436],[10.482324,6.89126],[10.60625,7.063086],[11.03252,6.6979],[11.15332,6.437939],[11.55166,6.697266],[11.580078,6.888867],[11.861426,7.116406],[11.767383,7.272266],[12.016016,7.589746],[12.233398,8.282324],[12.403516,8.595557],[12.582715,8.624121],[12.806543,8.886621],[12.929492,9.42627],[13.175488,9.539648],[13.269922,10.036182],[13.414551,10.171436],[13.535352,10.605078],[13.89209,11.140088],[14.559766,11.492285],[14.627148,12.108691],[14.518945,12.298242],[14.197461,12.383789],[14.063965,13.078516],[13.606348,13.70459]]]},"properties":{"name":"Nigeria","ISO3166-1-Alpha-3":"NGA","ISO3166-1-Alpha-2":"NG"}},
{"type":"Feature","geometry":{"type":"Polygon","coordinates":[[[13.606348,13.70459],[13.448242,14.380664],[13.807129,14.966113],[14.367969,15.750146],[15.474316,16.908398],[15.637598,18.81084],[15.735059,19.904053],[15.948828,20.303174],[15.587109,20.733301],[15.607324,20.954395],[15.181836,21.523389],[15.172266,21.92207],[14.979004,22.996191],[14.230762,22.618457],[13.48125,23.180176],[11.967871,23.517871],[10.932227,22.907275],[9.378711,21.991406],[7.481738,20.873096],[5.836621,19.47915],[5.74834,19.434229],[4.227637,19.142773],[4.234668,16.996387],[4.121289,16.357715],[3.876953,15.755273],[3.520508,15.483105],[3.504297,15.356348],[3.060156,15.427197],[3.001074,15.340967],[1.300195,15.272266],[0.960059,14.986914],[0.28623,14.980176],[0.21748,14.911475],[0.163867,14.497217],[0.38252,14.245801],[0.429199,13.972119],[0.618164,13.703418],[0.977734,13.551953],[0.987305,13.041895],[1.564941,12.6354],[2.073828,12.713965],[2.211523,12.538428],[2.091406,12.277979],[2.38916,11.89707],[2.366016,12.221924],[2.878125,12.367725],[3.59541,11.696289],[3.64668,12.52998],[3.947852,12.775049],[4.087402,13.055469],[4.147559,13.457715],[4.421387,13.64751],[4.82334,13.759766],[5.241895,13.757227],[5.491992,13.872852],[6.386328,13.603613],[6.804297,13.107666],[7.056738,13.000195],[7.788672,13.337891],[8.09502,13.291162],[8.750586,12.908154],[9.201563,12.821484],[9.615918,12.810645],[9.929297,13.135254],[10.184668,13.270117],[10.958887,13.371533],[11.411914,13.353613],[11.990039,13.191797],[12.117969,13.09043],[12.463184,13.09375],[12.654785,13.326562],[13.323828,13.67085],[13.606348,13.70459]]]},"properties":{"name":"Niger","ISO3166-1-Alpha-3":"NER","ISO3166-1-Alpha-2":"NE"}},
{"type":"Feature","geometry":{"type":"Polygon","coordinates":[[[-83.15752,14.993066],[-83.415039,15.008057],[-83.867285,14.794482],[-84.645947,14.661084],[-84.985156,14.752441],[-85.179492,14.343311],[-85.681934,13.982568],[-85.786719,13.844434],[-86.151221,13.99458],[-86.331738,13.770068],[-86.733643,13.763477],[-86.710693,13.313379],[-86.918213,13.223584],[-87.05918,12.991455],[-87.337256,12.979248],[-87.667529,12.903564],[-86.755615,12.156641],[-86.468896,11.738281],[-85.961133,11.331348],[-85.744336,11.062109],[-85.621387,11.184473],[-84.90918,10.945312],[-84.701172,11.052197],[-84.348291,10.979883],[-84.168359,10.780371],[-83.811182,10.743262],[-83.641992,10.917236],[-83.867871,11.300049],[-83.651758,11.642041],[-83.769336,11.931641],[-83.65127,12.287061],[-83.510937,12.411816],[-83.567334,13.320312],[-83.412305,13.996484],[-83.187744,14.340088],[-83.299219,14.749023],[-83.15752,14.993066]]]},"properties":{"name":"Nicaragua","ISO3166-1-Alpha-3":"NIC","ISO3166-1-Alpha-2":"NI"}},
{"type":"Feature","geometry":{"type":"MultiPolygon","coordinates":[[[[173.115332,-41.279297],[172.988672,-40.848242],[172.766797,-40.773438],[172.640625,-40.518262],[172.139453,-40.947266],[172.010742,-41.444727],[171.830664,-41.655176],[171.48623,-41.794727],[171.257031,-42.465332],[170.741602,-42.927344],[170.302832,-43.107617],[169.661523,-43.591211],[168.806445,-43.991992],[168.366602,-44.082031],[167.787012,-44.59502],[167.194531,-44.963477],[166.733984,-45.543555],[166.836035,-45.774512],[166.731543,-46.197852],[167.368945,-46.241504],[167.682227,-46.192969],[167.841992,-46.366211],[168.18916,-46.362207],[168.382129,-46.605371],[169.098633,-46.630664],[169.686621,-46.55166],[170.419141,-45.941016],[170.77627,-45.870898],[170.700586,-45.684277],[171.113281,-45.039258],[171.231055,-44.521191],[171.442578,-44.13584],[171.658984,-44.117188],[172.385254,-43.82959],[172.920605,-43.891406],[172.718555,-43.258789],[173.221191,-42.976562],[173.545117,-42.517969],[174.283105,-41.740625],[174.092383,-41.505176],[174.302539,-41.019531],[173.737891,-40.988965],[173.115332,-41.279297]]],[[[168.144922,-46.862207],[167.955762,-46.694434],[167.629004,-47.142285],[168.240918,-47.07002],[168.144922,-46.862207]]],[[[173.269434,-34.934766],[173.116699,-35.205273],[173.945117,-36.175879],[174.253711,-36.249121],[174.446875,-36.450879],[174.381934,-36.725977],[174.475586,-36.941895],[174.782031,-36.94375],[174.729199,-37.44873],[174.928027,-37.804492],[174.715332,-38.225586],[174.597363,-38.785059],[174.398438,-38.962598],[173.844336,-39.139355],[173.763672,-39.31875],[173.934375,-39.509082],[174.352051,-39.643359],[174.56748,-39.812988],[175.009277,-39.952148],[175.254102,-40.289355],[175.1625,-40.621582],[174.635352,-41.289453],[175.165625,-41.417383],[175.309766,-41.610645],[175.98291,-41.213281],[176.385156,-40.667676],[176.842188,-40.157813],[177.109863,-39.673145],[176.954102,-39.367578],[177.40752,-39.081152],[177.965625,-39.14248],[177.976172,-38.722266],[178.267676,-38.551172],[178.393945,-37.960254],[178.53623,-37.69209],[178.00918,-37.554883],[177.335938,-37.99082],[176.77002,-37.889648],[176.108398,-37.645117],[175.876172,-36.957715],[175.46084,-36.475684],[175.54248,-37.201367],[175.299512,-36.993262],[174.722461,-36.841211],[174.802148,-36.309473],[174.391016,-35.77373],[174.543457,-35.582031],[174.320312,-35.24668],[173.843945,-35.02627],[173.269434,-34.934766]]]]},"properties":{"name":"New Zealand","ISO3166-1-Alpha-3":"NZL","ISO3166-1-Alpha-2":"NZ"}},
{"type":"Feature","geometry":{"type":"Polygon","coordinates":[[[-169.803418,-19.083008],[-169.834033,-18.966016],[-169.94834,-19.072852],[-169.903809,-19.137891],[-169.803418,-19.083008]]]},"properties":{"name":"Niue","ISO3166-1-Alpha-3":"NIU","ISO3166-1-Alpha-2":"NU"}},
{"type":"Feature","geometry":{"type":"Polygon","coordinates":[[[-159.740527,-21.249219],[-159.768359,-21.188477],[-159.832031,-21.200488],[-159.8396,-21.238086],[-159.740527,-21.249219]]]},"properties":{"name":"Cook Is.","ISO3166-1-Alpha-3":"COK","ISO3166-1-Alpha-2":"CK"}},
{"type":"Feature","geometry":{"type":"MultiPolygon","coordinates":[[[[5.993945,50.750439],[5.894727,50.984229],[6.193262,51.488916],[5.948535,51.762402],[6.741797,51.910889],[6.749023,52.098682],[7.035156,52.380225],[7.013184,52.633545],[7.197266,53.282275],[6.816211,53.441162],[6.062207,53.40708],[5.532031,53.268701],[5.358398,53.096484],[4.67832,52.809766],[4.482813,52.30918],[3.586914,51.453906],[4.226172,51.386475],[4.503418,51.474707],[5.508789,51.275],[5.827148,51.125635],[5.693652,50.774658],[5.993945,50.750439]]],[[[4.226172,51.386475],[3.350098,51.377686],[3.902051,51.207666],[4.226172,51.386475]]]]},"properties":{"name":"Netherlands","ISO3166-1-Alpha-3":"NLD","ISO3166-1-Alpha-2":"NL"}},
{"type":"Feature","geometry":{"type":"Polygon","coordinates":[[[-69.899121,12.452002],[-69.973145,12.567627],[-70.066113,12.546973],[-69.942187,12.438525],[-69.899121,12.452002]]]},"properties":{"name":"Aruba","ISO3166-1-Alpha-3":"ABW","ISO3166-1-Alpha-2":"AW"}},
{"type":"Feature","geometry":{"type":"Polygon","coordinates":[[[-68.751074,12.059766],[-68.827393,12.158545],[-69.013135,12.231348],[-69.076758,12.342041],[-69.153809,12.298437],[-68.995117,12.141846],[-68.80332,12.045459],[-68.751074,12.059766]]]},"properties":{"name":"Curaçao","ISO3166-1-Alpha-3":"CUW","ISO3166-1-Alpha-2":"CW"}},
{"type":"Feature","geometry":{"type":"Polygon","coordinates":[[[88.109766,27.870605],[87.682715,27.821387],[87.141406,27.83833],[86.554492,28.085205],[86.408691,27.928662],[86.078711,28.083594],[85.954102,27.928223],[85.67832,28.277441],[85.122461,28.315967],[85.159082,28.592236],[84.714258,28.595557],[84.228711,28.911768],[84.101367,29.219971],[83.935938,29.279492],[83.583496,29.183594],[83.155469,29.612646],[82.854297,29.683398],[82.158984,30.115186],[82.043359,30.326758],[81.417188,30.337598],[81.255078,30.093311],[81.010254,30.164502],[80.907617,30.171924],[80.401855,29.730273],[80.130469,29.100391],[80.070703,28.830176],[80.418555,28.612012],[80.587012,28.649609],[81.168945,28.33501],[81.31084,28.176367],[81.852637,27.86709],[81.987695,27.91377],[82.733398,27.518994],[83.289746,27.370996],[83.447168,27.465332],[83.828809,27.377832],[84.091016,27.491357],[84.610156,27.298682],[84.685352,27.041016],[85.292969,26.741016],[85.568457,26.839844],[85.737305,26.639746],[86.366113,26.574414],[86.701367,26.435059],[87.016406,26.55542],[87.287402,26.360303],[88.054883,26.430029],[88.161523,26.724805],[87.984375,27.133936],[88.146973,27.749219],[88.109766,27.870605]]]},"properties":{"name":"Nepal","ISO3166-1-Alpha-3":"NPL","ISO3166-1-Alpha-2":"NP"}},
{"type":"Feature","geometry":{"type":"Polygon","coordinates":[[[166.958398,-0.516602],[166.913574,-0.499121],[166.916406,-0.546484],[166.958398,-0.516602]]]},"properties":{"name":"Nauru","ISO3166-1-Alpha-3":"NRU","ISO3166-1-Alpha-2":"NR"}},
{"type":"Feature","geometry":{"type":"Polygon","coordinates":[[[23.380664,-17.640625],[21.416895,-18.000684],[21.113477,-17.955762],[20.625098,-17.99668],[20.392969,-17.887402],[19.076465,-17.817676],[18.718066,-17.703223],[18.396387,-17.399414],[16.531055,-17.39082],[15.76582,-17.389648],[13.937988,-17.38877],[13.403711,-17.007812],[13.101172,-16.967676],[12.548145,-17.212695],[12.013965,-17.168555],[11.743066,-17.249219],[11.775879,-18.001758],[12.095703,-18.540918],[12.458203,-18.926758],[13.04209,-20.028223],[13.168359,-20.184668],[13.450586,-20.916699],[13.839355,-21.473242],[13.973242,-21.767578],[14.321875,-22.189941],[14.525977,-22.702539],[14.40332,-22.968066],[14.473828,-23.281152],[14.501563,-24.201953],[14.837109,-25.033203],[14.845215,-25.725684],[14.967773,-26.318066],[15.163281,-26.600195],[15.132812,-26.787598],[15.341504,-27.386523],[15.719043,-27.96582],[16.447559,-28.617578],[16.755762,-28.452148],[16.933301,-28.069629],[17.05625,-28.031055],[17.385742,-28.353223],[17.447949,-28.698145],[18.31084,-28.88623],[18.600391,-28.855273],[19.026074,-28.92793],[19.671484,-28.503906],[19.980469,-28.45127],[19.980469,-26.531152],[19.980469,-24.776758],[19.978516,-23.102539],[19.977344,-22.000195],[20.970996,-22.000195],[20.976172,-19.744336],[20.974121,-18.318848],[22.011426,-18.198633],[23.099902,-18.00957],[23.298633,-18.027344],[23.580566,-18.45293],[24.358984,-17.978223],[24.530566,-18.052734],[24.909082,-17.821387],[25.258789,-17.793555],[24.932422,-17.543457],[24.274902,-17.481055],[23.380664,-17.640625]]]},"properties":{"name":"Namibia","ISO3166-1-Alpha-3":"NAM","ISO3166-1-Alpha-2":"NA"}},
{"type":"Feature","geometry":{"type":"Polygon","coordinates":[[[31.287891,-22.402051],[31.531738,-23.279492],[31.545605,-23.482324],[31.799609,-23.892188],[31.98584,-24.460645],[31.98457,-25.631934],[31.948242,-25.957617],[32.112891,-26.839453],[32.886133,-26.849316],[32.933594,-26.252344],[32.59043,-26.004102],[32.792188,-25.644336],[33.347461,-25.260938],[34.607324,-24.821289],[35.155957,-24.541406],[35.438086,-24.171191],[35.541992,-23.824414],[35.37041,-23.798242],[35.575391,-22.963086],[35.315723,-22.396875],[35.267676,-21.650977],[35.128027,-21.395313],[34.982324,-20.80625],[34.698145,-20.404395],[34.755762,-19.821973],[34.947852,-19.812695],[35.365332,-19.493945],[35.65127,-19.163867],[36.125,-18.842383],[36.403711,-18.769727],[36.540137,-18.518164],[37.244531,-17.739941],[38.144922,-17.242773],[39.084375,-16.972852],[39.242285,-16.792578],[39.844629,-16.435645],[40.108789,-15.979297],[40.558984,-15.473438],[40.617773,-15.115527],[40.835156,-14.791504],[40.818164,-14.467578],[40.639941,-14.390039],[40.545117,-13.462891],[40.580859,-12.635547],[40.402832,-11.332031],[40.544531,-11.065625],[40.463574,-10.464355],[39.988672,-10.820801],[39.321582,-11.122559],[38.794727,-11.228906],[38.491797,-11.413281],[38.176563,-11.278711],[37.920215,-11.294727],[37.829297,-11.481934],[37.541699,-11.675098],[37.218359,-11.686523],[36.978906,-11.566992],[36.518652,-11.716211],[36.191309,-11.670703],[35.785449,-11.45293],[35.630957,-11.582031],[34.959473,-11.578125],[34.65957,-11.588672],[34.36084,-12.210547],[34.48291,-12.666797],[34.563672,-13.360156],[34.850488,-13.516016],[35.247461,-13.896875],[35.847168,-14.670898],[35.830273,-15.418945],[35.755273,-16.058301],[35.358496,-16.160547],[35.167188,-16.560254],[35.29043,-17.096973],[34.395508,-16.199219],[34.248242,-15.8875],[34.54082,-15.297266],[34.505273,-14.598145],[34.33252,-14.408594],[33.636426,-14.568164],[33.201758,-14.013379],[31.728906,-14.496094],[30.67334,-14.819141],[30.231836,-14.990332],[30.396094,-15.643066],[30.437793,-15.995313],[31.23623,-16.023633],[31.687598,-16.21416],[31.939844,-16.428809],[32.243262,-16.44873],[32.948047,-16.712305],[32.87627,-16.883594],[32.969336,-17.251563],[32.955566,-18.08291],[32.993066,-18.35957],[32.716504,-19.001855],[32.849805,-19.104395],[32.777637,-19.38877],[33.006738,-19.873828],[32.672559,-20.516113],[32.477637,-20.712988],[32.371094,-21.334863],[31.429492,-22.298828],[31.287891,-22.402051]]]},"properties":{"name":"Mozambique","ISO3166-1-Alpha-3":"MOZ","ISO3166-1-Alpha-2":"MZ"}},
{"type":"Feature","geometry":{"type":"Polygon","coordinates":[[[-2.219629,35.104199],[-2.839941,35.127832],[-2.972217,35.407275],[-3.206006,35.239111],[-3.693262,35.27998],[-4.32998,35.161475],[-4.837207,35.281299],[-5.105371,35.467773],[-5.397363,35.929883],[-5.924805,35.785791],[-6.353125,34.776074],[-6.900977,33.969043],[-7.562354,33.640283],[-8.301172,33.374365],[-8.596289,33.187158],[-9.24585,32.572461],[-9.347461,32.086377],[-9.674951,31.710986],[-9.808691,31.424609],[-9.875488,30.71792],[-9.65293,30.447559],[-9.66709,30.109277],[-9.852637,29.809229],[-10.486475,29.064941],[-11.080957,28.71377],[-11.430176,28.382031],[-11.986084,28.129297],[-12.948926,27.91416],[-13.175977,27.655713],[-13.575781,26.735107],[-14.413867,26.253711],[-14.522754,25.925244],[-14.794922,25.40415],[-14.856055,24.871582],[-15.038867,24.548828],[-15.188623,24.478809],[-15.586328,24.072754],[-16.210254,23.0979],[-16.35874,22.594531],[-16.514404,22.333496],[-16.793262,22.159717],[-16.930859,21.9],[-17.003076,21.420703],[-16.730957,21.470312],[-15.750928,21.49082],[-14.84082,21.450781],[-14.67085,21.600195],[-14.630859,21.860937],[-14.221191,22.310156],[-14.170898,22.760352],[-14.020996,23.410742],[-13.770947,23.790625],[-13.310986,23.981055],[-13.061035,24.400977],[-12.431152,24.830664],[-12.310986,25.110937],[-12.030762,26.030859],[-11.718213,26.104102],[-11.337891,26.633398],[-11.392578,26.883398],[-10.922803,27.010352],[-10.55127,26.99082],[-10.251465,26.860937],[-9.735352,26.860937],[-9.413037,27.088477],[-9.001904,27.09043],[-8.753857,27.191016],[-8.817822,27.656445],[-8.68335,27.656445],[-8.659912,28.718604],[-7.685156,29.349512],[-7.094922,29.625195],[-6.635352,29.568799],[-6.500879,29.809131],[-5.775,29.869043],[-5.448779,29.956934],[-5.180127,30.166162],[-4.968262,30.465381],[-4.322852,30.698877],[-3.985352,30.913525],[-3.702002,30.944482],[-3.833398,31.197803],[-3.826758,31.661914],[-3.017383,31.834277],[-2.930859,32.042529],[-2.448389,32.12998],[-1.275342,32.089014],[-1.240332,32.337598],[-1.065527,32.468311],[-1.51001,32.877637],[-1.679199,33.318652],[-1.706934,34.176074],[-1.849658,34.607324],[-1.795605,34.751904],[-2.219629,35.104199]]]},"properties":{"name":"Morocco","ISO3166-1-Alpha-3":"MAR","ISO3166-1-Alpha-2":"MA"}},
{"type":"Feature","geometry":{"type":"Polygon","coordinates":[[[-8.68335,27.656445],[-8.817822,27.656445],[-8.753857,27.191016],[-9.001904,27.09043],[-9.413037,27.088477],[-9.735352,26.860937],[-10.251465,26.860937],[-10.55127,26.99082],[-10.922803,27.010352],[-11.392578,26.883398],[-11.337891,26.633398],[-11.718213,26.104102],[-12.030762,26.030859],[-12.310986,25.110937],[-12.431152,24.830664],[-13.061035,24.400977],[-13.310986,23.981055],[-13.770947,23.790625],[-14.020996,23.410742],[-14.170898,22.760352],[-14.221191,22.310156],[-14.630859,21.860937],[-14.67085,21.600195],[-14.84082,21.450781],[-15.750928,21.49082],[-16.730957,21.470312],[-17.003076,21.420703],[-17.048047,20.806152],[-16.964551,21.329248],[-15.231201,21.331299],[-13.016211,21.333936],[-13.094336,22.495996],[-13.166504,22.753223],[-13.031494,23.000244],[-12.62041,23.271338],[-12.023438,23.467578],[-12.016309,24.650977],[-12.016309,25.99541],[-10.376123,25.995459],[-8.682227,25.995508],[-8.68335,27.285937],[-8.68335,27.656445]]]},"properties":{"name":"W. Sahara","ISO3166-1-Alpha-3":"ESH","ISO3166-1-Alpha-2":"EH"}},
{"type":"Feature","geometry":{"type":"Polygon","coordinates":[[[19.194336,43.533301],[18.940234,43.496729],[18.443848,42.968457],[18.436328,42.559717],[18.51748,42.43291],[18.894238,42.249463],[19.342383,41.869092],[19.280664,42.172559],[19.654492,42.628564],[20.063965,42.547266],[20.029492,42.732031],[20.344336,42.82793],[19.944043,43.081641],[19.551563,43.212256],[19.194336,43.533301]]]},"properties":{"name":"Montenegro","ISO3166-1-Alpha-3":"MNE","ISO3166-1-Alpha-2":"ME"}},
{"type":"Feature","geometry":{"type":"Polygon","coordinates":[[[87.814258,49.162305],[87.743164,48.881641],[88.02793,48.735596],[87.979688,48.555127],[88.51709,48.384473],[88.575977,48.220166],[89.047656,48.002539],[89.560938,48.003955],[90.02793,47.877686],[90.313281,47.676172],[90.496191,47.285156],[90.869922,46.954492],[91.033887,46.529004],[90.911523,46.270654],[91.001758,46.035791],[90.709668,45.730811],[90.661816,45.525244],[90.877246,45.196094],[91.584375,45.076514],[92.423828,45.008936],[92.787891,45.035742],[93.656445,44.900977],[93.95791,44.674951],[94.199316,44.645166],[94.712012,44.35083],[95.350293,44.278076],[95.9125,43.206494],[96.299512,42.928711],[96.385449,42.720361],[97.205664,42.789795],[99.467871,42.568213],[99.983789,42.677344],[101.713867,42.46582],[101.972949,42.215869],[103.072852,42.005957],[103.711133,41.751318],[104.498242,41.877002],[104.498242,41.658691],[105.050586,41.615918],[105.19707,41.738037],[106.77002,42.288721],[108.171191,42.447314],[108.687305,42.416113],[109.443164,42.455957],[110.400391,42.773682],[111.007227,43.341406],[111.547363,43.496289],[111.933203,43.711426],[111.836914,43.934668],[111.402246,44.367285],[111.621289,44.827148],[111.898047,45.064062],[112.411328,45.058203],[112.596777,44.917676],[113.587012,44.745703],[114.030273,44.942578],[114.517188,45.3646],[115.681055,45.458252],[116.240625,45.795996],[116.562598,46.289795],[116.859082,46.387939],[117.333398,46.362012],[118.308691,46.717041],[119.706641,46.606006],[119.897852,46.857812],[119.711133,47.15],[118.759961,47.757617],[118.498438,47.983984],[117.768359,47.987891],[117.350781,47.652197],[116.760547,47.869775],[116.231152,47.858203],[115.898242,47.686914],[115.557617,47.94502],[115.785547,48.248242],[115.953809,48.689355],[116.683301,49.823779],[116.13457,50.010791],[115.717773,49.880615],[115.274512,49.948877],[114.743164,50.233691],[114.29707,50.274414],[113.16416,49.797168],[113.055566,49.61626],[112.079688,49.424219],[111.336621,49.355859],[110.82793,49.166162],[110.199902,49.17041],[109.236719,49.334912],[108.613672,49.322803],[108.033789,49.593994],[107.947852,49.924707],[107.233301,49.989404],[106.711133,50.312598],[106.217871,50.30459],[105.383594,50.47373],[104.466309,50.306152],[104.179688,50.169434],[103.63291,50.138574],[102.683301,50.387158],[102.288379,50.585107],[102.111523,51.353467],[101.38125,51.452637],[100.53623,51.713477],[99.92168,51.755518],[99.719238,51.871631],[98.848633,52.070068],[98.640527,51.801172],[98.352734,51.717627],[97.946875,51.348437],[97.825293,50.985254],[98.029785,50.644629],[98.279492,50.533252],[98.103418,50.077832],[97.208594,49.730811],[96.985742,49.882812],[96.315039,49.901123],[95.851953,50.012939],[95.522656,49.91123],[94.614746,50.02373],[94.354688,50.221826],[94.251074,50.556396],[93.103125,50.603906],[92.62666,50.688281],[91.804297,50.693604],[91.34082,50.470068],[91.021582,50.415479],[89.643848,49.903027],[89.654102,49.71748],[88.831641,49.448437],[88.192578,49.451709],[88.115723,49.256299],[87.814258,49.162305]]]},"properties":{"name":"Mongolia","ISO3166-1-Alpha-3":"MNG","ISO3166-1-Alpha-2":"MN"}},
{"type":"Feature","geometry":{"type":"Polygon","coordinates":[[[26.618945,48.259863],[26.980762,48.155029],[27.336914,47.639746],[27.853809,47.114502],[28.071777,46.978418],[28.244336,46.45127],[28.099707,45.972607],[28.2125,45.450439],[28.947754,46.049951],[28.927441,46.424121],[29.146289,46.526904],[29.837891,46.350537],[29.877832,46.828906],[29.571973,46.964014],[29.549316,47.246826],[29.159766,47.455664],[29.194824,47.882422],[28.773828,48.11958],[28.326953,48.161426],[27.549219,48.477734],[27.228516,48.371436],[26.84707,48.387158],[26.618945,48.259863]]]},"properties":{"name":"Moldova","ISO3166-1-Alpha-3":"MDA","ISO3166-1-Alpha-2":"MD"}},
{"type":"Feature","geometry":{"type":"Polygon","coordinates":[[[7.438672,43.750439],[7.414453,43.770898],[7.377734,43.731738],[7.438672,43.750439]]]},"properties":{"name":"Monaco","ISO3166-1-Alpha-3":"MCO","ISO3166-1-Alpha-2":"MC"}},
{"type":"Feature","geometry":{"type":"MultiPolygon","coordinates":[[[[-117.128271,32.53335],[-116.847998,31.997363],[-116.620801,31.851074],[-116.662158,31.564893],[-116.333447,31.202783],[-116.296289,30.970508],[-116.062158,30.80415],[-115.995801,30.414453],[-115.815625,30.303613],[-115.673828,29.756396],[-115.166357,29.427246],[-114.993506,29.384424],[-114.145508,28.60542],[-114.048486,28.426172],[-114.300586,27.872998],[-114.993506,27.736035],[-114.539893,27.431104],[-114.445264,27.218164],[-113.840967,26.966504],[-113.598535,26.721289],[-113.205762,26.856982],[-113.020752,26.583252],[-112.658398,26.316748],[-112.377246,26.213916],[-112.173828,25.912598],[-112.055762,25.488232],[-112.128516,25.043115],[-112.072559,24.840039],[-111.419336,24.329004],[-111.036182,24.105273],[-110.62998,23.737305],[-110.362695,23.604932],[-110.180615,23.341504],[-110.086035,23.005469],[-109.923437,22.885889],[-109.458057,23.214746],[-109.42085,23.480127],[-110.022803,24.174609],[-110.546973,24.21416],[-110.734521,24.589844],[-110.677246,24.788525],[-110.893945,25.144238],[-111.034424,25.526953],[-111.291602,25.789795],[-111.332129,26.125439],[-111.569678,26.707617],[-112.009082,26.96709],[-112.329199,27.523438],[-112.734033,27.825977],[-112.87085,28.424219],[-113.093652,28.511768],[-113.205566,28.798779],[-113.499707,28.926709],[-113.755469,29.36748],[-114.372607,29.830225],[-114.649756,30.238135],[-114.633301,30.506885],[-114.881885,31.156396],[-114.839502,31.798535],[-114.548682,31.733545],[-114.149316,31.507373],[-113.947754,31.629346],[-113.623486,31.345898],[-113.046729,31.179248],[-113.110449,30.793311],[-112.824805,30.300146],[-112.738379,29.985449],[-112.223486,29.269482],[-112.161768,29.018896],[-111.680078,28.470557],[-111.47168,28.383984],[-111.121387,27.966992],[-110.529883,27.864209],[-110.615479,27.653906],[-110.477783,27.322656],[-110.277148,27.162207],[-109.943994,27.079346],[-109.754785,26.70293],[-109.482861,26.710352],[-109.199707,26.305225],[-109.425635,26.032568],[-109.384961,25.727148],[-109.028809,25.480469],[-108.750977,25.424219],[-108.373682,25.194336],[-107.951172,24.614893],[-107.511914,24.48916],[-107.527246,24.360059],[-106.935498,23.88125],[-106.402246,23.195605],[-105.791797,22.62749],[-105.645508,22.326904],[-105.649121,21.988086],[-105.431445,21.618262],[-105.208691,21.49082],[-105.237061,21.119189],[-105.492383,20.776611],[-105.260156,20.579053],[-105.669434,20.385596],[-105.48208,19.976074],[-104.938477,19.309375],[-104.405176,19.091211],[-103.912451,18.828467],[-103.441602,18.325391],[-102.699561,18.062842],[-101.84707,17.922266],[-101.600293,17.651562],[-100.847803,17.200488],[-100.024512,16.920508],[-99.690674,16.719629],[-98.762207,16.534766],[-98.520312,16.304834],[-98.138965,16.206299],[-97.754785,15.966846],[-97.184668,15.909277],[-96.51084,15.651904],[-96.213574,15.693066],[-95.464404,15.974707],[-95.134375,16.176953],[-94.900439,16.41748],[-94.661523,16.201904],[-94.37417,16.284766],[-93.916064,16.053564],[-92.808936,15.138574],[-92.235156,14.54541],[-92.074805,15.074219],[-92.187158,15.320898],[-91.736572,16.070166],[-90.447168,16.072705],[-90.416992,16.391016],[-90.634082,16.510742],[-90.710693,16.708105],[-90.97583,16.867822],[-91.409619,17.255859],[-90.992969,17.252441],[-90.98916,17.816406],[-89.161475,17.814844],[-89.050439,17.999707],[-88.806348,17.965527],[-88.522998,18.445898],[-88.295654,18.472412],[-88.196777,18.719678],[-87.853223,18.268994],[-87.761816,18.446143],[-87.424756,19.58335],[-87.687695,19.637109],[-87.431934,19.898486],[-87.467187,20.102148],[-87.22124,20.507275],[-86.864697,20.885059],[-86.771777,21.150537],[-86.824072,21.42168],[-87.034766,21.592236],[-87.250879,21.446973],[-88.131641,21.615869],[-88.466699,21.569385],[-88.878711,21.414111],[-89.819775,21.274609],[-90.353125,21.009424],[-90.484131,20.556348],[-90.50708,19.911865],[-90.693164,19.729883],[-90.739258,19.352246],[-91.343066,18.900586],[-91.275244,18.624463],[-91.533984,18.456543],[-91.802979,18.470605],[-91.973779,18.715869],[-92.710107,18.61167],[-92.884766,18.468652],[-93.552344,18.430469],[-94.189014,18.195264],[-94.546191,18.174854],[-94.798145,18.5146],[-95.181836,18.700732],[-95.821094,18.754639],[-95.984668,19.05376],[-96.289551,19.34375],[-96.456055,19.869775],[-97.121436,20.61499],[-97.637549,21.603662],[-97.857812,22.624512],[-97.745215,22.942383],[-97.765869,23.306152],[-97.667676,24.38999],[-97.50708,25.014551],[-97.224902,25.585449],[-97.14624,25.961475],[-97.358154,25.870508],[-97.801416,26.042041],[-98.082812,26.064453],[-99.107764,26.446924],[-99.229932,26.761914],[-99.443555,27.03667],[-99.505322,27.54834],[-99.754248,27.729932],[-100.296045,28.327686],[-100.331738,28.502539],[-100.658643,29.068555],[-101.440381,29.776855],[-101.990918,29.795703],[-102.268945,29.871191],[-102.73418,29.643945],[-102.891992,29.216406],[-103.257715,29.001123],[-103.989746,29.323145],[-104.400635,29.57373],[-104.681348,29.990527],[-104.681348,30.134375],[-104.978809,30.645947],[-105.27583,30.807275],[-106.255713,31.544678],[-106.453223,31.770166],[-108.211816,31.779346],[-108.214453,31.329443],[-109.274756,31.327441],[-111.041992,31.324219],[-112.938965,31.91626],[-114.835938,32.508301],[-114.724756,32.715332],[-117.128271,32.53335]]],[[[-112.203076,29.005322],[-112.469824,29.167725],[-112.514062,28.847607],[-112.278418,28.769336],[-112.203076,29.005322]]]]},"properties":{"name":"Mexico","ISO3166-1-Alpha-3":"MEX","ISO3166-1-Alpha-2":"MX"}},
{"type":"Feature","geometry":{"type":"Polygon","coordinates":[[[57.65127,-20.484863],[57.791992,-20.212598],[57.575781,-19.997168],[57.385742,-20.228613],[57.383301,-20.503711],[57.65127,-20.484863]]]},"properties":{"name":"Mauritius","ISO3166-1-Alpha-3":"MUS","ISO3166-1-Alpha-2":"MU"}},
{"type":"Feature","geometry":{"type":"Polygon","coordinates":[[[-12.280615,14.809033],[-12.104687,14.745361],[-11.872852,14.995166],[-11.760156,15.425537],[-11.502686,15.636816],[-10.895605,15.150488],[-10.696582,15.422656],[-9.941406,15.373779],[-9.176807,15.496094],[-7.559375,15.496143],[-5.5125,15.496289],[-5.359912,16.282861],[-5.628662,16.568652],[-5.884082,18.798877],[-6.083398,20.539502],[-6.197266,21.53418],[-6.368115,23.026123],[-6.594092,24.994629],[-4.822607,24.995605],[-6.238672,25.848193],[-7.366992,26.511768],[-8.68335,27.285937],[-8.682227,25.995508],[-10.376123,25.995459],[-12.016309,25.99541],[-12.016309,24.650977],[-12.023438,23.467578],[-12.62041,23.271338],[-13.031494,23.000244],[-13.166504,22.753223],[-13.094336,22.495996],[-13.016211,21.333936],[-15.231201,21.331299],[-16.964551,21.329248],[-17.048047,20.806152],[-16.876074,21.086133],[-16.62251,20.63418],[-16.429785,20.652344],[-16.210449,20.22793],[-16.283398,19.787158],[-16.514453,19.361963],[-16.213086,19.00332],[-16.084961,18.521191],[-16.030322,17.887939],[-16.078906,17.54585],[-16.34668,16.926416],[-16.535742,16.286816],[-16.535254,15.838379],[-16.441016,16.204541],[-16.168359,16.54707],[-15.620801,16.506592],[-15.112646,16.644922],[-14.53374,16.655957],[-14.300098,16.580273],[-13.868457,16.148145],[-13.409668,16.05918],[-13.258008,15.700391],[-12.994336,15.504883],[-12.858496,15.242529],[-12.280615,14.809033]]]},"properties":{"name":"Mauritania","ISO3166-1-Alpha-3":"MRT","ISO3166-1-Alpha-2":"MR"}},
{"type":"Feature","geometry":{"type":"Polygon","coordinates":[[[14.566211,35.852734],[14.44834,35.957422],[14.352344,35.872266],[14.436426,35.82168],[14.566211,35.852734]]]},"properties":{"name":"Malta","ISO3166-1-Alpha-3":"MLT","ISO3166-1-Alpha-2":"MT"}},
{"type":"Feature","geometry":{"type":"Polygon","coordinates":[[[-11.389404,12.404395],[-11.502197,12.198633],[-11.305176,12.01543],[-10.933203,12.205176],[-10.677344,11.899414],[-10.274854,12.212646],[-9.820703,12.04248],[-9.358105,12.25542],[-9.365186,12.479297],[-9.043066,12.402344],[-8.818311,11.92251],[-8.822021,11.673242],[-8.407471,11.386279],[-8.663916,11.03584],[-8.337402,10.990625],[-8.231494,10.437988],[-7.990625,10.1625],[-7.661133,10.427441],[-7.104883,10.203516],[-6.950342,10.342334],[-6.693262,10.349463],[-6.5646,10.586426],[-6.261133,10.724072],[-6.190674,10.400293],[-6.03457,10.194824],[-5.843848,10.389551],[-5.523535,10.426025],[-5.490479,11.042383],[-5.299854,11.205957],[-5.229395,11.522461],[-5.288135,11.82793],[-5.105908,11.967529],[-4.797949,12.032129],[-4.428711,12.337598],[-4.480615,12.672217],[-4.2271,12.793701],[-4.328711,13.119043],[-4.051172,13.382422],[-3.853467,13.373535],[-3.575781,13.194189],[-3.301758,13.280762],[-3.198437,13.672852],[-2.91709,13.679492],[-2.873926,13.950732],[-2.457227,14.274121],[-2.113232,14.168457],[-1.973047,14.456543],[-1.767773,14.486035],[-1.049561,14.819531],[-0.760449,15.047754],[-0.235889,15.059424],[0.21748,14.911475],[0.28623,14.980176],[0.960059,14.986914],[1.300195,15.272266],[3.001074,15.340967],[3.060156,15.427197],[3.504297,15.356348],[3.520508,15.483105],[3.876953,15.755273],[4.121289,16.357715],[4.234668,16.996387],[4.227637,19.142773],[3.400879,18.988428],[3.106055,19.150098],[3.255859,19.410938],[3.203711,19.789697],[2.865723,19.955957],[2.406152,20.063867],[2.219336,20.247803],[1.685449,20.378369],[1.610645,20.555566],[1.165723,20.817432],[1.145508,21.102246],[-0.310547,22.054199],[-1.292969,22.696533],[-3.257861,23.98125],[-4.822607,24.995605],[-6.594092,24.994629],[-6.368115,23.026123],[-6.197266,21.53418],[-6.083398,20.539502],[-5.884082,18.798877],[-5.628662,16.568652],[-5.359912,16.282861],[-5.5125,15.496289],[-7.559375,15.496143],[-9.176807,15.496094],[-9.941406,15.373779],[-10.696582,15.422656],[-10.895605,15.150488],[-11.502686,15.636816],[-11.760156,15.425537],[-11.872852,14.995166],[-12.104687,14.745361],[-12.280615,14.809033],[-12.228418,14.458594],[-12.019189,14.206494],[-11.960889,13.875293],[-12.054199,13.633057],[-11.89458,13.444434],[-11.634961,13.369873],[-11.390381,12.941992],[-11.448779,12.531934],[-11.389404,12.404395]]]},"properties":{"name":"Mali","ISO3166-1-Alpha-3":"MLI","ISO3166-1-Alpha-2":"ML"}},
{"type":"Feature","geometry":{"type":"Polygon","coordinates":[[[73.512207,4.164551],[73.52832,4.243311],[73.504102,4.234619],[73.473047,4.170703],[73.512207,4.164551]]]},"properties":{"name":"Maldives","ISO3166-1-Alpha-3":"MDV","ISO3166-1-Alpha-2":"MV"}},
{"type":"Feature","geometry":{"type":"MultiPolygon","coordinates":[[[[100.119141,6.441992],[100.343262,5.98418],[100.352637,5.587695],[100.473437,5.044287],[100.614551,4.652246],[100.71543,3.966211],[101.299902,3.253271],[101.295508,2.885205],[101.78125,2.573584],[102.145605,2.248486],[102.548242,2.042383],[102.727148,1.855566],[103.356836,1.546143],[103.480273,1.329492],[103.694531,1.449658],[104.288477,1.480664],[104.218555,1.722852],[103.812207,2.580469],[103.439453,2.933105],[103.453516,3.520605],[103.362012,3.769141],[103.46875,4.393262],[103.41582,4.850293],[103.196973,5.262158],[102.982422,5.524951],[102.534375,5.862549],[102.340137,6.172021],[102.101074,6.242236],[101.873633,5.825293],[101.556055,5.907764],[101.257031,5.789355],[101.075586,5.956494],[101.053516,6.242578],[100.79375,6.426172],[100.34541,6.549902],[100.119141,6.441992]]],[[[117.574414,4.170605],[117.741016,4.337549],[118.008203,4.250244],[118.498047,4.362354],[118.5625,4.502148],[118.185352,4.828516],[118.381836,5.018506],[118.67207,4.964062],[119.132227,5.100488],[119.223437,5.412646],[118.957324,5.429004],[118.594824,5.59209],[118.456348,5.763428],[118.11582,5.8625],[118.003809,6.05332],[117.617188,5.940723],[117.645703,6.473682],[117.294043,6.676904],[117.128516,6.968896],[116.913281,6.659668],[116.749805,6.9771],[116.494727,6.52168],[116.138379,6.129541],[116.059766,5.882373],[115.796875,5.536133],[115.556445,5.566699],[115.419043,5.413184],[115.519824,5.048926],[115.140039,4.899756],[115.026758,4.899707],[114.74668,4.718066],[114.840234,4.393213],[114.608301,4.023975],[114.063867,4.592676],[113.923926,4.243213],[113.446094,3.740576],[113.044727,3.205225],[112.737305,3.070459],[111.727734,2.853809],[111.242188,2.435742],[111.268164,2.139746],[111.154199,1.73877],[110.939941,1.517334],[110.675195,1.548047],[110.349219,1.719727],[109.98457,1.717627],[109.719629,1.857812],[109.628906,2.027539],[109.538965,1.896191],[109.654004,1.614893],[110.315234,0.995996],[110.505762,0.861963],[110.938086,1.017334],[111.769727,0.999463],[112.078516,1.143359],[112.185742,1.439062],[112.476172,1.559082],[112.942969,1.566992],[113.006543,1.433887],[113.622266,1.235937],[113.902344,1.434277],[114.545898,1.467139],[114.830566,1.980029],[114.786426,2.250488],[115.179102,2.523193],[115.086328,2.841113],[115.246973,3.025928],[115.454395,3.034326],[115.566113,3.445752],[115.568457,3.93877],[115.678809,4.193018],[115.896191,4.348682],[116.414551,4.308203],[116.514746,4.370801],[117.100586,4.337061],[117.574414,4.170605]]]]},"properties":{"name":"Malaysia","ISO3166-1-Alpha-3":"MYS","ISO3166-1-Alpha-2":"MY"}},
{"type":"Feature","geometry":{"type":"Polygon","coordinates":[[[33.201758,-14.013379],[33.636426,-14.568164],[34.33252,-14.408594],[34.505273,-14.598145],[34.54082,-15.297266],[34.248242,-15.8875],[34.395508,-16.199219],[35.29043,-17.096973],[35.167188,-16.560254],[35.358496,-16.160547],[35.755273,-16.058301],[35.830273,-15.418945],[35.847168,-14.670898],[35.247461,-13.896875],[34.850488,-13.516016],[34.563672,-13.360156],[34.48291,-12.666797],[34.36084,-12.210547],[34.65957,-11.588672],[34.959473,-11.578125],[34.597656,-11.0375],[34.661816,-10.710059],[34.524219,-10.030176],[34.320898,-9.731543],[33.995605,-9.49541],[33.943945,-9.672168],[32.919922,-9.407422],[32.995996,-9.622852],[33.195703,-9.626172],[33.350977,-9.862207],[33.311523,-10.037988],[33.528906,-10.234668],[33.659082,-10.590527],[33.261328,-10.893359],[33.379785,-11.15791],[33.226367,-11.534863],[33.300977,-11.888184],[33.252344,-12.112598],[33.397949,-12.489844],[33.021582,-12.630469],[32.967578,-13.225],[32.67207,-13.610352],[32.99209,-14.022168],[33.201758,-14.013379]]]},"properties":{"name":"Malawi","ISO3166-1-Alpha-3":"MWI","ISO3166-1-Alpha-2":"MW"}},
{"type":"Feature","geometry":{"type":"Polygon","coordinates":[[[49.538281,-12.432129],[49.207031,-12.07959],[48.899609,-12.458496],[48.910352,-12.93584],[48.796484,-13.26748],[48.405078,-13.537988],[48.255273,-13.719336],[48.039844,-13.596289],[47.895996,-13.730664],[47.995508,-13.960449],[47.77334,-14.369922],[47.811523,-14.544824],[47.280469,-14.942676],[46.993262,-15.243164],[46.882031,-15.22959],[46.475098,-15.513477],[46.331445,-15.713672],[45.700195,-15.81377],[45.598242,-15.992578],[45.166797,-15.982813],[44.90918,-16.174512],[44.476172,-16.217285],[44.421387,-16.702637],[43.979395,-17.391602],[44.040039,-18.288477],[44.233105,-18.740625],[44.23877,-19.075195],[44.448828,-19.428711],[44.404688,-19.92207],[44.239648,-20.379688],[43.911133,-20.86582],[43.800195,-21.179199],[43.501855,-21.356445],[43.266602,-22.049316],[43.264844,-22.383594],[43.397852,-22.886328],[43.569531,-23.080469],[43.722266,-23.529688],[43.646094,-23.741895],[43.6875,-24.35791],[43.851562,-24.538379],[44.035352,-24.995703],[44.345898,-25.226074],[44.812891,-25.33418],[45.115234,-25.543066],[45.508008,-25.563184],[46.158691,-25.230371],[46.728516,-25.149902],[47.034961,-24.979004],[47.177344,-24.787207],[47.372559,-24.218457],[47.558008,-23.874609],[47.908398,-22.46582],[48.350781,-21.349023],[48.607031,-20.45752],[49.060059,-19.119629],[49.362891,-18.336328],[49.477832,-17.898535],[49.437109,-17.34668],[49.539551,-17.03291],[49.767188,-16.815137],[49.831055,-16.255859],[49.712793,-16.076758],[49.649902,-15.566992],[49.892578,-15.457715],[50.02041,-15.801758],[50.208984,-15.960449],[50.482715,-15.385645],[50.441309,-15.149316],[50.235352,-14.732031],[50.173828,-14.040234],[49.9375,-13.072266],[49.538281,-12.432129]]]},"properties":{"name":"Madagascar","ISO3166-1-Alpha-3":"MDG","ISO3166-1-Alpha-2":"MG"}},
{"type":"Feature","geometry":{"type":"Polygon","coordinates":[[[21.5625,42.24751],[21.256348,42.099512],[21.059766,42.171289],[20.566211,41.873682],[20.448633,41.521289],[20.488965,41.272607],[20.74082,40.905273],[20.964258,40.849902],[21.575781,40.868945],[21.929492,41.107422],[22.493555,41.118506],[22.916016,41.336279],[23.005664,41.716943],[22.836816,41.993604],[22.344043,42.313965],[21.5625,42.24751]]]},"properties":{"name":"North Macedonia","ISO3166-1-Alpha-3":"MKD","ISO3166-1-Alpha-2":"MK"}},
{"type":"Feature","geometry":{"type":"Polygon","coordinates":[[[6.116504,50.120996],[5.744043,49.919629],[5.789746,49.538281],[6.344336,49.452734],[6.487305,49.798486],[6.116504,50.120996]]]},"properties":{"name":"Luxembourg","ISO3166-1-Alpha-3":"LUX","ISO3166-1-Alpha-2":"LU"}},
{"type":"Feature","geometry":{"type":"Polygon","coordinates":[[[22.766211,54.356787],[23.453613,54.143457],[23.484668,53.939795],[24.768164,53.974658],[25.547363,54.331836],[25.859277,54.919287],[26.175195,55.003271],[26.593555,55.667529],[26.28125,55.750439],[25.585742,56.130176],[25.069922,56.200391],[24.903027,56.398193],[24.120703,56.264258],[23.812695,56.329248],[22.08457,56.406738],[21.046094,56.070068],[21.235742,55.264111],[22.072363,55.063672],[22.567285,55.059131],[22.83125,54.838477],[22.766211,54.356787]]]},"properties":{"name":"Lithuania","ISO3166-1-Alpha-3":"LTU","ISO3166-1-Alpha-2":"LT"}},
{"type":"Feature","geometry":{"type":"Polygon","coordinates":[[[9.580273,47.057373],[9.527539,47.270752],[9.487695,47.062256],[9.580273,47.057373]]]},"properties":{"name":"Liechtenstein","ISO3166-1-Alpha-3":"LIE","ISO3166-1-Alpha-2":"LI"}},
{"type":"Feature","geometry":{"type":"Polygon","coordinates":[[[9.51875,30.229395],[9.310254,30.115234],[9.672656,29.566992],[9.842578,28.966992],[9.815625,28.560205],[9.916016,27.785693],[9.747559,27.330859],[9.894434,26.847949],[9.859375,26.551953],[9.491406,26.33374],[9.448242,26.067139],[10.000684,25.33208],[10.028125,25.051025],[10.255859,24.591016],[10.438965,24.480225],[10.686133,24.551367],[11.536914,24.29082],[11.967871,23.517871],[13.48125,23.180176],[14.230762,22.618457],[14.979004,22.996191],[15.984082,23.445215],[16.794141,23.045264],[18.231348,22.335547],[19.668555,21.62583],[21.584961,20.679492],[23.022168,19.969775],[23.980273,19.496631],[23.980273,19.995947],[24.979492,20.002588],[24.980273,21.99585],[24.980273,24.016943],[24.980273,25.588867],[24.980273,27.16084],[24.980273,29.181885],[24.726465,30.250586],[24.973926,30.776562],[24.852734,31.334814],[25.150488,31.65498],[25.025,31.88335],[24.683887,32.015967],[24.129688,32.009229],[23.797656,32.158691],[23.286328,32.213818],[23.10625,32.331445],[23.090625,32.61875],[22.187402,32.918262],[21.635938,32.937305],[21.424707,32.79917],[21.062305,32.775537],[20.621094,32.580176],[20.121484,32.21875],[19.926367,31.817529],[20.150977,31.078613],[20.013184,30.800684],[19.713281,30.488379],[19.291699,30.288086],[18.936426,30.29043],[18.669824,30.415674],[18.19043,30.777295],[17.349219,31.081494],[16.781543,31.214746],[16.123047,31.264453],[15.705957,31.426416],[15.496387,31.656787],[15.359082,32.159668],[15.176563,32.391162],[14.513379,32.511084],[14.237109,32.68125],[13.283496,32.914648],[12.753516,32.801074],[12.279883,32.858545],[11.50459,33.181934],[11.453906,32.642578],[11.50498,32.413672],[10.826367,32.080664],[10.114941,31.46377],[10.243359,31.032129],[10.216406,30.783203],[9.89502,30.387305],[9.51875,30.229395]]]},"properties":{"name":"Libya","ISO3166-1-Alpha-3":"LBY","ISO3166-1-Alpha-2":"LY"}},
{"type":"Feature","geometry":{"type":"Polygon","coordinates":[[[-11.50752,6.906543],[-11.291602,6.688232],[-10.849023,6.465088],[-10.785596,6.310156],[-10.276367,6.077637],[-9.132178,5.054639],[-8.259033,4.58999],[-7.544971,4.351318],[-7.568896,5.080664],[-7.429834,5.324512],[-7.454395,5.841309],[-7.796533,5.975098],[-7.888623,6.234863],[-8.203857,6.290723],[-8.603564,6.507812],[-8.332568,6.801562],[-8.296631,7.074023],[-8.486426,7.558496],[-8.708301,7.658887],[-8.889648,7.262695],[-9.117578,7.215918],[-9.459766,7.442529],[-9.368945,7.639551],[-9.518262,8.346094],[-9.768262,8.53457],[-10.064355,8.429883],[-10.283203,8.485156],[-10.389551,8.157617],[-10.57085,8.071143],[-10.647461,7.759375],[-11.267676,7.232617],[-11.50752,6.906543]]]},"properties":{"name":"Liberia","ISO3166-1-Alpha-3":"LBR","ISO3166-1-Alpha-2":"LR"}},
{"type":"Feature","geometry":{"type":"Polygon","coordinates":[[[28.736914,-30.101953],[29.098047,-29.919043],[29.390723,-29.269727],[29.301367,-29.089844],[28.953711,-28.881445],[28.625781,-28.581738],[28.232617,-28.70127],[27.735547,-28.940039],[27.294531,-29.519336],[27.051758,-29.664062],[27.388477,-30.315918],[27.753125,-30.6],[28.018164,-30.642285],[28.39209,-30.147559],[28.736914,-30.101953]]]},"properties":{"name":"Lesotho","ISO3166-1-Alpha-3":"LSO","ISO3166-1-Alpha-2":"LS"}},
{"type":"Feature","geometry":{"type":"Polygon","coordinates":[[[35.97627,34.629199],[35.647852,34.248242],[35.611816,34.032178],[35.108594,33.083691],[35.41123,33.075684],[35.840723,33.415674],[35.869141,33.431738],[35.942383,33.667578],[36.282227,33.894189],[36.584961,34.22124],[36.433008,34.613477],[35.97627,34.629199]]]},"properties":{"name":"Lebanon","ISO3166-1-Alpha-3":"LBN","ISO3166-1-Alpha-2":"LB"}},
{"type":"Feature","geometry":{"type":"Polygon","coordinates":[[[26.593555,55.667529],[27.052539,55.830566],[27.576758,55.798779],[28.147949,56.14292],[28.103125,56.545703],[27.806055,56.86709],[27.796875,57.316943],[27.351953,57.528125],[26.899805,57.608789],[26.532617,57.531006],[25.991113,57.838184],[25.111035,58.063428],[24.322559,57.870605],[24.403223,57.325],[24.28125,57.172314],[23.647754,56.971045],[23.287305,57.089746],[23.136816,57.323828],[22.55459,57.724268],[21.728711,57.570996],[21.45918,57.322461],[21.350781,57.017676],[21.071289,56.82373],[21.046094,56.070068],[22.08457,56.406738],[23.812695,56.329248],[24.120703,56.264258],[24.903027,56.398193],[25.069922,56.200391],[25.585742,56.130176],[26.28125,55.750439],[26.593555,55.667529]]]},"properties":{"name":"Latvia","ISO3166-1-Alpha-3":"LVA","ISO3166-1-Alpha-2":"LV"}},
{"type":"Feature","geometry":{"type":"Polygon","coordinates":[[[102.127441,22.379199],[101.671484,22.462305],[101.524512,22.253662],[101.736523,21.826514],[101.704785,21.150146],[101.224414,21.22373],[101.138867,21.56748],[100.756641,21.312646],[100.536133,20.992383],[100.565137,20.825098],[100.249316,20.730273],[100.122461,20.31665],[100.317969,20.385889],[100.543066,20.088672],[100.397656,19.756104],[100.625488,19.499854],[101.154688,19.579199],[101.286328,18.977148],[101.050586,18.407031],[101.113281,18.033545],[100.908496,17.583887],[101.105176,17.479541],[102.101465,18.210645],[102.717578,17.892236],[103.051367,18.028516],[103.366992,18.42334],[103.949609,18.318994],[104.428125,17.698975],[104.739648,17.46167],[104.816016,17.300293],[104.750586,16.647559],[105.047168,16.160254],[105.40625,15.987451],[105.62207,15.699951],[105.513184,15.360889],[105.54668,14.932471],[105.475586,14.530127],[105.183301,14.34624],[105.350195,14.10957],[105.531543,14.156152],[105.904492,13.924512],[106.124707,14.049121],[105.978906,14.343018],[106.501465,14.578223],[106.819922,14.314697],[107.109375,14.416699],[107.519434,14.705078],[107.480371,14.979883],[107.653125,15.255225],[107.189551,15.747266],[107.396387,16.043018],[106.696094,16.458984],[106.546191,16.650732],[106.502246,16.954102],[105.691406,17.737842],[105.458203,18.154297],[105.08584,18.450098],[105.115137,18.678857],[104.716504,18.803418],[103.896387,19.33999],[104.032031,19.675146],[104.546289,19.610547],[104.92793,20.018115],[104.618848,20.374512],[104.583203,20.64668],[104.052051,20.941211],[103.635059,20.69707],[103.104492,20.89165],[102.851172,21.265918],[102.948633,21.569775],[102.695312,21.662109],[102.58252,21.904297],[102.127441,22.379199]]]},"properties":{"name":"Laos","ISO3166-1-Alpha-3":"LAO","ISO3166-1-Alpha-2":"LA"}},
{"type":"Feature","geometry":{"type":"Polygon","coordinates":[[[70.958008,40.238867],[70.451367,40.049219],[69.966797,40.202246],[69.530273,40.097314],[69.229102,39.761084],[69.297656,39.524805],[69.598828,39.573779],[70.607813,39.564404],[70.733105,39.413281],[71.404297,39.597852],[72.042773,39.352148],[73.234961,39.374561],[73.631641,39.448877],[73.914648,39.606494],[73.835352,39.800146],[73.991602,40.043115],[74.411914,40.137207],[75.004492,40.449512],[75.583496,40.605322],[75.655957,40.329248],[75.871973,40.303223],[76.480176,40.449512],[76.824023,40.982324],[76.986621,41.03916],[77.581738,40.992773],[78.123438,41.075635],[78.362402,41.371631],[79.293555,41.782812],[80.216211,42.032422],[80.209375,42.190039],[79.921094,42.413135],[79.490137,42.457568],[79.164844,42.759033],[78.524219,42.864648],[75.789551,42.93291],[75.635645,42.8146],[75.047656,42.904395],[74.209082,43.240381],[73.55625,43.002783],[73.421875,42.593506],[73.28291,42.504102],[71.816797,42.822168],[71.256641,42.733545],[71.022754,42.535449],[70.946777,42.248682],[70.841895,42.019629],[70.180957,41.571436],[70.782422,41.2625],[71.408398,41.136035],[71.420898,41.341895],[71.79248,41.413135],[71.878613,41.19502],[72.164258,41.17373],[72.62041,40.883789],[73.112891,40.786035],[72.357715,40.40166],[72.13125,40.438623],[71.69248,40.152344],[71.304688,40.286914],[70.958008,40.238867]]]},"properties":{"name":"Kyrgyzstan","ISO3166-1-Alpha-3":"KGZ","ISO3166-1-Alpha-2":"KG"}},
{"type":"Feature","geometry":{"type":"Polygon","coordinates":[[[48.44248,28.54292],[48.183789,28.979395],[47.969629,29.616699],[47.978711,29.982812],[47.672754,30.095605],[47.331348,30.079687],[47.114355,29.961328],[46.905859,29.5375],[46.531445,29.09624],[47.433203,28.989551],[47.671289,28.533154],[48.44248,28.54292]]]},"properties":{"name":"Kuwait","ISO3166-1-Alpha-3":"KWT","ISO3166-1-Alpha-2":"KW"}},
{"type":"Feature","geometry":{"type":"Polygon","coordinates":[[[20.344336,42.82793],[20.029492,42.732031],[20.063965,42.547266],[20.485449,42.223389],[20.566211,41.873682],[21.059766,42.171289],[21.256348,42.099512],[21.5625,42.24751],[21.75293,42.669824],[21.390625,42.751416],[21.057031,43.091699],[20.624023,43.03418],[20.344336,42.82793]]]},"properties":{"name":"Kosovo","ISO3166-1-Alpha-3":null,"ISO3166-1-Alpha-2":"XK"}},
{"type":"Feature","geometry":{"type":"Polygon","coordinates":[[[-157.342139,1.855566],[-157.420117,1.787549],[-157.246143,1.731738],[-157.342139,1.855566]]]},"properties":{"name":"Kiribati","ISO3166-1-Alpha-3":"KIR","ISO3166-1-Alpha-2":"KI"}},
{"type":"Feature","geometry":{"type":"Polygon","coordinates":[[[33.903223,-1.002051],[33.979395,-1.002051],[35.836914,-2.036621],[37.643848,-3.04541],[37.608691,-3.460254],[37.797266,-3.674414],[39.221777,-4.692383],[39.490918,-4.478418],[39.819141,-3.786035],[39.860938,-3.576758],[40.11543,-3.250586],[40.222461,-2.688379],[40.644141,-2.539453],[40.898242,-2.269922],[40.995508,-1.950586],[41.386914,-1.866992],[41.532715,-1.695312],[41.521875,-1.572266],[40.978711,-0.870313],[40.97002,1.378174],[40.964453,2.814648],[41.341797,3.20166],[41.883984,3.977734],[41.220898,3.943555],[40.765234,4.273047],[39.842188,3.851465],[39.494434,3.456104],[38.608008,3.600098],[38.086133,3.648828],[36.905566,4.411475],[36.081934,4.449707],[35.763086,4.808008],[35.74502,5.343994],[35.268359,5.492285],[33.976074,4.220215],[34.165039,3.812988],[34.392871,3.691504],[34.447852,3.163477],[34.74248,2.818115],[34.964063,2.062402],[34.965234,1.643359],[34.787598,1.230713],[34.481738,1.042139],[34.160938,0.605176],[33.943164,0.173779],[33.903223,-1.002051]]]},"properties":{"name":"Kenya","ISO3166-1-Alpha-3":"KEN","ISO3166-1-Alpha-2":"KE"}},
{"type":"Feature","geometry":{"type":"Polygon","coordinates":[[[70.946777,42.248682],[71.022754,42.535449],[71.256641,42.733545],[71.816797,42.822168],[73.28291,42.504102],[73.421875,42.593506],[73.55625,43.002783],[74.209082,43.240381],[75.047656,42.904395],[75.635645,42.8146],[75.789551,42.93291],[78.524219,42.864648],[79.164844,42.759033],[79.490137,42.457568],[79.921094,42.413135],[80.209375,42.190039],[80.165039,42.665527],[80.785742,43.161572],[80.495996,43.89209],[80.355273,44.097266],[80.336328,44.438379],[80.455469,44.746094],[79.997168,44.797217],[80.05918,45.006445],[80.85332,45.129297],[81.602051,45.31084],[81.989258,45.161865],[82.478711,45.123584],[82.58252,45.442578],[82.32666,45.519922],[82.555078,46.158691],[83.004102,47.033496],[83.193066,47.186572],[84.016016,46.970508],[84.666602,46.972363],[84.786133,46.830713],[85.656641,47.254639],[85.525977,47.915625],[85.749414,48.385059],[86.549414,48.528613],[86.717969,48.697168],[86.753125,49.008838],[87.322852,49.085791],[86.614258,49.609717],[86.180859,49.499316],[85.210156,49.664844],[84.989453,50.061426],[84.257812,50.288232],[83.945117,50.774658],[83.357324,50.99458],[82.76084,50.893359],[82.493945,50.727588],[81.465918,50.739844],[81.388281,50.956494],[80.877344,51.281445],[80.448047,51.18335],[80.423633,50.946289],[79.98623,50.774561],[79.468848,51.493115],[78.475488,52.638428],[77.704395,53.37915],[76.575684,53.942529],[76.788965,54.321875],[76.266602,54.311963],[75.052148,53.826709],[74.451953,53.647266],[73.285742,53.598389],[73.399414,53.811475],[72.914062,54.107324],[72.004492,54.205664],[71.093164,54.212207],[71.185547,54.599316],[70.738086,55.305176],[70.182422,55.162451],[69.493262,55.356885],[68.977246,55.3896],[68.20625,55.160937],[68.073828,54.95957],[67.693359,54.872412],[66.222656,54.667383],[65.476953,54.623291],[65.157813,54.364404],[64.46123,54.38418],[63.073926,54.105225],[61.928711,53.946484],[61.333691,54.049268],[60.979492,53.621729],[61.247949,53.550977],[61.199219,53.287158],[62.014648,53.107861],[61.974219,52.94375],[61.047461,52.972461],[60.802344,52.744727],[60.937598,52.280566],[60.065527,51.976465],[60.464746,51.651172],[61.363086,51.441895],[61.585059,51.229687],[61.389453,50.861035],[60.637988,50.663721],[59.955176,50.799268],[59.812402,50.582031],[58.883691,50.694434],[58.35918,51.063818],[57.838867,51.09165],[57.442188,50.888867],[57.011719,51.065186],[56.491406,51.019531],[55.797656,50.602051],[55.542285,50.601807],[54.727148,50.998096],[54.421484,50.780322],[54.041504,51.115186],[53.338086,51.482373],[52.571191,51.481641],[52.331055,51.681299],[52.007129,51.672705],[51.609082,51.483984],[50.793945,51.729199],[50.246875,51.289502],[49.498047,51.083594],[49.323438,50.851709],[48.808398,50.601318],[48.700488,50.35376],[48.843262,50.013135],[48.434277,49.828516],[47.705762,50.377979],[47.326465,50.273535],[47.295215,50.058496],[46.991992,49.852734],[46.802051,49.36709],[47.014258,49.09834],[46.702637,48.805566],[46.660938,48.412256],[47.004297,48.284473],[47.093262,47.947705],[47.481934,47.803906],[48.109961,47.74541],[48.552539,47.320996],[48.959375,46.774609],[48.610156,46.566455],[49.232227,46.337158],[49.347461,46.519141],[49.999805,46.634277],[50.419336,46.879492],[51.178027,47.110156],[52.18877,46.839502],[52.483203,46.990674],[52.916016,46.954395],[53.170215,46.669043],[53.135254,46.19165],[52.773828,45.572754],[52.531055,45.398633],[51.415723,45.357861],[51.040332,44.980322],[51.177148,44.501367],[50.860352,44.62876],[50.409473,44.624023],[50.331152,44.325488],[50.830762,44.192773],[51.301758,43.482373],[51.29541,43.174121],[51.616016,43.158447],[51.844141,42.910449],[52.596582,42.760156],[52.618359,42.428223],[52.462109,42.100635],[52.493848,41.780371],[52.870508,42.060596],[53.250098,42.205859],[54.120996,42.335205],[54.903711,41.919092],[55.249609,41.458105],[55.545215,41.262744],[55.977441,41.322217],[55.976367,43.617627],[55.975684,44.994922],[58.555273,45.555371],[61.00791,44.393799],[61.160742,44.168604],[61.990234,43.492139],[63.207031,43.627979],[64.443164,43.551172],[64.905469,43.714697],[65.496191,43.310547],[65.803027,42.876953],[66.100293,42.99082],[66.00957,42.004883],[66.498633,41.994873],[66.668652,41.270752],[66.814258,41.142383],[67.935742,41.196582],[68.113086,41.028613],[68.047656,40.809277],[68.291895,40.656104],[68.600684,40.659961],[68.584082,40.87627],[68.986914,41.205029],[69.064941,41.366943],[69.663867,41.672119],[70.095605,41.820508],[70.416016,42.078564],[70.613281,42.054736],[70.946777,42.248682]]]},"properties":{"name":"Kazakhstan","ISO3166-1-Alpha-3":"KAZ","ISO3166-1-Alpha-2":"KZ"}},
{"type":"Feature","geometry":{"type":"Polygon","coordinates":[[[35.787305,32.734912],[35.572852,32.640869],[35.551465,32.395508],[35.558984,31.765527],[35.450586,31.479297],[35.439258,31.132422],[35.174023,30.523926],[35.141602,30.141699],[34.973438,29.555029],[34.950781,29.353516],[36.01543,29.190479],[36.476074,29.495117],[36.755273,29.866016],[37.469238,29.995068],[37.633594,30.313281],[37.980078,30.5],[36.958594,31.491504],[38.962305,31.994922],[39.14541,32.124512],[38.773535,33.372217],[36.818359,32.317285],[36.37207,32.386914],[35.787305,32.734912]]]},"properties":{"name":"Jordan","ISO3166-1-Alpha-3":"JOR","ISO3166-1-Alpha-2":"JO"}},
{"type":"Feature","geometry":{"type":"MultiPolygon","coordinates":[[[[143.824316,44.116992],[143.288574,44.396631],[142.704102,44.819189],[141.937695,45.509521],[141.667969,45.40127],[141.583008,45.155957],[141.782227,44.716357],[141.644727,44.019434],[141.397656,43.642627],[141.296289,43.199658],[140.780664,43.21499],[140.224121,42.795508],[139.891113,42.649219],[139.820898,42.387598],[140.108398,41.912939],[139.995313,41.576416],[140.384961,41.519287],[140.659863,41.815576],[141.150977,41.805078],[140.315234,42.334277],[140.480469,42.559375],[140.709766,42.555615],[140.986133,42.342139],[141.406641,42.546924],[141.851367,42.579053],[142.508203,42.257959],[143.236523,42.000195],[143.429492,42.418896],[143.969336,42.881396],[144.301563,42.984424],[144.630762,42.946924],[145.347461,43.176709],[145.101074,43.764551],[145.351953,44.229785],[144.798535,43.940234],[144.481836,43.949561],[143.824316,44.116992]]],[[[131.174609,33.602588],[130.953125,33.872021],[130.483789,33.834619],[130.365039,33.634473],[129.659961,33.36499],[129.580078,33.236279],[130.175,32.851318],[130.381738,33.092578],[130.640527,32.619238],[130.462012,32.304932],[130.194434,32.090771],[130.187891,31.768848],[130.321973,31.601465],[130.200684,31.291895],[130.58877,31.178516],[131.098438,31.256152],[131.337207,31.404687],[131.460254,31.883496],[131.732129,32.592822],[131.97666,32.843945],[131.896582,33.25459],[131.583008,33.652393],[131.174609,33.602588]]],[[[134.357422,34.256348],[134.075879,34.358398],[133.70625,34.237354],[133.582031,34.017139],[133.133691,33.927295],[132.784277,33.992432],[132.643066,33.689941],[132.365918,33.512451],[132.511426,33.293066],[132.495117,32.916602],[132.977246,32.841992],[133.285938,33.359961],[133.632031,33.510986],[133.958691,33.44834],[134.181641,33.247217],[134.377051,33.608398],[134.738867,33.820508],[134.6375,34.226611],[134.357422,34.256348]]],[[[141.229297,41.372656],[140.936914,41.505566],[140.800586,41.138818],[141.200391,41.243604],[141.118555,40.882275],[140.679395,40.893262],[140.627637,41.19541],[140.385938,41.229785],[140.28125,40.846094],[139.922852,40.598437],[140.014453,40.314893],[139.908008,40.021729],[140.054688,39.749268],[140.048145,39.463721],[139.801953,38.881592],[139.580176,38.598877],[139.400977,38.142578],[138.885059,37.843945],[138.709375,37.560645],[138.319922,37.218408],[137.514063,36.951562],[137.342578,36.770361],[137.016699,36.837207],[136.719238,37.198389],[136.698145,36.742041],[136.00625,35.990576],[136.095313,35.767627],[135.680273,35.503125],[135.326953,35.525537],[135.174316,35.74707],[134.214063,35.539258],[133.376465,35.458838],[132.922949,35.511279],[131.856055,34.726318],[131.354395,34.413184],[131.004199,34.392578],[130.918848,33.975732],[131.232617,33.947998],[131.740527,34.052051],[132.090234,33.855469],[132.238086,34.227002],[132.421289,34.353369],[132.656543,34.246094],[133.142383,34.302441],[133.445312,34.433154],[133.968262,34.527295],[134.208301,34.697656],[134.740039,34.765234],[135.384766,34.500439],[135.100098,34.288379],[135.175391,33.898047],[135.452832,33.553369],[135.916211,33.561719],[136.329883,34.176855],[136.853711,34.324072],[136.880273,34.433594],[136.533008,34.678369],[136.690039,34.984131],[136.88457,34.805859],[137.543359,34.664209],[138.189063,34.596338],[138.577148,35.086475],[138.802734,34.974805],[138.982617,34.698389],[139.249414,35.278027],[139.65,35.409131],[139.834766,35.658057],[140.086328,35.54043],[139.826465,35.29668],[139.799219,34.956934],[140.416504,35.266992],[140.457422,35.510254],[140.874023,35.724951],[140.621973,36.059229],[140.627344,36.502783],[140.968359,37.002051],[141.036328,37.467236],[140.92793,37.949609],[141.108398,38.337939],[141.46748,38.40415],[141.658594,38.974854],[141.900781,39.111328],[141.977832,39.844434],[141.79707,40.291162],[141.462793,40.611133],[141.4,41.096338],[141.229297,41.372656]]]]},"properties":{"name":"Japan","ISO3166-1-Alpha-3":"JPN","ISO3166-1-Alpha-2":"JP"}},
{"type":"Feature","geometry":{"type":"Polygon","coordinates":[[[-77.261475,18.457422],[-77.873437,18.522217],[-78.216699,18.448096],[-78.073633,18.191162],[-77.768164,17.877393],[-77.361426,17.833691],[-76.853223,17.97373],[-76.524609,17.866211],[-76.210791,17.913525],[-76.349854,18.151855],[-76.908203,18.39043],[-77.261475,18.457422]]]},"properties":{"name":"Jamaica","ISO3166-1-Alpha-3":"JAM","ISO3166-1-Alpha-2":"JM"}},
{"type":"Feature","geometry":{"type":"MultiPolygon","coordinates":[[[[7.021094,45.925781],[6.804492,45.814551],[7.153418,45.400928],[7.07832,45.239941],[6.627734,45.117969],[7.030664,44.716699],[6.842969,44.510693],[6.967285,44.280029],[7.651465,44.033643],[7.493164,43.767139],[8.081641,43.918945],[8.551953,44.346143],[8.76582,44.422314],[9.289355,44.319238],[10.047656,44.019971],[10.245801,43.8521],[10.320508,43.513086],[10.708398,42.936328],[11.167773,42.535156],[11.637305,42.287549],[12.630859,41.469678],[13.088672,41.243848],[13.733398,41.235645],[14.102344,40.827148],[14.459375,40.632715],[14.765723,40.668408],[14.950879,40.239014],[15.294531,40.07002],[15.692773,39.990186],[16.023633,39.353613],[16.196777,38.759229],[15.972363,38.712598],[15.822363,38.302979],[15.643066,38.175391],[15.724512,37.939111],[16.056836,37.941846],[16.282422,38.249561],[16.545605,38.409082],[16.558984,38.714795],[16.755469,38.889697],[17.174609,38.998096],[17.114551,39.380615],[16.597754,39.638916],[16.52998,39.859668],[16.928223,40.458057],[17.215332,40.486426],[17.476172,40.314941],[17.865039,40.280176],[18.07793,39.936963],[18.34375,39.821387],[18.48584,40.104834],[18.328223,40.37085],[17.95498,40.655176],[17.474219,40.840576],[17.103418,41.062158],[16.012598,41.4354],[15.91377,41.62085],[16.15127,41.758496],[15.964063,41.939453],[15.16875,41.934033],[14.866113,42.052539],[14.182715,42.506445],[14.010449,42.689551],[13.56416,43.571289],[12.691113,43.994727],[12.396289,44.223877],[12.24834,44.72251],[12.523438,44.967969],[12.225684,45.241504],[12.274316,45.446045],[13.030273,45.6375],[13.206348,45.771387],[13.719824,45.587598],[13.399512,46.317529],[13.7,46.520264],[12.388281,46.702637],[12.154102,46.935254],[11.244434,46.975684],[11.025098,46.796973],[10.452832,46.864941],[10.430664,46.550049],[10.087012,46.599902],[9.939258,46.361816],[9.251074,46.286768],[8.953711,45.830029],[8.458398,46.245898],[8.081543,46.256006],[7.993164,46.015918],[7.021094,45.925781]],[[12.43916,41.898389],[12.430566,41.897559],[12.430566,41.905469],[12.438379,41.906201],[12.43916,41.898389]],[[12.485254,43.901416],[12.396875,43.93457],[12.441113,43.982422],[12.514648,43.952979],[12.485254,43.901416]]],[[[15.576563,38.220312],[14.845898,38.17168],[14.505957,38.045508],[13.681543,38.000732],[13.35166,38.180518],[12.902734,38.034863],[12.734375,38.183057],[12.435547,37.819775],[12.699023,37.571826],[12.924121,37.570508],[13.905469,37.100635],[14.142969,37.103662],[14.501855,36.798682],[15.112598,36.687842],[15.294531,37.013281],[15.099512,37.458594],[15.234473,37.784814],[15.576563,38.220312]]],[[[9.632031,40.882031],[9.283008,41.20166],[8.189941,40.651611],[8.471289,40.292676],[8.418164,39.205713],[8.648535,38.926562],[8.881348,38.912891],[9.056348,39.23916],[9.5625,39.166016],[9.700781,40.091797],[9.642969,40.268408],[9.805273,40.499561],[9.632031,40.882031]]]]},"properties":{"name":"Italy","ISO3166-1-Alpha-3":"ITA","ISO3166-1-Alpha-2":"IT"}},
{"type":"Feature","geometry":{"type":"Polygon","coordinates":[[[35.840723,33.415674],[35.41123,33.075684],[35.108594,33.083691],[34.678418,31.895703],[34.477344,31.584863],[34.245313,31.208301],[34.658594,30.191455],[34.904297,29.477344],[34.973438,29.555029],[35.141602,30.141699],[35.174023,30.523926],[35.439258,31.132422],[35.450586,31.479297],[35.101172,31.366211],[34.950977,31.602295],[35.198047,31.776318],[34.989746,31.913281],[34.955957,32.160937],[35.193262,32.534424],[35.551465,32.395508],[35.572852,32.640869],[35.787305,32.734912],[35.887977,32.944379],[35.816125,33.361879],[35.840723,33.415674]]]},"properties":{"name":"Israel","ISO3166-1-Alpha-3":"ISR","ISO3166-1-Alpha-2":"IL"}},
{"type":"Feature","geometry":{"type":"MultiPolygon","coordinates":[[[[34.477344,31.584863],[34.198145,31.322607],[34.245313,31.208301],[34.477344,31.584863]]],[[[35.551465,32.395508],[35.193262,32.534424],[34.955957,32.160937],[34.989746,31.913281],[35.198047,31.776318],[34.950977,31.602295],[35.101172,31.366211],[35.450586,31.479297],[35.558984,31.765527],[35.551465,32.395508]]]]},"properties":{"name":"Palestine","ISO3166-1-Alpha-3":"PSE","ISO3166-1-Alpha-2":"PS"}},
{"type":"Feature","geometry":{"type":"Polygon","coordinates":[[[-7.218652,55.091992],[-7.24668,55.353027],[-8.274609,55.146289],[-8.377295,54.889453],[-8.763916,54.681201],[-8.230371,54.507275],[-8.623145,54.346875],[-9.995947,54.276025],[-9.856348,54.004297],[-9.79541,53.394971],[-9.299219,53.097559],[-9.586328,52.55918],[-9.906055,52.403711],[-9.955811,52.13667],[-10.378711,51.86875],[-9.579834,51.689258],[-9.296484,51.498242],[-8.813428,51.584912],[-7.664551,51.979736],[-7.527295,52.098877],[-6.561084,52.188818],[-6.217236,52.543115],[-6.027393,52.9271],[-6.141846,53.577539],[-6.345166,53.987207],[-6.218018,54.088721],[-6.649805,54.058643],[-6.936133,54.374316],[-7.355176,54.12124],[-7.854932,54.215283],[-8.118262,54.414258],[-7.886133,54.666064],[-7.550391,54.767969],[-7.218652,55.091992]]]},"properties":{"name":"Ireland","ISO3166-1-Alpha-3":"IRL","ISO3166-1-Alpha-2":"IE"}},
{"type":"Feature","geometry":{"type":"Polygon","coordinates":[[[42.358984,37.108594],[41.788574,36.597168],[41.416797,36.514648],[41.245605,36.073389],[41.354102,35.64043],[41.216406,35.288184],[41.194727,34.768994],[40.987012,34.429053],[40.689453,34.332031],[38.773535,33.372217],[39.14541,32.124512],[40.369336,31.938965],[42.074414,31.080371],[42.857715,30.495215],[44.69082,29.202344],[46.356445,29.063672],[46.531445,29.09624],[46.905859,29.5375],[47.114355,29.961328],[47.331348,30.079687],[47.672754,30.095605],[47.978711,29.982812],[48.141699,30.040918],[48.546484,29.962354],[48.331055,30.285449],[48.014941,30.465625],[48.010645,30.989795],[47.679492,31.002393],[47.679492,31.400586],[47.82998,31.794434],[47.511914,32.15083],[47.371289,32.42373],[47.121387,32.466602],[46.377051,32.929248],[46.112793,32.957666],[46.145898,33.229639],[45.879395,33.609766],[45.738281,33.602832],[45.39707,33.97085],[45.528613,34.152539],[45.437598,34.415137],[45.6375,34.573828],[45.678125,34.798437],[46.133789,35.127637],[45.971094,35.52417],[46.16748,35.820557],[45.723438,35.83667],[45.361621,36.015332],[45.241113,36.355957],[45.031055,36.526074],[44.765137,37.142432],[44.281836,36.978027],[44.208398,37.202637],[43.51582,37.244531],[43.09248,37.367383],[42.774609,37.371875],[42.358984,37.108594]]]},"properties":{"name":"Iraq","ISO3166-1-Alpha-3":"IRQ","ISO3166-1-Alpha-2":"IQ"}},
{"type":"Feature","geometry":{"type":"Polygon","coordinates":[[[53.91416,37.343555],[54.017188,36.95249],[53.374121,36.86875],[52.190137,36.621729],[51.762012,36.614502],[51.118555,36.742578],[50.533203,37.013672],[50.130469,37.407129],[49.470117,37.49668],[49.080957,37.667578],[48.959961,37.890137],[48.86875,38.435498],[48.592676,38.411084],[48.023242,38.819043],[48.241992,38.978955],[48.136035,39.312354],[48.322168,39.399072],[47.995898,39.683936],[47.772852,39.648584],[46.852539,39.148438],[46.490625,38.906689],[46.114453,38.877783],[45.479688,39.00625],[45.141211,39.254297],[44.817188,39.650439],[44.587109,39.768555],[44.389355,39.422119],[44.023242,39.377441],[44.27168,38.836035],[44.29082,38.420117],[44.430859,38.356787],[44.211328,37.908057],[44.56123,37.744629],[44.574023,37.4354],[44.765137,37.142432],[45.031055,36.526074],[45.241113,36.355957],[45.361621,36.015332],[45.723438,35.83667],[46.16748,35.820557],[45.971094,35.52417],[46.133789,35.127637],[45.678125,34.798437],[45.6375,34.573828],[45.437598,34.415137],[45.528613,34.152539],[45.39707,33.97085],[45.738281,33.602832],[45.879395,33.609766],[46.145898,33.229639],[46.112793,32.957666],[46.377051,32.929248],[47.121387,32.466602],[47.371289,32.42373],[47.511914,32.15083],[47.82998,31.794434],[47.679492,31.400586],[47.679492,31.002393],[48.010645,30.989795],[48.014941,30.465625],[48.331055,30.285449],[48.546484,29.962354],[48.919141,30.120898],[48.916797,30.397266],[49.554883,30.028955],[49.983105,30.209375],[50.168945,29.92124],[50.649609,29.420068],[50.675195,29.146582],[51.062012,28.726123],[51.278906,28.131348],[51.666309,27.844971],[52.030762,27.824414],[52.475879,27.616504],[52.691602,27.323389],[53.45498,26.943262],[53.705762,26.725586],[54.24707,26.696631],[54.644922,26.508936],[54.895801,26.556689],[55.650293,26.977539],[56.356152,27.200244],[56.812891,27.08999],[56.982227,26.905469],[57.104297,26.371436],[57.33457,25.791553],[57.796094,25.653027],[58.797852,25.55459],[59.046094,25.417285],[59.456055,25.481494],[60.663867,25.282227],[61.412207,25.1021],[61.587891,25.202344],[61.668652,25.768994],[61.869824,26.242432],[62.239355,26.357031],[62.439258,26.561035],[63.168066,26.665576],[63.250391,26.879248],[63.166797,27.25249],[62.762988,27.250195],[62.812012,27.497021],[62.739746,28.002051],[62.353027,28.414746],[61.889844,28.546533],[61.623047,28.791602],[61.318359,29.372607],[60.843359,29.858691],[61.78418,30.831934],[61.814258,31.072559],[61.660156,31.382422],[60.854102,31.483252],[60.791602,31.660596],[60.829297,32.249414],[60.560547,33.137842],[60.916992,33.505225],[60.51084,33.638916],[60.485742,34.094775],[60.72627,34.518262],[61.080078,34.855615],[61.262012,35.61958],[61.119629,36.642578],[60.341309,36.637646],[60.062793,36.962891],[59.562207,37.178906],[59.24082,37.520752],[58.81543,37.683496],[58.435742,37.638525],[57.710547,37.905273],[57.423828,37.947705],[57.193555,38.216406],[56.440625,38.249414],[56.228809,38.073389],[55.578418,38.099756],[55.075586,37.90249],[54.745215,37.501904],[54.191602,37.332471],[53.91416,37.343555]]]},"properties":{"name":"Iran","ISO3166-1-Alpha-3":"IRN","ISO3166-1-Alpha-2":"IR"}},
{"type":"Feature","geometry":{"type":"MultiPolygon","coordinates":[[[[97.481543,1.465088],[97.244238,1.423633],[97.405371,0.946973],[97.603906,0.833887],[97.683984,0.596094],[97.876465,0.62832],[97.931934,0.973926],[97.481543,1.465088]]],[[[99.163867,-1.77793],[99.267285,-1.627734],[98.869043,-0.915625],[98.676074,-0.970508],[98.601758,-1.197852],[98.874316,-1.663672],[99.163867,-1.77793]]],[[[116.64082,-8.613867],[116.734082,-8.386914],[116.401563,-8.204199],[116.061133,-8.437402],[116.076465,-8.744922],[116.377246,-8.929004],[116.64082,-8.613867]]],[[[115.447852,-8.155176],[115.154004,-8.065723],[114.998145,-8.174414],[114.475293,-8.119434],[114.613184,-8.37832],[114.84209,-8.428516],[115.236133,-8.797559],[115.333789,-8.615723],[115.704297,-8.407129],[115.447852,-8.155176]]],[[[106.045703,-1.669434],[105.910059,-1.50498],[105.585449,-1.526758],[105.133398,-2.042578],[105.552734,-2.079004],[105.78584,-2.181348],[105.939063,-2.493457],[105.99873,-2.824902],[106.546777,-3.055566],[106.678809,-2.704004],[106.365918,-2.464844],[106.208789,-2.188672],[106.045703,-1.669434]]],[[[123.179785,-4.551172],[123.038281,-4.394727],[122.85332,-4.618359],[122.766504,-5.210156],[122.584961,-5.544629],[122.812109,-5.671289],[122.985742,-5.393555],[123.055176,-4.748242],[123.179785,-4.551172]]],[[[122.645117,-5.269434],[122.759863,-4.933887],[122.701953,-4.618652],[122.368945,-4.767188],[122.396289,-5.069824],[122.283105,-5.319531],[122.645117,-5.269434]]],[[[108.316016,3.689648],[108.392871,3.986182],[108.201953,4.200488],[108.003516,4.042578],[108.316016,3.689648]]],[[[108.207227,-2.997656],[108.290625,-2.82998],[108.074414,-2.596973],[107.666309,-2.566309],[107.598145,-2.799707],[107.614453,-3.209375],[108.207227,-2.997656]]],[[[135.383008,-0.651367],[135.83877,-1.119434],[136.110352,-1.216797],[136.282617,-1.064648],[135.893555,-0.725781],[135.383008,-0.651367]]],[[[135.474219,-1.591797],[135.487598,-1.668359],[136.192578,-1.85918],[136.201563,-1.65498],[135.474219,-1.591797]]],[[[130.813281,-0.004102],[130.294922,-0.101465],[130.688672,-0.296582],[130.750195,-0.443848],[131.097754,-0.330078],[131.276855,-0.149805],[130.813281,-0.004102]]],[[[128.453906,2.051758],[128.623242,2.224414],[128.602148,2.597607],[128.330371,2.469336],[128.217969,2.297461],[128.453906,2.051758]]],[[[128.153027,-1.660547],[127.742969,-1.360254],[127.456738,-1.453711],[127.561621,-1.728516],[128.153027,-1.660547]]],[[[126.024219,-1.789746],[125.520898,-1.800879],[125.479199,-1.940039],[125.956445,-1.916602],[126.024219,-1.789746]]],[[[124.969531,-1.705469],[124.663965,-1.635938],[124.380859,-1.6875],[124.417773,-2.005176],[124.834473,-1.894434],[124.969531,-1.705469]]],[[[131.325586,-7.999512],[131.624414,-7.626172],[131.691113,-7.438867],[131.560742,-7.135742],[131.260059,-7.470508],[131.086816,-7.865039],[131.325586,-7.999512]]],[[[126.800977,-7.667871],[126.60957,-7.571777],[126.213672,-7.706738],[125.975293,-7.663379],[125.843164,-7.816699],[126.47207,-7.950391],[126.800977,-7.667871]]],[[[124.575586,-8.14082],[124.444238,-8.444629],[125.096777,-8.352832],[125.124609,-8.204785],[124.575586,-8.14082]]],[[[131.001855,-1.315527],[131.073926,-0.968262],[130.672949,-0.959766],[130.782324,-1.255469],[131.001855,-1.315527]]],[[[96.492578,5.229346],[96.133301,5.294287],[95.841309,5.514502],[95.396094,5.628809],[95.227832,5.564795],[95.206641,5.284033],[95.494727,4.761377],[96.444727,3.816309],[96.968945,3.575146],[97.391309,2.975293],[97.59082,2.846582],[97.700781,2.358545],[98.005078,2.238184],[98.564258,1.902148],[98.796387,1.494629],[99.15918,0.351758],[99.597656,0.102441],[99.860059,-0.31377],[100.308203,-0.82666],[100.486523,-1.299121],[100.855273,-1.93418],[100.848047,-2.143945],[101.118555,-2.587793],[101.305664,-2.728711],[101.578613,-3.166992],[102.127539,-3.599219],[102.537695,-4.152148],[102.918945,-4.470703],[103.831445,-5.07959],[104.066797,-5.385938],[104.601562,-5.90459],[104.639551,-5.52041],[105.081348,-5.745508],[105.349414,-5.549512],[105.618555,-5.799609],[105.816113,-5.676563],[105.887207,-5.00957],[105.831445,-4.162891],[105.927734,-3.881348],[105.84375,-3.613672],[106.044336,-3.10625],[105.582031,-2.491992],[105.396973,-2.380176],[105.025879,-2.35752],[104.735742,-2.570898],[104.668457,-2.385547],[104.845215,-2.092969],[104.56875,-1.921777],[104.360547,-1.038379],[104.198535,-1.054297],[103.721094,-0.886719],[103.431152,-0.533594],[103.428516,-0.191797],[103.786719,0.046973],[103.478906,0.480176],[103.066504,0.491992],[102.849414,0.715479],[102.469238,0.779297],[102.239062,0.990332],[102.157227,1.258887],[101.784766,1.621387],[101.47666,1.693066],[101.300781,2.011816],[101.046191,2.257471],[100.685254,2.120068],[100.457031,2.257422],[99.732324,3.183057],[99.151172,3.58125],[98.77793,3.759424],[98.658691,3.928125],[98.307324,4.092871],[98.248438,4.414551],[98.020703,4.635205],[97.908398,4.87998],[97.547168,5.205859],[96.842676,5.274463],[96.492578,5.229346]]],[[[122.78291,-8.611719],[122.603516,-8.402441],[122.263086,-8.624902],[121.966504,-8.455176],[121.444531,-8.577832],[120.610254,-8.24043],[120.231152,-8.289844],[119.918262,-8.445117],[119.80791,-8.697656],[120.550488,-8.801855],[121.035254,-8.935449],[121.651367,-8.89873],[122.094141,-8.744727],[122.470215,-8.725488],[122.78291,-8.611719]]],[[[120.0125,-9.374707],[119.185645,-9.384473],[118.958789,-9.519336],[119.085449,-9.706934],[119.601074,-9.773535],[119.930664,-9.966504],[120.144824,-10.200098],[120.43916,-10.294043],[120.698047,-10.206641],[120.832617,-10.0375],[120.503711,-9.674023],[120.291113,-9.647852],[120.0125,-9.374707]]],[[[118.242383,-8.317773],[118.11748,-8.122266],[117.755273,-8.149512],[117.814844,-8.34209],[118.234863,-8.591895],[117.806055,-8.711133],[117.56709,-8.426367],[117.164844,-8.367188],[116.835059,-8.532422],[116.788477,-9.006348],[117.061328,-9.099023],[118.189941,-8.840527],[118.478613,-8.856445],[119.00625,-8.749609],[118.987793,-8.337695],[118.490625,-8.271484],[118.242383,-8.317773]]],[[[124.888867,0.995312],[125.233789,1.502295],[124.989258,1.701025],[124.787695,1.467578],[124.273633,1.022266],[123.84668,0.838184],[123.278125,0.928076],[122.89248,0.85],[122.436621,1.018066],[121.867383,1.088525],[121.591797,1.067969],[121.440039,1.214404],[121.081738,1.327637],[120.912109,1.288965],[120.516602,0.817529],[120.269531,0.970801],[119.809277,0.238672],[119.721875,-0.088477],[119.77168,-0.483594],[119.508203,-0.906738],[119.308984,-1.408203],[119.321875,-1.929688],[119.172266,-2.140039],[119.092188,-2.48291],[118.783691,-2.764746],[118.8125,-3.156641],[118.994629,-3.537598],[119.419824,-3.475391],[119.623633,-4.034375],[119.611719,-4.423535],[119.376172,-5.424805],[119.717285,-5.693359],[119.951563,-5.577637],[120.311621,-5.541602],[120.390918,-5.392578],[120.279297,-5.146094],[120.420117,-4.617383],[120.3625,-4.085742],[120.436621,-3.707324],[120.392383,-3.348145],[120.254102,-3.052832],[120.341406,-2.869629],[120.653613,-2.667578],[121.052148,-2.75166],[121.054297,-3.16709],[120.914258,-3.555762],[121.312695,-3.919434],[121.618066,-4.092676],[121.486523,-4.581055],[121.588672,-4.75957],[121.916992,-4.847949],[122.207129,-4.496387],[122.897363,-4.349121],[122.877344,-4.109082],[122.25293,-3.62041],[122.399023,-3.200879],[122.291699,-2.907617],[122.082617,-2.749512],[121.848242,-2.331543],[121.348828,-1.945996],[121.71875,-1.862793],[121.858594,-1.693262],[122.157617,-1.593945],[122.506641,-1.347852],[122.807422,-0.966016],[123.049414,-0.872363],[123.37793,-1.004102],[123.379687,-0.648535],[123.171484,-0.570703],[122.88877,-0.755176],[122.27998,-0.757031],[121.969629,-0.933301],[121.519336,-0.855566],[121.033691,-1.406543],[120.667383,-1.370117],[120.517578,-1.039453],[120.269824,-0.899219],[120.097461,-0.649902],[120.013281,-0.196191],[120.127344,0.166553],[120.349023,0.449219],[120.700391,0.514697],[121.012988,0.441699],[121.425781,0.494824],[121.841992,0.436572],[122.280762,0.481055],[123.08252,0.48584],[123.26543,0.326611],[123.753809,0.305518],[124.427539,0.470605],[124.888867,0.995312]]],[[[107.373926,-6.007617],[107.046289,-5.904199],[106.825195,-6.098242],[106.075,-5.91416],[105.868262,-6.116406],[105.786914,-6.456934],[105.655078,-6.469531],[105.483691,-6.781543],[105.944336,-6.858984],[106.519727,-7.053711],[106.416895,-7.239355],[106.631445,-7.415527],[107.284961,-7.47168],[107.91748,-7.724121],[108.451758,-7.796973],[108.741211,-7.66709],[109.281641,-7.704883],[110.038672,-7.890527],[110.607227,-8.149414],[111.509961,-8.305078],[112.115137,-8.323926],[112.678809,-8.40918],[113.25332,-8.286719],[113.692578,-8.478027],[114.583789,-8.769629],[114.386914,-8.405176],[114.444238,-7.895605],[114.070703,-7.633008],[113.747461,-7.703027],[113.248438,-7.718164],[112.794531,-7.552441],[112.539258,-6.926465],[112.087305,-6.893359],[111.540332,-6.648242],[111.154395,-6.669043],[110.972266,-6.435645],[110.736914,-6.472363],[110.583594,-6.805664],[110.42627,-6.947266],[109.820996,-6.902441],[109.500586,-6.810156],[109.294238,-6.866992],[108.677832,-6.790527],[108.515918,-6.471191],[108.29502,-6.265039],[107.666797,-6.21582],[107.373926,-6.007617]]],[[[109.628906,2.027539],[109.378516,1.922705],[109.075879,1.495898],[108.905859,0.793945],[108.944531,0.355664],[109.25752,0.031152],[109.121777,-0.265039],[109.160547,-0.494922],[109.372754,-0.638184],[109.453809,-0.86875],[109.787402,-1.011328],[110.019238,-1.398828],[109.959863,-1.862793],[110.075,-1.946387],[110.224316,-2.688672],[110.232617,-2.925098],[110.574023,-2.891406],[110.703125,-3.020898],[111.044336,-3.055762],[111.367578,-2.933691],[111.823047,-3.057227],[111.82207,-3.53252],[112.284961,-3.320996],[112.600293,-3.400488],[112.971484,-3.187109],[113.033984,-2.933496],[113.343164,-3.246484],[113.525977,-3.184082],[113.633594,-3.419922],[113.795801,-3.45625],[114.082227,-3.278906],[114.536133,-3.494434],[114.693555,-4.169727],[115.956152,-3.59502],[116.330664,-2.902148],[116.375488,-2.578027],[116.56543,-2.299707],[116.423535,-2.052539],[116.424316,-1.784863],[116.554492,-1.473926],[116.770996,-1.266602],[117.003223,-1.187695],[117.240723,-0.925684],[117.5625,-0.770898],[117.462891,-0.32373],[117.522168,0.235889],[117.745117,0.729639],[118.196094,0.874365],[118.534766,0.813525],[118.984961,0.982129],[118.638965,1.318994],[118.080371,1.701855],[117.864648,1.968408],[118.066602,2.317822],[117.610645,3.064355],[117.352441,3.19375],[117.384668,3.365381],[117.166406,3.591992],[117.629883,3.636328],[117.728223,3.796729],[117.465332,4.076074],[117.574414,4.170605],[117.100586,4.337061],[116.514746,4.370801],[116.414551,4.308203],[115.896191,4.348682],[115.678809,4.193018],[115.568457,3.93877],[115.566113,3.445752],[115.454395,3.034326],[115.246973,3.025928],[115.086328,2.841113],[115.179102,2.523193],[114.786426,2.250488],[114.830566,1.980029],[114.545898,1.467139],[113.902344,1.434277],[113.622266,1.235937],[113.006543,1.433887],[112.942969,1.566992],[112.476172,1.559082],[112.185742,1.439062],[112.078516,1.143359],[111.769727,0.999463],[110.938086,1.017334],[110.505762,0.861963],[110.315234,0.995996],[109.654004,1.614893],[109.538965,1.896191],[109.628906,2.027539]]],[[[127.732715,0.848145],[127.652832,1.013867],[128.011719,1.331738],[128.010938,1.701221],[127.631738,1.843701],[127.420313,1.251953],[127.52041,0.924023],[127.555371,0.489648],[127.708691,0.288086],[127.691602,-0.241895],[128.046387,-0.706055],[128.253516,-0.731641],[127.977832,-0.24834],[127.887402,0.29834],[127.983105,0.471875],[128.691602,0.360352],[128.61123,0.549951],[128.260645,0.733789],[128.298828,0.876807],[128.702637,1.106396],[128.688379,1.572559],[128.424121,1.517529],[128.157422,1.316602],[128.160742,1.157812],[127.732715,0.848145]]],[[[129.754688,-2.86582],[129.427344,-2.790723],[129.057715,-2.838477],[128.198535,-2.865918],[128.082129,-3.184082],[128.419238,-3.416016],[128.96748,-3.326074],[129.467676,-3.453223],[129.511719,-3.328516],[129.844141,-3.327148],[130.019531,-3.474707],[130.805078,-3.857715],[130.859961,-3.570312],[130.671094,-3.391504],[130.569922,-3.130859],[130.379102,-2.989355],[129.984375,-2.97666],[129.754688,-2.86582]]],[[[126.861133,-3.087891],[126.555078,-3.065234],[126.026465,-3.170508],[126.056543,-3.420996],[126.214551,-3.605176],[126.686328,-3.823633],[127.22959,-3.633008],[127.227344,-3.391016],[126.861133,-3.087891]]],[[[124.922266,-8.94248],[124.444434,-9.190332],[124.282324,-9.42793],[124.036328,-9.341602],[123.709375,-9.614844],[123.589258,-9.966797],[123.857617,-10.343555],[124.427539,-10.148633],[124.963086,-9.665625],[125.068164,-9.511914],[124.922266,-8.94248]]],[[[134.746973,-5.707031],[134.616504,-5.438574],[134.341309,-5.712891],[134.301953,-6.009766],[134.441113,-6.334863],[134.637598,-6.365332],[134.755859,-6.170605],[134.746973,-5.707031]]],[[[134.536816,-6.442285],[134.168066,-6.17627],[134.05918,-6.769336],[134.355957,-6.814844],[134.536816,-6.442285]]],[[[138.535352,-8.273633],[138.785938,-8.059082],[138.989063,-7.696094],[138.769824,-7.39043],[138.295508,-7.438477],[138.00752,-7.641602],[137.685156,-8.262207],[137.871875,-8.379688],[138.296289,-8.405176],[138.535352,-8.273633]]],[[[140.973438,-2.609766],[140.747461,-2.607129],[140.622559,-2.445801],[140.15459,-2.35],[139.789551,-2.348242],[138.649805,-1.791113],[137.80625,-1.483203],[137.123438,-1.840918],[137.171094,-2.025488],[136.843262,-2.197656],[136.389941,-2.27334],[136.243262,-2.583105],[136.012988,-2.734277],[135.85918,-2.995313],[135.486621,-3.345117],[135.037402,-3.333105],[134.702148,-2.933594],[134.627441,-2.536719],[134.483301,-2.583008],[134.155664,-2.195215],[134.105859,-1.720996],[134.25957,-1.362988],[133.974512,-0.744336],[133.472656,-0.726172],[133.077148,-0.511816],[132.625098,-0.358887],[132.128418,-0.454102],[131.804297,-0.703809],[131.257227,-0.855469],[131.117773,-1.455273],[131.29375,-1.393457],[131.930371,-1.559668],[132.023438,-1.990332],[132.307617,-2.242285],[132.962793,-2.272559],[133.487793,-2.225586],[133.921582,-2.102051],[133.904883,-2.390918],[133.608691,-2.547168],[133.191016,-2.437793],[133.033789,-2.487402],[132.725,-2.789062],[132.230664,-2.680371],[132.053906,-2.914551],[132.348242,-2.975098],[132.751367,-3.294629],[132.869727,-3.550977],[132.753906,-3.703613],[132.968555,-4.094922],[133.24873,-4.062305],[133.653125,-3.364355],[133.723047,-3.57793],[133.973828,-3.817969],[134.14707,-3.796777],[134.679688,-4.079102],[134.754199,-4.19541],[135.195605,-4.450684],[135.979688,-4.530859],[136.618848,-4.81875],[137.089258,-4.924414],[137.759082,-5.256152],[138.252148,-5.688184],[138.438672,-6.343359],[138.864551,-6.858398],[138.601367,-6.936523],[138.747949,-7.251465],[139.087988,-7.587207],[138.856152,-8.145117],[139.192969,-8.086133],[139.385645,-8.189063],[139.934766,-8.101172],[140.976172,-9.11875],[140.975195,-6.905371],[140.862305,-6.740039],[140.975,-6.346094],[140.974219,-4.226465],[140.973438,-2.609766]]],[[[101.708105,2.078418],[101.409668,2.02168],[101.602734,1.715723],[101.773535,1.943457],[101.708105,2.078418]]],[[[103.027539,0.746631],[103.002441,0.859277],[102.549219,1.130225],[102.541602,0.831592],[103.027539,0.746631]]],[[[104.585352,1.216113],[104.361816,1.181494],[104.251953,1.014893],[104.575195,0.831934],[104.585352,1.216113]]],[[[113.844531,-7.105371],[113.974707,-6.873047],[112.868066,-6.899902],[112.76377,-7.139648],[113.04043,-7.211816],[113.470703,-7.218457],[113.844531,-7.105371]]],[[[127.566992,-0.318945],[127.3,-0.500293],[127.468652,-0.642969],[127.682422,-0.468359],[127.566992,-0.318945]]],[[[130.35332,-1.690527],[129.993652,-1.758887],[129.886523,-1.986426],[130.248047,-2.047754],[130.418848,-1.971289],[130.35332,-1.690527]]],[[[96.463672,2.36001],[96.417285,2.515186],[95.80625,2.916016],[95.808594,2.655615],[96.463672,2.36001]]],[[[123.212305,-1.171289],[123.150391,-1.304492],[123.366992,-1.507129],[123.547266,-1.337402],[123.212305,-1.171289]]],[[[116.30332,-3.868164],[116.262109,-3.394824],[116.117383,-3.339551],[116.018359,-3.699902],[116.093359,-4.054102],[116.30332,-3.868164]]],[[[123.924805,-8.272461],[123.775977,-8.19043],[123.325,-8.439063],[123.410742,-8.586621],[123.924805,-8.272461]]]]},"properties":{"name":"Indonesia","ISO3166-1-Alpha-3":"IDN","ISO3166-1-Alpha-2":"ID"}},
{"type":"Feature","geometry":{"type":"MultiPolygon","coordinates":[[[[68.165039,23.857324],[68.234961,23.596973],[68.41748,23.571484],[68.640723,23.189941],[69.235937,22.848535],[69.664648,22.759082],[70.251172,22.970898],[70.327734,22.815771],[70.177246,22.572754],[69.549219,22.408398],[69.008789,22.196777],[69.748438,21.505713],[70.127344,21.094678],[70.719336,20.74043],[71.024609,20.738867],[72.015234,21.155713],[72.254004,21.531006],[72.037207,21.823047],[72.244336,22.027637],[72.332617,22.270215],[72.590137,22.278125],[72.543066,21.696582],[72.692383,21.177637],[72.813867,21.117188],[72.881152,20.563184],[72.667773,19.830957],[72.811621,19.298926],[72.870898,18.683057],[72.993945,18.097705],[73.156055,17.621924],[73.337598,16.459863],[73.476074,16.054248],[73.931934,15.396973],[73.949219,15.074756],[74.382227,14.494727],[74.498535,14.046338],[74.670898,13.667627],[74.770508,13.077344],[74.945508,12.564551],[75.19668,12.05752],[75.524512,11.703125],[75.723828,11.361768],[75.922559,10.784082],[76.346484,9.922119],[76.458789,9.53623],[76.324609,9.4521],[76.553418,8.902783],[76.966895,8.407275],[77.301465,8.145313],[77.517578,8.07832],[78.060156,8.38457],[78.19248,8.890869],[78.421484,9.105029],[78.97959,9.268555],[78.996289,9.683105],[79.390527,10.305957],[79.838184,10.322559],[79.848633,11.196875],[79.754102,11.575293],[79.858496,11.98877],[80.229102,12.690332],[80.342383,13.361328],[80.062109,13.60625],[80.244141,13.773486],[80.111719,14.212207],[80.16543,14.577832],[80.053418,15.074023],[80.293457,15.710742],[80.646582,15.89502],[80.978711,15.75835],[81.238574,16.263965],[81.401855,16.365234],[81.761914,16.329492],[82.258789,16.559863],[82.359766,16.782813],[82.35957,17.096191],[83.19834,17.608984],[83.654297,18.069873],[84.104102,18.292676],[84.462793,18.689746],[84.770996,19.125391],[85.225586,19.50835],[85.248633,19.757666],[85.459961,19.895898],[85.575,19.69292],[86.279492,19.919434],[86.49873,20.171631],[86.750391,20.313232],[86.975488,20.700146],[86.85957,21.236719],[87.100684,21.500781],[87.678223,21.653516],[87.948437,21.825439],[88.253711,21.622314],[89.05166,21.654102],[89.051465,22.093164],[88.74082,23.436621],[88.567383,23.674414],[88.733594,24.230908],[88.145508,24.485791],[88.023438,24.627832],[88.149805,24.914648],[88.313379,24.881836],[88.45625,25.188428],[88.890137,25.194385],[88.769141,25.490479],[88.452344,25.574414],[88.08457,25.888232],[88.150781,26.087158],[88.44043,26.369482],[89.108301,26.202246],[89.289258,26.037598],[89.822949,25.941406],[89.814063,25.305371],[90.439355,25.157715],[92.049707,25.169482],[92.25127,24.895068],[92.06416,24.374365],[91.876953,24.195312],[91.36709,24.093506],[91.160449,23.660645],[91.315234,23.104395],[91.619531,22.979688],[91.937891,23.504688],[91.92959,23.685986],[92.246094,23.683594],[92.361621,22.929004],[92.491406,22.6854],[92.574902,21.978076],[92.688965,22.130957],[92.964551,22.00376],[93.162012,22.360205],[93.078711,22.718213],[93.366016,23.13252],[93.414941,23.68208],[93.307324,24.021875],[93.683398,24.006543],[94.127637,23.876465],[94.293066,24.321875],[94.707617,25.04873],[94.554395,25.243457],[94.622852,25.41001],[94.991992,25.770459],[95.132422,26.04126],[95.059766,26.473975],[95.128711,26.597266],[95.905273,27.046631],[96.061426,27.21709],[96.665723,27.339258],[96.880273,27.177832],[96.899707,27.643848],[97.335156,27.937744],[97.322461,28.217969],[97.075391,28.368945],[96.602637,28.459912],[96.580859,28.763672],[96.435742,29.050684],[96.035352,29.447168],[95.51582,29.206348],[95.420215,29.054297],[94.769434,29.175879],[94.623047,29.312402],[94.293262,29.144629],[93.902246,28.803223],[93.206543,28.59082],[93.119238,28.402295],[92.701855,28.147119],[92.664355,27.948926],[91.977637,27.730371],[91.631934,27.759961],[91.594727,27.557666],[91.99082,27.450195],[92.083398,27.290625],[91.99834,26.85498],[91.671582,26.802002],[90.739648,26.77168],[90.345898,26.890332],[90.122949,26.75459],[89.763867,26.701563],[89.332129,26.848633],[89.148242,26.816162],[88.857617,26.961475],[88.73877,27.175586],[88.891406,27.316064],[88.749023,27.521875],[88.848828,27.868652],[88.621094,28.091846],[88.109766,27.870605],[88.146973,27.749219],[87.984375,27.133936],[88.161523,26.724805],[88.054883,26.430029],[87.287402,26.360303],[87.016406,26.55542],[86.701367,26.435059],[86.366113,26.574414],[85.737305,26.639746],[85.568457,26.839844],[85.292969,26.741016],[84.685352,27.041016],[84.610156,27.298682],[84.091016,27.491357],[83.828809,27.377832],[83.447168,27.465332],[83.289746,27.370996],[82.733398,27.518994],[81.987695,27.91377],[81.852637,27.86709],[81.31084,28.176367],[81.168945,28.33501],[80.587012,28.649609],[80.418555,28.612012],[80.070703,28.830176],[80.130469,29.100391],[80.401855,29.730273],[80.907617,30.171924],[81.010254,30.164502],[80.682129,30.414844],[80.191211,30.568408],[80.194336,30.759229],[79.794629,30.968262],[79.56543,30.949072],[79.107129,31.402637],[78.791602,31.293652],[78.693457,31.740381],[78.735449,31.957959],[78.495898,32.215771],[78.389648,32.519873],[78.700879,32.597021],[78.918945,32.358203],[79.219336,32.501074],[79.202246,32.946045],[79.1125,33.22627],[78.801855,33.499707],[78.753027,34.087695],[78.936426,34.351953],[78.282031,34.653906],[78.012207,35.251025],[77.799414,35.495898],[77.048633,35.109912],[76.594434,34.73584],[76.041016,34.669922],[75.70918,34.503076],[75.1875,34.639014],[74.300391,34.765381],[73.96123,34.653467],[73.809961,34.325342],[73.979492,34.191309],[74.000977,33.788184],[74.15,33.506982],[73.994238,33.242188],[74.303613,32.991797],[74.35459,32.768701],[74.663281,32.757666],[74.657813,32.518945],[74.987305,32.462207],[75.333496,32.279199],[75.254102,32.140332],[74.739453,31.948828],[74.509961,31.712939],[74.593945,31.465381],[74.517676,31.185596],[74.632812,31.034668],[74.215625,30.768994],[73.899316,30.435352],[73.80918,30.093359],[73.381641,29.934375],[73.231152,29.550635],[72.90332,29.02876],[72.341895,28.751904],[71.870313,27.9625],[70.737402,27.729004],[70.629102,27.937451],[70.403711,28.025049],[70.144531,27.849023],[69.896289,27.473633],[69.567969,27.174609],[69.47002,26.804443],[69.735938,26.627051],[70.156836,26.471436],[70.077734,26.071973],[70.264648,25.706543],[70.648438,25.666943],[70.652051,25.4229],[71.047852,24.687744],[71.044043,24.400098],[70.716309,24.237988],[70.546777,24.418311],[69.716211,24.172607],[69.55918,24.273096],[68.728125,24.265625],[68.724121,23.964697],[68.165039,23.857324]]],[[[92.722754,11.536084],[92.747656,11.992773],[92.990234,12.538525],[92.88623,12.942285],[93.073828,13.2521],[92.857324,13.358105],[92.740039,12.779639],[92.694727,12.214697],[92.533887,11.873389],[92.722754,11.536084]]]]},"properties":{"name":"India","ISO3166-1-Alpha-3":"IND","ISO3166-1-Alpha-2":"IN"}},
{"type":"Feature","geometry":{"type":"Polygon","coordinates":[[[-15.543115,66.228516],[-15.9854,66.514648],[-16.540674,66.446729],[-16.748437,66.131641],[-17.153027,66.202832],[-17.582227,65.971387],[-17.906982,66.143311],[-18.777539,66.168799],[-20.356592,66.033252],[-20.356641,65.719043],[-21.22998,65.420605],[-21.46626,65.635156],[-21.303467,65.876465],[-22.426123,66.430127],[-23.52793,66.164404],[-24.223975,65.487207],[-23.899902,65.407568],[-22.90249,65.580469],[-22.005762,65.493457],[-22.683984,65.026367],[-24.026172,64.863428],[-22.467041,64.794971],[-21.950342,64.51499],[-21.832764,64.20542],[-22.510059,63.991455],[-22.606885,63.837256],[-21.448633,63.858398],[-21.24624,63.935449],[-20.198145,63.555811],[-18.653613,63.406689],[-17.946924,63.535742],[-17.815723,63.712988],[-16.640332,63.865479],[-16.060449,64.11123],[-15.021582,64.295898],[-14.54707,64.445947],[-13.569678,65.068115],[-13.804785,65.354785],[-13.616016,65.487158],[-14.75752,65.755664],[-14.74043,66.05083],[-15.543115,66.228516]]]},"properties":{"name":"Iceland","ISO3166-1-Alpha-3":"ISL","ISO3166-1-Alpha-2":"IS"}},
{"type":"Feature","geometry":{"type":"Polygon","coordinates":[[[22.131836,48.405322],[21.766992,48.338086],[21.451367,48.552246],[20.490039,48.526904],[20.333789,48.295557],[19.898633,48.131348],[18.91416,48.05083],[18.724219,47.787158],[17.761914,47.770166],[17.147363,48.005957],[17.066602,47.707568],[16.747559,47.686279],[16.434375,47.367432],[16.453418,47.006787],[16.093066,46.863281],[16.283594,46.857275],[16.516211,46.499902],[16.748047,46.416406],[17.310645,45.996143],[17.963867,45.770264],[18.437305,45.767334],[18.905371,45.931738],[19.530762,46.155176],[20.241797,46.108594],[20.613672,46.133496],[21.151953,46.304346],[21.320215,46.607812],[21.785449,47.138135],[21.999707,47.505029],[22.290625,47.727832],[22.87666,47.947266],[22.131836,48.405322]]]},"properties":{"name":"Hungary","ISO3166-1-Alpha-3":"HUN","ISO3166-1-Alpha-2":"HU"}},
{"type":"Feature","geometry":{"type":"Polygon","coordinates":[[[-83.15752,14.993066],[-83.369189,15.23999],[-83.760449,15.220361],[-84.261426,15.822607],[-84.97373,15.989893],[-85.483691,15.899512],[-85.783984,16.002832],[-86.356641,15.783203],[-86.907227,15.762354],[-87.618164,15.909863],[-88.22832,15.729004],[-88.976416,15.142676],[-89.222363,14.866064],[-89.171777,14.606885],[-89.362598,14.416016],[-89.057129,14.32915],[-88.845947,14.124756],[-88.512549,13.978955],[-88.151025,13.987354],[-87.715332,13.812695],[-87.814209,13.39917],[-87.489111,13.35293],[-87.337256,12.979248],[-87.05918,12.991455],[-86.918213,13.223584],[-86.710693,13.313379],[-86.733643,13.763477],[-86.331738,13.770068],[-86.151221,13.99458],[-85.786719,13.844434],[-85.681934,13.982568],[-85.179492,14.343311],[-84.985156,14.752441],[-84.645947,14.661084],[-83.867285,14.794482],[-83.415039,15.008057],[-83.15752,14.993066]]]},"properties":{"name":"Honduras","ISO3166-1-Alpha-3":"HND","ISO3166-1-Alpha-2":"HN"}},
{"type":"Feature","geometry":{"type":"Polygon","coordinates":[[[-71.779248,19.718164],[-72.219824,19.744629],[-72.637012,19.900879],[-73.117773,19.903809],[-73.400537,19.807422],[-73.396338,19.658691],[-73.052734,19.610742],[-72.703223,19.441064],[-72.811084,19.071582],[-72.347656,18.674951],[-72.789355,18.434814],[-73.591602,18.522363],[-74.227734,18.662695],[-74.3875,18.624707],[-74.419043,18.346191],[-74.0854,18.215137],[-73.884961,18.041895],[-73.747314,18.190234],[-73.385156,18.251172],[-72.87666,18.151758],[-72.059863,18.228564],[-71.768311,18.03916],[-71.761914,18.341309],[-72.000391,18.5979],[-71.743213,18.73291],[-71.807129,18.987012],[-71.657031,19.130762],[-71.779248,19.718164]]]},"properties":{"name":"Haiti","ISO3166-1-Alpha-3":"HTI","ISO3166-1-Alpha-2":"HT"}},
{"type":"Feature","geometry":{"type":"Polygon","coordinates":[[[-60.742139,5.202051],[-60.142041,5.238818],[-59.990674,5.082861],[-60.111133,4.511182],[-59.83335,4.475928],[-59.551123,3.933545],[-59.854395,3.5875],[-59.831152,3.349219],[-59.972314,2.990479],[-59.994336,2.68999],[-59.889648,2.362939],[-59.755225,2.274121],[-59.756201,1.900635],[-59.231201,1.376025],[-58.8625,1.203613],[-58.511865,1.284668],[-58.340674,1.587549],[-57.594434,1.704102],[-57.412695,1.908936],[-57.118896,2.013965],[-56.836719,1.88125],[-56.482812,1.942139],[-56.704346,2.036475],[-57.209814,2.882812],[-57.303662,3.3771],[-57.549609,3.352832],[-57.832666,3.675977],[-58.054492,4.171924],[-57.845996,4.668164],[-57.917041,4.82041],[-57.711084,4.991064],[-57.331006,5.020166],[-57.318555,5.335352],[-57.194775,5.548437],[-57.190234,6.097314],[-57.982568,6.785889],[-58.298437,6.879297],[-58.480566,7.038135],[-58.477295,7.325781],[-58.626611,7.545898],[-59.200244,8.074609],[-60.017529,8.549316],[-59.831641,8.305957],[-60.032422,8.053564],[-60.513623,7.813184],[-60.719238,7.498682],[-60.39502,6.945361],[-60.71792,6.768311],[-61.145605,6.694531],[-61.128711,6.214307],[-61.376807,5.906982],[-60.742139,5.202051]]]},"properties":{"name":"Guyana","ISO3166-1-Alpha-3":"GUY","ISO3166-1-Alpha-2":"GY"}},
{"type":"Feature","geometry":{"type":"Polygon","coordinates":[[[-16.711816,12.354834],[-16.436816,12.20415],[-16.138428,11.917285],[-15.958789,11.959619],[-15.819385,11.763477],[-15.501904,11.723779],[-15.393115,11.217236],[-15.043018,10.940137],[-14.682959,11.508496],[-14.265576,11.659912],[-13.732764,11.736035],[-13.737988,12.009668],[-13.948877,12.178174],[-13.70791,12.312695],[-13.729248,12.673926],[-15.196094,12.679932],[-15.574805,12.490381],[-16.144189,12.457422],[-16.711816,12.354834]]]},"properties":{"name":"Guinea-Bissau","ISO3166-1-Alpha-3":"GNB","ISO3166-1-Alpha-2":"GW"}},
{"type":"Feature","geometry":{"type":"Polygon","coordinates":[[[-10.283203,8.485156],[-10.064355,8.429883],[-9.768262,8.53457],[-9.518262,8.346094],[-9.368945,7.639551],[-9.459766,7.442529],[-9.117578,7.215918],[-8.889648,7.262695],[-8.708301,7.658887],[-8.486426,7.558496],[-8.231885,7.556738],[-8.016748,8.144922],[-8.256104,8.253711],[-8.236963,8.455664],[-7.823584,8.467676],[-7.950977,8.786816],[-7.896191,9.415869],[-8.136963,9.495703],[-8.136621,10.02207],[-7.990625,10.1625],[-8.231494,10.437988],[-8.337402,10.990625],[-8.663916,11.03584],[-8.407471,11.386279],[-8.822021,11.673242],[-8.818311,11.92251],[-9.043066,12.402344],[-9.365186,12.479297],[-9.358105,12.25542],[-9.820703,12.04248],[-10.274854,12.212646],[-10.677344,11.899414],[-10.933203,12.205176],[-11.305176,12.01543],[-11.502197,12.198633],[-11.389404,12.404395],[-12.042383,12.398047],[-12.291211,12.328027],[-12.797314,12.451904],[-13.08291,12.633545],[-13.729248,12.673926],[-13.70791,12.312695],[-13.948877,12.178174],[-13.737988,12.009668],[-13.732764,11.736035],[-14.265576,11.659912],[-14.682959,11.508496],[-15.043018,10.940137],[-14.775928,10.931641],[-14.426904,10.24834],[-13.700488,9.85127],[-13.568262,9.543408],[-13.269482,9.170557],[-13.292676,9.049219],[-13.028027,9.103564],[-12.755859,9.373584],[-12.501465,9.862158],[-12.142334,9.875391],[-11.911084,9.993018],[-11.205664,9.977734],[-10.690527,9.314258],[-10.500537,8.687549],[-10.557715,8.315674],[-10.283203,8.485156]]]},"properties":{"name":"Guinea","ISO3166-1-Alpha-3":"GIN","ISO3166-1-Alpha-2":"GN"}},
{"type":"Feature","geometry":{"type":"Polygon","coordinates":[[[-92.235156,14.54541],[-91.819092,14.228223],[-91.146045,13.925586],[-90.606934,13.929004],[-90.095215,13.736523],[-89.872705,14.045605],[-89.362598,14.416016],[-89.171777,14.606885],[-89.222363,14.866064],[-88.976416,15.142676],[-88.22832,15.729004],[-88.53623,15.849609],[-88.894043,15.890625],[-89.2375,15.894434],[-89.161475,17.814844],[-90.98916,17.816406],[-90.992969,17.252441],[-91.409619,17.255859],[-90.97583,16.867822],[-90.710693,16.708105],[-90.634082,16.510742],[-90.416992,16.391016],[-90.447168,16.072705],[-91.736572,16.070166],[-92.187158,15.320898],[-92.074805,15.074219],[-92.235156,14.54541]]]},"properties":{"name":"Guatemala","ISO3166-1-Alpha-3":"GTM","ISO3166-1-Alpha-2":"GT"}},
{"type":"Feature","geometry":{"type":"Polygon","coordinates":[[[-61.715527,12.012646],[-61.627148,12.053955],[-61.607031,12.223291],[-61.71499,12.185156],[-61.715527,12.012646]]]},"properties":{"name":"Grenada","ISO3166-1-Alpha-3":"GRD","ISO3166-1-Alpha-2":"GD"}},
{"type":"Feature","geometry":{"type":"MultiPolygon","coordinates":[[[[23.41543,38.958643],[23.252148,38.801221],[23.758789,38.401221],[24.040137,38.38999],[24.099023,38.670996],[23.471973,38.850098],[23.41543,38.958643]]],[[[26.410156,39.329443],[26.16543,39.373535],[25.90625,39.138965],[26.46875,38.972803],[26.410156,39.329443]]],[[[27.842773,35.929297],[28.144043,36.209863],[27.914453,36.345312],[27.716309,36.171582],[27.842773,35.929297]]],[[[23.852246,35.535449],[23.569824,35.534766],[23.561621,35.295166],[24.463672,35.160352],[24.799805,34.934473],[26.244336,35.044678],[26.298633,35.268604],[25.74502,35.142725],[25.475684,35.306201],[24.721289,35.424805],[24.312891,35.363818],[24.166016,35.595215],[23.852246,35.535449]]],[[[26.320898,41.716553],[26.155176,41.434863],[25.251172,41.243555],[24.595996,41.442725],[24.518262,41.552539],[24.056055,41.527246],[23.635156,41.386768],[22.916016,41.336279],[22.493555,41.118506],[21.929492,41.107422],[21.575781,40.868945],[20.964258,40.849902],[21.031055,40.658643],[20.806055,40.445459],[20.657422,40.117383],[20.311133,39.979443],[20.206836,39.653516],[20.00127,39.709424],[20.300781,39.3271],[20.779688,39.008545],[20.776855,38.80752],[20.992188,38.654004],[21.113184,38.384668],[21.472559,38.321387],[22.42168,38.438525],[23.12207,38.07334],[22.799609,37.981201],[22.555859,38.113232],[21.824707,38.328125],[21.403711,38.19668],[21.14502,37.919287],[21.571289,37.541016],[21.69248,37.309277],[21.58291,37.080957],[21.892383,36.737305],[22.080469,37.028955],[22.489063,36.568164],[22.608398,36.779736],[23.073535,36.774951],[22.765039,37.393311],[23.161523,37.333838],[23.193652,37.959033],[23.580469,38.010547],[24.055371,37.709619],[23.966992,38.275],[23.683984,38.352441],[23.25293,38.66123],[22.774023,38.800391],[22.965527,39.030908],[22.919043,39.628906],[22.592188,40.036914],[22.629492,40.495557],[23.312012,40.216455],[23.664551,40.223828],[23.878906,40.544385],[24.383789,40.912744],[24.792969,40.85752],[25.104492,40.994727],[25.855664,40.844092],[26.038965,40.726758],[26.331055,40.954492],[26.330664,41.23877],[26.624902,41.401758],[26.581348,41.60127],[26.320898,41.716553]]]]},"properties":{"name":"Greece","ISO3166-1-Alpha-3":"GRC","ISO3166-1-Alpha-2":"GR"}},
{"type":"Feature","geometry":{"type":"Polygon","coordinates":[[[-0.068604,11.115625],[-0.299463,11.166895],[-0.701416,10.988965],[-2.829932,10.998389],[-2.914893,10.592334],[-2.786621,10.401904],[-2.765967,9.658057],[-2.69585,9.481348],[-2.74668,9.109619],[-2.600391,8.800439],[-2.505859,8.20874],[-2.789746,7.931934],[-2.959082,7.454541],[-2.985791,7.204883],[-3.235791,6.807227],[-3.200586,6.348242],[-2.962256,5.643018],[-2.793652,5.600098],[-2.795215,5.184521],[-3.019141,5.130811],[-3.086719,5.12832],[-3.114014,5.088672],[-2.398926,4.929346],[-2.001855,4.762451],[-1.638477,4.980859],[-0.797705,5.226709],[-0.34873,5.500781],[0.259668,5.757324],[0.949707,5.810254],[1.187207,6.089404],[0.984961,6.320312],[0.736914,6.452588],[0.525586,6.850928],[0.634766,7.353662],[0.5,7.546875],[0.605176,7.728223],[0.583594,8.145801],[0.688086,8.304248],[0.415332,8.652734],[0.529004,9.358301],[0.261914,9.495605],[0.362695,10.236475],[-0.057715,10.630615],[0.009424,11.020996],[-0.068604,11.115625]]]},"properties":{"name":"Ghana","ISO3166-1-Alpha-3":"GHA","ISO3166-1-Alpha-2":"GH"}},
{"type":"Feature","geometry":{"type":"MultiPolygon","coordinates":[[[[9.524023,47.524219],[9.748926,47.575537],[10.312793,47.313428],[10.430371,47.541064],[11.297949,47.424902],[11.716797,47.583496],[12.68584,47.669336],[12.953516,47.890625],[12.814258,48.16084],[13.409375,48.394141],[13.486621,48.581836],[13.814746,48.766943],[12.632031,49.46123],[12.390527,49.739648],[12.457617,49.955518],[12.277344,50.181445],[12.452637,50.349805],[13.472559,50.616943],[13.526563,50.692822],[14.369043,50.89873],[14.809375,50.858984],[15.016602,51.252734],[14.60166,51.832373],[14.752539,52.081836],[14.55459,52.359668],[14.619434,52.528516],[14.128613,52.878223],[14.414551,53.283496],[14.258887,53.729639],[13.865527,53.853369],[13.724219,54.153223],[13.448047,54.140869],[13.028613,54.411035],[12.575391,54.467383],[12.111328,54.168311],[11.796289,54.145459],[11.399609,53.944629],[11.008594,54.181152],[10.360449,54.43833],[9.739746,54.825537],[9.341992,54.806299],[8.670313,54.903418],[8.957227,54.53833],[8.897754,53.835693],[8.618945,53.875],[8.538477,53.556885],[8.009277,53.690723],[7.285254,53.681348],[7.05332,53.37583],[7.197266,53.282275],[7.013184,52.633545],[7.035156,52.380225],[6.749023,52.098682],[6.741797,51.910889],[5.948535,51.762402],[6.193262,51.488916],[5.894727,50.984229],[5.993945,50.750439],[6.235938,50.59668],[6.364453,50.316162],[6.116504,50.120996],[6.487305,49.798486],[6.344336,49.452734],[6.735449,49.160596],[7.450586,49.152197],[8.134863,48.973584],[7.837988,48.636035],[7.58418,48.064307],[7.615625,47.592725],[8.198242,47.606934],[8.617871,47.766113],[9.182813,47.670703],[9.524023,47.524219]]],[[[13.70918,54.382715],[13.422754,54.699316],[13.17666,54.544238],[13.364355,54.24585],[13.70918,54.382715]]]]},"properties":{"name":"Germany","ISO3166-1-Alpha-3":"DEU","ISO3166-1-Alpha-2":"DE"}},
{"type":"Feature","geometry":{"type":"Polygon","coordinates":[[[43.439453,41.107129],[44.227344,41.21333],[44.841406,41.211377],[45.001367,41.290967],[45.280957,41.449561],[46.170703,41.197852],[46.45791,41.070215],[46.618945,41.34375],[46.182129,41.65708],[46.429883,41.890967],[45.638574,42.205078],[45.727539,42.475049],[45.34375,42.529785],[44.870996,42.756396],[44.505859,42.748633],[43.957422,42.566553],[43.782617,42.747021],[43.08916,42.989062],[42.991602,43.091504],[42.419043,43.224219],[41.580566,43.219238],[40.648047,43.533887],[40.150195,43.569775],[39.97832,43.419824],[40.524023,43.121045],[40.836621,43.063477],[41.48877,42.659326],[41.762988,41.97002],[41.510059,41.51748],[42.466406,41.439844],[42.787891,41.563721],[43.439453,41.107129]]]},"properties":{"name":"Georgia","ISO3166-1-Alpha-3":"GEO","ISO3166-1-Alpha-2":"GE"}},
{"type":"Feature","geometry":{"type":"Polygon","coordinates":[[[-16.562305,13.587305],[-16.824805,13.341064],[-16.76333,13.06416],[-16.648779,13.15415],[-15.834277,13.156445],[-15.814404,13.325146],[-15.28623,13.395996],[-15.151123,13.556494],[-14.671924,13.351709],[-14.246777,13.23584],[-13.84751,13.335303],[-13.977393,13.543457],[-14.405469,13.503711],[-14.935791,13.785205],[-15.426855,13.727002],[-15.509668,13.58623],[-16.562305,13.587305]]]},"properties":{"name":"Gambia","ISO3166-1-Alpha-3":"GMB","ISO3166-1-Alpha-2":"GM"}},
{"type":"Feature","geometry":{"type":"Polygon","coordinates":[[[13.293555,2.161572],[13.220313,2.256445],[12.361328,2.295996],[11.348438,2.299707],[11.328711,2.167432],[11.335352,0.999707],[10.028516,1.004004],[9.59082,1.031982],[9.470117,0.361914],[9.29668,-0.35127],[9.136523,-0.57334],[8.821387,-0.708398],[8.844238,-0.913574],[9.064648,-1.29834],[9.330664,-1.53457],[9.265625,-1.825098],[9.759473,-2.518555],[10.347656,-3.013086],[10.640723,-3.398047],[10.947266,-3.662109],[11.130176,-3.916309],[11.288281,-3.641113],[11.504297,-3.520313],[11.685742,-3.682031],[11.93418,-3.318555],[11.71543,-3.176953],[11.760156,-2.983105],[11.537793,-2.836719],[11.575195,-2.39707],[11.950293,-2.344824],[12.064453,-2.412598],[12.446387,-2.32998],[12.432129,-1.928906],[12.59043,-1.826855],[12.793555,-1.931836],[12.991992,-2.313379],[13.464941,-2.39541],[13.784375,-2.16377],[13.886914,-2.46543],[14.087402,-2.466895],[14.251465,-2.001465],[14.383984,-1.890039],[14.455566,-1.413184],[14.410645,-0.97207],[14.480566,-0.618359],[14.069434,-0.270117],[13.860059,-0.20332],[13.88457,0.19082],[14.0875,0.536572],[14.324219,0.624219],[14.434473,0.811475],[14.180859,1.370215],[13.851367,1.41875],[13.274121,1.241016],[13.162695,1.648096],[13.293555,2.161572]]]},"properties":{"name":"Gabon","ISO3166-1-Alpha-3":"GAB","ISO3166-1-Alpha-2":"GA"}},
{"type":"Feature","geometry":{"type":"MultiPolygon","coordinates":[[[[9.480371,42.80542],[8.713086,42.549756],[8.566211,42.218799],[8.700977,42.095605],[8.80752,41.588379],[9.186133,41.384912],[9.550684,42.129736],[9.480371,42.80542]]],[[[7.615625,47.592725],[7.58418,48.064307],[7.837988,48.636035],[8.134863,48.973584],[7.450586,49.152197],[6.735449,49.160596],[6.344336,49.452734],[5.789746,49.538281],[5.507324,49.510889],[4.867578,49.788135],[4.656152,50.002441],[4.176074,49.960254],[4.174609,50.246484],[3.27334,50.531543],[3.106836,50.779443],[2.839746,50.711768],[2.524902,51.097119],[1.9125,50.990625],[1.579492,50.739258],[1.551563,50.293945],[1.245508,49.998242],[0.186719,49.703027],[0.277637,49.463281],[-0.163477,49.296777],[-1.138525,49.387891],[-1.258643,49.680176],[-1.856445,49.683789],[-1.583105,49.202393],[-1.565479,48.805518],[-1.437646,48.641406],[-2.446191,48.648291],[-2.692334,48.536816],[-3.231445,48.84082],[-4.058887,48.70752],[-4.720752,48.539893],[-4.393164,48.367627],[-4.629199,48.085791],[-4.312109,47.8229],[-3.900928,47.837549],[-3.158838,47.694678],[-2.770312,47.513867],[-2.018896,47.037646],[-2.059375,46.810303],[-1.786523,46.514844],[-1.146289,46.311377],[-1.066016,45.805664],[-1.245508,44.559863],[-1.484863,43.56377],[-1.794043,43.407324],[-1.410693,43.240088],[-1.285449,43.059619],[-0.299316,42.825342],[-0.041162,42.689111],[0.631641,42.6896],[0.696875,42.845117],[1.349414,42.690674],[1.42832,42.595898],[1.706055,42.50332],[2.032715,42.353516],[2.567969,42.345801],[2.97002,42.467236],[3.211426,42.431152],[3.051758,42.915137],[3.258887,43.193213],[4.052637,43.593066],[4.628711,43.387109],[5.059766,43.444531],[5.406543,43.228516],[6.115918,43.072363],[6.494043,43.169287],[7.181445,43.659131],[7.377734,43.731738],[7.414453,43.770898],[7.438672,43.750439],[7.493164,43.767139],[7.651465,44.033643],[6.967285,44.280029],[6.842969,44.510693],[7.030664,44.716699],[6.627734,45.117969],[7.07832,45.239941],[7.153418,45.400928],[6.804492,45.814551],[7.021094,45.925781],[6.77207,46.165137],[6.758105,46.415771],[6.060254,46.428174],[7.000586,47.32251],[7.615625,47.592725]]],[[[55.797363,-21.339355],[55.839063,-21.138574],[55.661914,-20.90625],[55.311328,-20.904102],[55.362695,-21.273633],[55.797363,-21.339355]]],[[[-60.82627,14.494482],[-60.918652,14.735352],[-61.219727,14.804395],[-61.063721,14.46709],[-60.82627,14.494482]]],[[[-54.61626,2.326758],[-54.130078,2.121045],[-53.767773,2.354834],[-53.508984,2.253125],[-52.964844,2.183545],[-52.700635,2.363672],[-52.356641,3.051562],[-51.990625,3.702002],[-51.652539,4.061279],[-51.785645,4.570508],[-51.91958,4.524316],[-52.290527,4.942187],[-52.453955,5.021338],[-52.899316,5.425049],[-53.454443,5.563477],[-53.847168,5.782227],[-54.155957,5.358984],[-54.452197,5.013477],[-54.449609,4.48501],[-54.350732,4.054102],[-53.990479,3.589551],[-54.203125,3.138184],[-54.195508,2.817871],[-54.402002,2.461523],[-54.61626,2.326758]]]]},"properties":{"name":"France","ISO3166-1-Alpha-3":"FRA","ISO3166-1-Alpha-2":"FR"}},
{"type":"Feature","geometry":{"type":"Polygon","coordinates":[[[-56.26709,46.838477],[-56.314893,46.953857],[-56.287354,47.070996],[-56.386914,47.067969],[-56.26709,46.838477]]]},"properties":{"name":"St. Pierre and Miquelon","ISO3166-1-Alpha-3":"SPM","ISO3166-1-Alpha-2":"PM"}},
{"type":"Feature","geometry":{"type":"Polygon","coordinates":[[[-178.04668,-14.318359],[-178.142236,-14.242578],[-178.158594,-14.311914],[-178.04668,-14.318359]]]},"properties":{"name":"Wallis and Futuna Is.","ISO3166-1-Alpha-3":"WLF","ISO3166-1-Alpha-2":"WF"}},
{"type":"Feature","geometry":{"type":"Polygon","coordinates":[[[-63.011182,18.068945],[-63.063086,18.115332],[-63.123047,18.068945],[-63.011182,18.068945]]]},"properties":{"name":"St-Martin","ISO3166-1-Alpha-3":"MAF","ISO3166-1-Alpha-2":"MF"}},
{"type":"Feature","geometry":{"type":"Polygon","coordinates":[[[-62.831934,17.876465],[-62.799707,17.908691],[-62.86543,17.918262],[-62.831934,17.876465]]]},"properties":{"name":"St-Barthélemy","ISO3166-1-Alpha-3":"BLM","ISO3166-1-Alpha-2":"BL"}},
{"type":"Feature","geometry":{"type":"Polygon","coordinates":[[[-149.321533,-17.690039],[-149.379199,-17.522363],[-149.611426,-17.531641],[-149.578906,-17.734961],[-149.321533,-17.690039]]]},"properties":{"name":"Fr. Polynesia","ISO3166-1-Alpha-3":"PYF","ISO3166-1-Alpha-2":"PF"}},
{"type":"Feature","geometry":{"type":"Polygon","coordinates":[[[164.202344,-20.246094],[164.169727,-20.480176],[164.454688,-20.829102],[164.927441,-21.289844],[165.241992,-21.525488],[166.096094,-21.956641],[166.17666,-22.08916],[166.774121,-22.376172],[166.970313,-22.322852],[166.942383,-22.090137],[166.30332,-21.637207],[165.662793,-21.267188],[165.191797,-20.768848],[164.975684,-20.681055],[164.435938,-20.282227],[164.202344,-20.246094]]]},"properties":{"name":"New Caledonia","ISO3166-1-Alpha-3":"NCL","ISO3166-1-Alpha-2":"NC"}},
{"type":"Feature","geometry":{"type":"Polygon","coordinates":[[[69.184863,-49.10957],[68.769531,-49.065918],[68.87207,-49.444336],[69.612891,-49.650977],[69.915625,-49.348535],[70.297656,-49.424805],[70.555469,-49.201465],[70.320215,-49.058594],[69.542383,-49.255664],[69.184863,-49.10957]]]},"properties":{"name":"Fr. S. Antarctic Lands","ISO3166-1-Alpha-3":"ATF","ISO3166-1-Alpha-2":"TF"}},
{"type":"Feature","geometry":{"type":"Polygon","coordinates":[[[19.989551,60.351172],[19.686914,60.267627],[19.745996,60.098975],[20.258887,60.261279],[19.989551,60.351172]]]},"properties":{"name":"Åland","ISO3166-1-Alpha-3":"ALA","ISO3166-1-Alpha-2":"AX"}},
{"type":"Feature","geometry":{"type":"Polygon","coordinates":[[[24.155469,65.805273],[24.581543,65.757129],[25.347852,65.479248],[25.372656,65.009473],[24.55791,64.801025],[24.27832,64.515283],[23.24873,63.896143],[22.243262,63.437939],[21.103613,62.622949],[21.353711,62.223828],[21.255957,61.989648],[21.605957,61.591553],[21.360547,60.96748],[21.436035,60.596387],[22.575879,60.359082],[22.793457,60.076807],[23.721777,59.965674],[25.155859,60.194092],[25.656445,60.333203],[26.534668,60.412891],[27.241895,60.538672],[27.797656,60.536133],[29.690137,61.546094],[31.285645,62.567822],[31.533984,62.8854],[31.180859,63.208301],[30.055371,63.689014],[30.503906,64.020605],[30.487891,64.236523],[30.108105,64.366113],[30.072852,64.765039],[29.604199,64.968408],[29.715918,65.624561],[30.095313,65.681689],[29.903418,66.091064],[29.093066,66.849219],[29.087012,66.970947],[29.941211,67.547461],[29.979199,67.688574],[29.343848,68.061865],[28.685156,68.189795],[28.470703,68.488379],[28.96582,69.021973],[28.846289,69.176904],[29.333398,69.472998],[29.141602,69.671436],[28.411719,69.822754],[27.889941,70.06167],[27.108691,69.904687],[26.525391,69.915039],[26.011523,69.652637],[25.74834,68.990137],[24.941406,68.593262],[23.854004,68.805908],[23.324023,68.648975],[22.410938,68.719873],[21.621777,69.270703],[20.622168,69.036865],[21.997461,68.520605],[22.782422,68.391016],[23.638867,67.954395],[23.468066,67.449951],[23.988574,66.810547],[23.701172,66.480762],[24.155469,65.805273]]]},"properties":{"name":"Finland","ISO3166-1-Alpha-3":"FIN","ISO3166-1-Alpha-2":"FI"}},
{"type":"Feature","geometry":{"type":"MultiPolygon","coordinates":[[[[179.999219,-16.168555],[180,-16.15293],[179.551758,-16.249902],[179.091406,-16.4375],[178.805078,-16.631445],[178.583594,-16.621875],[178.706641,-16.976172],[179.006836,-16.900195],[179.202344,-16.712695],[179.419336,-16.806543],[179.92793,-16.744434],[179.748145,-16.446289],[179.999219,-16.168555]]],[[[178.280176,-17.371973],[178.187598,-17.312988],[177.617969,-17.461035],[177.263965,-17.863477],[177.321387,-18.077539],[177.84707,-18.254883],[178.160156,-18.250195],[178.667676,-18.080859],[178.591602,-17.651465],[178.280176,-17.371973]]]]},"properties":{"name":"Fiji","ISO3166-1-Alpha-3":"FJI","ISO3166-1-Alpha-2":"FJ"}},
{"type":"Feature","geometry":{"type":"Polygon","coordinates":[[[35.268359,5.492285],[35.74502,5.343994],[35.763086,4.808008],[36.081934,4.449707],[36.905566,4.411475],[38.086133,3.648828],[38.608008,3.600098],[39.494434,3.456104],[39.842188,3.851465],[40.765234,4.273047],[41.220898,3.943555],[41.883984,3.977734],[42.024121,4.137939],[42.791602,4.291992],[43.016016,4.56333],[43.538281,4.840332],[44.028125,4.950977],[44.940527,4.912012],[45.934961,5.997217],[46.971191,7.026025],[47.978223,7.99707],[46.978223,7.99707],[44.893555,8.700195],[44.022852,8.986035],[43.620508,9.337402],[43.48252,9.379492],[43.181641,9.87998],[42.841602,10.203076],[42.65957,10.621387],[42.922754,10.999316],[42.557715,11.080762],[41.957422,10.941016],[41.798242,10.980469],[41.766504,11.589111],[42.378516,12.466406],[41.952148,12.882324],[41.765039,13.183936],[41.362891,13.499805],[40.769531,14.144482],[40.221484,14.431152],[39.531836,14.536719],[39.198047,14.479395],[39.074219,14.628223],[38.504395,14.424414],[37.88418,14.852295],[37.571191,14.149072],[37.257227,14.45376],[37.024512,14.271973],[36.524316,14.256836],[36.390625,13.626074],[36.212207,13.271094],[36.10752,12.726465],[35.820605,12.684863],[35.596094,12.537305],[35.252441,11.957031],[35.112305,11.816553],[34.960742,11.276758],[34.931445,10.864795],[34.771289,10.746191],[34.571875,10.880176],[34.275684,10.528125],[34.291504,10.124756],[34.078125,9.461523],[34.094531,8.582227],[33.95332,8.443506],[33.234277,8.396387],[33.012598,7.951514],[33.225977,7.760645],[33.666113,7.670996],[33.902441,7.509521],[34.064258,7.225732],[34.710645,6.660303],[35.081934,5.673145],[35.268359,5.492285]]]},"properties":{"name":"Ethiopia","ISO3166-1-Alpha-3":"ETH","ISO3166-1-Alpha-2":"ET"}},
{"type":"Feature","geometry":{"type":"MultiPolygon","coordinates":[[[[27.351953,57.528125],[27.752832,57.841016],[27.487793,58.270068],[27.464453,58.841309],[27.757617,59.052002],[28.0125,59.484277],[27.892578,59.414209],[26.974707,59.450635],[26.625,59.553906],[25.509277,59.639014],[25.44375,59.521143],[24.380371,59.472656],[24.083398,59.291895],[23.494434,59.195654],[23.509277,58.658545],[23.767578,58.36084],[24.114844,58.266113],[24.529102,58.354248],[24.322559,57.870605],[25.111035,58.063428],[25.991113,57.838184],[26.532617,57.531006],[26.899805,57.608789],[27.351953,57.528125]]],[[[22.617383,58.62124],[22.081348,58.478125],[21.882129,58.262354],[22.15293,58.115332],[22.757031,58.260889],[23.292871,58.483496],[22.617383,58.62124]]]]},"properties":{"name":"Estonia","ISO3166-1-Alpha-3":"EST","ISO3166-1-Alpha-2":"EE"}},
{"type":"Feature","geometry":{"type":"Polygon","coordinates":[[[36.524316,14.256836],[37.024512,14.271973],[37.257227,14.45376],[37.571191,14.149072],[37.88418,14.852295],[38.504395,14.424414],[39.074219,14.628223],[39.198047,14.479395],[39.531836,14.536719],[40.221484,14.431152],[40.769531,14.144482],[41.362891,13.499805],[41.765039,13.183936],[41.952148,12.882324],[42.378516,12.466406],[42.670117,12.376562],[42.883301,12.621289],[43.116699,12.708594],[42.796191,12.864258],[42.522852,13.221484],[42.399316,13.212598],[42.245117,13.587646],[41.658203,13.983057],[41.176465,14.620312],[40.799316,14.743018],[40.634375,14.883008],[40.204102,15.014111],[40.041016,15.334521],[39.86377,15.470312],[39.506543,15.532129],[39.298926,15.921094],[39.142578,16.72915],[38.911719,17.427148],[38.609473,18.005078],[38.253516,17.584766],[37.782422,17.458008],[37.510156,17.288135],[37.411035,17.061719],[37.008984,17.058887],[36.887793,16.624658],[36.91377,16.296191],[36.521777,15.250146],[36.426758,15.13208],[36.524316,14.256836]]]},"properties":{"name":"Eritrea","ISO3166-1-Alpha-3":"ERI","ISO3166-1-Alpha-2":"ER"}},
{"type":"Feature","geometry":{"type":"MultiPolygon","coordinates":[[[[8.735742,3.758301],[8.474902,3.264648],[8.704004,3.223633],[8.946094,3.627539],[8.735742,3.758301]]],[[[11.328711,2.167432],[9.979883,2.167773],[9.800781,2.304443],[9.807031,1.92749],[9.385938,1.139258],[9.59082,1.031982],[10.028516,1.004004],[11.335352,0.999707],[11.328711,2.167432]]]]},"properties":{"name":"Eq. Guinea","ISO3166-1-Alpha-3":"GNQ","ISO3166-1-Alpha-2":"GQ"}},
{"type":"Feature","geometry":{"type":"Polygon","coordinates":[[[-89.362598,14.416016],[-89.872705,14.045605],[-90.095215,13.736523],[-89.804199,13.560107],[-89.277637,13.478076],[-88.512012,13.183936],[-87.930859,13.180664],[-87.814209,13.39917],[-87.715332,13.812695],[-88.151025,13.987354],[-88.512549,13.978955],[-88.845947,14.124756],[-89.057129,14.32915],[-89.362598,14.416016]]]},"properties":{"name":"El Salvador","ISO3166-1-Alpha-3":"SLV","ISO3166-1-Alpha-2":"SV"}},
{"type":"Feature","geometry":{"type":"Polygon","coordinates":[[[36.871387,21.996729],[36.414551,22.394189],[36.229688,22.628809],[35.913379,22.739648],[35.697852,22.946191],[35.522754,23.442529],[35.504395,23.779297],[35.624707,24.066016],[35.194141,24.475146],[34.565137,25.691162],[33.959082,26.649023],[33.893066,27.049463],[33.549805,27.607373],[33.54707,27.898145],[32.898242,28.565234],[32.631836,28.992236],[32.565039,29.386328],[32.359766,29.630664],[32.565723,29.973975],[32.721484,29.521777],[33.075781,29.073047],[33.247754,28.567725],[33.760254,28.047656],[34.220117,27.764307],[34.399707,28.016016],[34.446484,28.357324],[34.617188,28.75791],[34.736426,29.270605],[34.904297,29.477344],[34.658594,30.191455],[34.245313,31.208301],[34.198145,31.322607],[33.666504,31.13042],[33.129883,31.168164],[32.60332,31.06875],[32.323535,31.256055],[32.101758,31.092822],[31.524414,31.458252],[31.193945,31.587598],[30.700488,31.403857],[30.395117,31.457617],[30.222656,31.258398],[29.929785,31.22749],[29.591602,31.011523],[29.07207,30.830273],[28.514844,31.050439],[27.967578,31.097412],[27.540039,31.212695],[27.248047,31.377881],[25.893262,31.620898],[25.382227,31.512793],[25.150488,31.65498],[24.852734,31.334814],[24.973926,30.776562],[24.726465,30.250586],[24.980273,29.181885],[24.980273,27.16084],[24.980273,25.588867],[24.980273,24.016943],[24.980273,21.99585],[26.126367,21.995654],[28.036426,21.995361],[29.564551,21.995117],[31.434473,21.99585],[32.606055,21.995996],[34.574609,21.996338],[36.871387,21.996729]]]},"properties":{"name":"Egypt","ISO3166-1-Alpha-3":"EGY","ISO3166-1-Alpha-2":"EG"}},
{"type":"Feature","geometry":{"type":"MultiPolygon","coordinates":[[[[-75.284473,-0.106543],[-75.879785,0.150977],[-76.311035,0.448486],[-76.494629,0.235449],[-76.920117,0.268506],[-77.422754,0.424854],[-77.467676,0.636523],[-78.312109,1.046094],[-78.859668,1.455371],[-78.899658,1.20625],[-79.741211,0.979785],[-80.088281,0.784766],[-80.025,0.410156],[-80.133398,-0.006055],[-80.482275,-0.368262],[-80.553906,-0.847949],[-80.902393,-1.078906],[-80.801416,-1.383398],[-80.83501,-1.632422],[-80.770361,-2.07666],[-80.962793,-2.189258],[-80.450098,-2.625977],[-80.284717,-2.706738],[-80.127148,-2.528418],[-79.729883,-2.579102],[-79.921582,-3.090137],[-80.324658,-3.387891],[-80.179248,-3.877734],[-80.51001,-4.069531],[-80.488477,-4.393652],[-80.139551,-4.296094],[-79.797266,-4.476367],[-79.638525,-4.454883],[-79.330957,-4.927832],[-79.07627,-4.990625],[-78.861523,-4.665039],[-78.686035,-4.562402],[-78.679395,-4.325879],[-78.419775,-3.776855],[-78.347266,-3.43125],[-78.183301,-3.350195],[-77.860596,-2.981641],[-76.679102,-2.562598],[-76.089795,-2.133105],[-75.570557,-1.53125],[-75.42041,-0.962207],[-75.249609,-0.951855],[-75.263232,-0.555371],[-75.424707,-0.408887],[-75.475977,-0.157129],[-75.284473,-0.106543]]],[[[-91.272168,0.025146],[-91.369189,-0.287207],[-91.144678,-0.622852],[-91.458301,-0.799512],[-91.371533,-1.016992],[-90.905518,-0.940527],[-90.799658,-0.752051],[-90.975537,-0.416895],[-91.176221,-0.223047],[-91.272168,0.025146]]]]},"properties":{"name":"Ecuador","ISO3166-1-Alpha-3":"ECU","ISO3166-1-Alpha-2":"EC"}},
{"type":"Feature","geometry":{"type":"Polygon","coordinates":[[[-71.768311,18.03916],[-71.631738,17.773633],[-71.395703,17.646094],[-71.027832,18.273193],[-70.644678,18.33623],[-70.479932,18.217285],[-70.183105,18.251758],[-69.770654,18.443555],[-68.934961,18.408008],[-68.658838,18.222021],[-68.359277,18.538086],[-68.381396,18.671143],[-68.684766,18.904785],[-69.322754,19.201074],[-69.739404,19.299219],[-69.956836,19.671875],[-70.129443,19.636133],[-70.95415,19.913965],[-71.235937,19.848145],[-71.557764,19.895361],[-71.779248,19.718164],[-71.657031,19.130762],[-71.807129,18.987012],[-71.743213,18.73291],[-72.000391,18.5979],[-71.761914,18.341309],[-71.768311,18.03916]]]},"properties":{"name":"Dominican Rep.","ISO3166-1-Alpha-3":"DOM","ISO3166-1-Alpha-2":"DO"}},
{"type":"Feature","geometry":{"type":"Polygon","coordinates":[[[-61.281689,15.249023],[-61.32002,15.585059],[-61.481152,15.525146],[-61.281689,15.249023]]]},"properties":{"name":"Dominica","ISO3166-1-Alpha-3":"DMA","ISO3166-1-Alpha-2":"DM"}},
{"type":"Feature","geometry":{"type":"Polygon","coordinates":[[[43.245996,11.499805],[42.799023,11.739404],[43.27207,11.969531],[43.409766,12.189941],[43.116699,12.708594],[42.883301,12.621289],[42.670117,12.376562],[42.378516,12.466406],[41.766504,11.589111],[41.798242,10.980469],[41.957422,10.941016],[42.557715,11.080762],[42.922754,10.999316],[43.245996,11.499805]]]},"properties":{"name":"Djibouti","ISO3166-1-Alpha-3":"DJI","ISO3166-1-Alpha-2":"DJ"}},
{"type":"Feature","geometry":{"type":"MultiPolygon","coordinates":[[[[-29.952881,83.564844],[-32.984424,83.599609],[-37.828027,83.485547],[-40.356836,83.332178],[-41.300146,83.100781],[-43.19458,83.255127],[-46.478174,82.951904],[-44.238867,82.368164],[-44.532422,81.848926],[-45.291064,81.828809],[-48.861182,82.40542],[-50.989941,82.460156],[-49.694287,81.972119],[-50.894434,81.895215],[-52.775586,82.321729],[-54.725879,82.351367],[-58.717383,82.093066],[-59.281934,81.884033],[-61.20293,81.746875],[-61.435986,81.133594],[-62.993262,81.206982],[-64.515527,81],[-66.995898,80.412988],[-66.843652,80.076221],[-64.792285,80.000635],[-65.419873,79.340234],[-65.967871,79.132373],[-67.482227,79.116895],[-68.993457,78.857422],[-72.395605,78.504346],[-72.818066,78.194336],[-71.649902,77.899805],[-69.351367,77.467139],[-67.977344,77.518896],[-66.691211,77.681201],[-66.453076,77.393066],[-68.135547,77.37959],[-68.97832,77.195312],[-70.862842,77.175439],[-70.792822,76.869092],[-69.252051,76.686133],[-69.3729,76.331885],[-68.14873,76.067041],[-66.826172,75.968799],[-65.954053,76.241699],[-65.456787,76.129834],[-63.438867,76.339453],[-61.188232,76.157861],[-58.516211,75.689063],[-58.603467,75.385303],[-56.801318,74.67168],[-56.706348,74.219189],[-55.929492,73.89541],[-56.104053,73.558154],[-55.297168,73.262305],[-55.668555,73.00791],[-54.737939,72.87251],[-54.790381,72.641602],[-55.601709,72.453467],[-55.315576,72.110693],[-55.594043,71.553516],[-54.689062,71.367236],[-53.476025,71.640186],[-52.749414,71.501514],[-53.117041,71.312891],[-51.130078,70.971729],[-51.524463,70.439453],[-52.405225,70.686768],[-54.16582,70.820117],[-54.501172,70.656885],[-54.014453,70.42168],[-53.023047,70.301904],[-52.254639,70.058936],[-50.5,69.935791],[-51.076953,69.209473],[-51.249414,68.739941],[-51.780664,68.548193],[-52.302783,68.701123],[-53.039453,68.610889],[-53.383154,68.297363],[-53.151562,68.207764],[-53.577979,67.836816],[-53.418799,67.574561],[-53.798584,67.418164],[-53.884424,67.135547],[-53.038281,66.826807],[-53.634717,66.413672],[-53.614697,66.154492],[-53.106348,65.977148],[-53.198975,65.594043],[-52.760937,65.59082],[-52.259033,65.154932],[-52.093408,64.415918],[-51.758105,64.279932],[-51.451074,63.904785],[-51.468848,63.642285],[-50.743506,63.05127],[-50.33833,62.82876],[-50.319238,62.473193],[-49.553467,62.232715],[-49.289062,61.589941],[-48.92207,61.277441],[-48.494824,61.224707],[-48.386426,61.004736],[-47.79624,60.828857],[-46.874463,60.816406],[-46.011719,61.096826],[-46.046631,60.615723],[-45.590283,60.518848],[-45.379248,60.20293],[-44.065479,59.924805],[-43.320117,59.928125],[-43.156494,60.332861],[-42.717041,60.76748],[-42.41875,61.537012],[-42.110205,61.857227],[-42.321484,62.152734],[-42.152979,62.568457],[-41.107715,63.273779],[-41.04873,63.513818],[-40.550391,63.725244],[-40.781738,64.221777],[-40.182227,64.479932],[-40.655469,64.915332],[-39.57793,65.340771],[-39.960938,65.556201],[-38.636719,65.624365],[-38.00127,65.709619],[-37.754199,65.593066],[-36.379199,65.830811],[-35.630078,66.139941],[-34.632812,66.434766],[-34.10166,66.725928],[-33.156982,67.626709],[-32.274805,67.922852],[-32.137256,68.384912],[-30.978564,68.061328],[-29.868506,68.311572],[-29.249512,68.298779],[-26.341406,68.702148],[-25.544043,69.045703],[-23.708984,69.627246],[-23.088232,69.882959],[-23.173242,70.1146],[-25.529883,70.353174],[-26.155713,70.245605],[-26.747266,70.475537],[-28.015039,70.402246],[-28.540918,70.476904],[-27.68877,70.993457],[-26.71792,70.950488],[-25.742236,71.183594],[-25.655859,71.530029],[-24.377002,71.146387],[-23.791797,70.555176],[-23.327832,70.450977],[-21.943506,70.443457],[-21.522656,70.526221],[-21.752246,71.47832],[-22.01333,71.688818],[-24.666846,72.437354],[-24.069043,72.49873],[-22.293213,72.119531],[-22.074805,72.399219],[-22.036328,72.918457],[-23.898975,73.398291],[-22.185059,73.269873],[-21.547998,73.431689],[-20.509668,73.492871],[-20.367285,73.848242],[-22.335254,74.063428],[-22.321582,74.302539],[-21.129443,74.110889],[-19.369141,74.284033],[-19.225098,74.479492],[-19.984912,74.975195],[-20.985791,75.074365],[-20.484961,75.314258],[-19.425977,75.229834],[-19.508984,75.75752],[-20.103613,76.219092],[-21.569092,76.293701],[-21.877344,76.573486],[-20.94209,76.887012],[-20.064355,76.927588],[-18.510303,76.778174],[-18.339014,77.215283],[-20.231934,77.368408],[-20.862598,77.911865],[-21.747559,77.790625],[-20.955664,78.555029],[-19.074951,79.152344],[-19.283594,79.683154],[-20.138477,79.803369],[-19.429199,80.257715],[-16.868408,80.198242],[-15.932617,80.395117],[-16.760596,80.573389],[-14.503564,80.763281],[-11.528809,81.424023],[-12.192871,81.649121],[-15.555518,81.833594],[-17.226221,81.43042],[-20.015723,81.564355],[-21.146582,81.695166],[-21.337988,82.068701],[-25.148828,82.001123],[-27.839502,82.048877],[-29.579395,82.161182],[-23.862207,82.287061],[-21.520654,82.59541],[-22.524902,82.78916],[-24.470312,82.877393],[-25.947412,83.289648],[-29.952881,83.564844]]],[[[-52.731152,69.944727],[-53.375146,70.221289],[-54.371631,70.317285],[-54.830469,70.161084],[-54.804102,69.630518],[-53.783057,69.506299],[-53.578418,69.256641],[-52.112598,69.489111],[-52.045312,69.807227],[-52.731152,69.944727]]],[[[-44.864551,82.083643],[-44.749902,82.401123],[-46.751904,82.348193],[-44.864551,82.083643]]],[[[-25.432324,70.921338],[-25.818896,71.043652],[-26.975586,70.862695],[-27.708936,70.897119],[-27.897998,70.454004],[-26.604687,70.553369],[-26.217871,70.454053],[-25.402246,70.652686],[-25.432324,70.921338]]],[[[-18.000537,75.407324],[-18.856055,75.319141],[-18.670801,75.00166],[-17.586035,74.992773],[-18.000537,75.407324]]]]},"properties":{"name":"Greenland","ISO3166-1-Alpha-3":"GRL","ISO3166-1-Alpha-2":"GL"}},
{"type":"Feature","geometry":{"type":"Polygon","coordinates":[[[-6.631055,62.227881],[-7.172168,62.285596],[-7.013574,62.093994],[-6.631055,62.227881]]]},"properties":{"name":"Faeroe Is.","ISO3166-1-Alpha-3":"FRO","ISO3166-1-Alpha-2":"FO"}},
{"type":"Feature","geometry":{"type":"MultiPolygon","coordinates":[[[[12.56875,55.785059],[12.578711,56.064062],[12.218945,56.118652],[11.474707,55.943457],[10.978906,55.721533],[11.286328,55.204443],[11.653809,55.186914],[11.740918,54.915332],[12.050391,54.815332],[12.215039,55.466504],[12.56875,55.785059]]],[[[9.739746,54.825537],[9.591113,55.493213],[10.183008,55.865186],[10.31875,56.212891],[10.856445,56.295508],[10.845898,56.521729],[10.282715,56.620508],[10.296094,56.999121],[10.537109,57.448535],[9.962305,57.580957],[9.554297,57.232471],[8.618555,57.111279],[8.163965,56.606885],[8.132129,55.599805],[8.615918,55.418213],[8.670313,54.903418],[9.341992,54.806299],[9.739746,54.825537]]],[[[10.645117,55.609814],[9.860645,55.515479],[9.98877,55.163184],[10.442773,55.048779],[10.785254,55.133398],[10.645117,55.609814]]]]},"properties":{"name":"Denmark","ISO3166-1-Alpha-3":"DNK","ISO3166-1-Alpha-2":"DK"}},
{"type":"Feature","geometry":{"type":"Polygon","coordinates":[[[18.832227,49.510791],[18.562402,49.879346],[18.02832,50.035254],[17.874805,49.972266],[17.151953,50.37832],[16.679102,50.097461],[16.007227,50.611621],[15.354395,50.811768],[14.99375,51.014355],[14.809375,50.858984],[14.369043,50.89873],[13.526563,50.692822],[13.472559,50.616943],[12.452637,50.349805],[12.277344,50.181445],[12.457617,49.955518],[12.390527,49.739648],[12.632031,49.46123],[13.814746,48.766943],[14.049121,48.60249],[14.691309,48.599219],[14.972168,48.983936],[15.310938,48.974023],[16.057227,48.754785],[16.47793,48.800098],[16.953125,48.598828],[17.188477,48.860937],[17.758496,48.888135],[18.085938,49.065137],[18.160938,49.257373],[18.832227,49.510791]]]},"properties":{"name":"Czechia","ISO3166-1-Alpha-3":"CZE","ISO3166-1-Alpha-2":"CZ"}},
{"type":"Feature","geometry":{"type":"Polygon","coordinates":[[[34.004492,35.065234],[33.941992,35.292041],[32.941602,35.39043],[32.712695,35.171045],[32.919531,35.087842],[33.383789,35.162695],[33.525684,35.038672],[34.004492,35.065234]]]},"properties":{"name":"N. Cyprus","ISO3166-1-Alpha-3":null,"ISO3166-1-Alpha-2":null}},
{"type":"Feature","geometry":{"type":"Polygon","coordinates":[[[32.712695,35.171045],[32.317188,34.95332],[32.449023,34.729443],[32.941797,34.575879],[33.514453,34.806445],[34.004492,35.065234],[33.525684,35.038672],[33.383789,35.162695],[32.919531,35.087842],[32.712695,35.171045]]]},"properties":{"name":"Cyprus","ISO3166-1-Alpha-3":"CYP","ISO3166-1-Alpha-2":"CY"}},
{"type":"Feature","geometry":{"type":"MultiPolygon","coordinates":[[[[-81.837451,23.163037],[-82.101367,23.19043],[-82.66582,23.043555],[-83.257812,22.967578],[-84.044922,22.666016],[-84.361279,22.378906],[-84.326367,22.074316],[-84.030957,21.943115],[-83.900732,22.170117],[-83.379639,22.222998],[-82.738037,22.689258],[-81.903418,22.679004],[-81.75708,22.466748],[-81.816211,22.200195],[-81.441113,22.183789],[-80.961914,22.052881],[-80.499072,22.063525],[-80.231348,21.872168],[-79.274414,21.562646],[-78.822949,21.618945],[-78.636475,21.515527],[-78.490771,21.053711],[-77.997314,20.715381],[-77.22959,20.64375],[-77.213379,20.300391],[-77.55376,20.082129],[-77.715088,19.855469],[-76.999463,19.892822],[-76.158447,19.989746],[-75.551953,19.891113],[-75.116406,19.901416],[-74.634766,20.058154],[-74.252832,20.079687],[-74.16748,20.292187],[-74.513135,20.38457],[-74.882568,20.650635],[-75.642773,20.733496],[-75.595801,20.994678],[-75.722949,21.111035],[-76.073633,21.133447],[-76.647412,21.284521],[-77.497266,21.871631],[-77.865039,21.900586],[-78.143115,22.109424],[-78.686475,22.366846],[-79.275684,22.407617],[-79.67666,22.743066],[-80.075244,22.942334],[-80.364893,22.943408],[-80.650146,23.103076],[-81.178613,23.059668],[-81.271631,23.128613],[-81.837451,23.163037]]],[[[-82.561768,21.57168],[-82.714551,21.890283],[-82.991211,21.942725],[-83.08252,21.791406],[-82.853174,21.443896],[-82.561768,21.57168]]]]},"properties":{"name":"Cuba","ISO3166-1-Alpha-3":"CUB","ISO3166-1-Alpha-2":"CU"}},
{"type":"Feature","geometry":{"type":"MultiPolygon","coordinates":[[[[13.57793,45.516895],[13.629297,45.108203],[13.96582,44.835645],[14.386133,45.342139],[14.85459,45.081006],[14.895215,44.706592],[15.269824,44.383496],[15.122949,44.256787],[15.499414,43.908789],[15.941504,43.656641],[16.903125,43.392432],[17.585156,42.938379],[17.624805,43.042773],[16.713477,43.778809],[16.214258,44.215137],[16.130273,44.47373],[15.736621,44.76582],[15.788086,45.178955],[16.293359,45.008838],[16.530664,45.216699],[16.918652,45.276562],[17.125391,45.171777],[17.812793,45.078125],[17.996289,45.141797],[18.662598,45.077441],[19.007129,44.869189],[19.055078,45.527246],[18.905371,45.931738],[18.437305,45.767334],[17.963867,45.770264],[17.310645,45.996143],[16.748047,46.416406],[16.516211,46.499902],[15.635938,46.200732],[15.624805,45.834033],[15.277051,45.732617],[15.339453,45.467041],[14.733594,45.508496],[13.878711,45.428369],[13.57793,45.516895]]],[[[18.436328,42.559717],[17.667578,42.897119],[18.51748,42.43291],[18.436328,42.559717]]]]},"properties":{"name":"Croatia","ISO3166-1-Alpha-3":"HRV","ISO3166-1-Alpha-2":"HR"}},
{"type":"Feature","geometry":{"type":"Polygon","coordinates":[[[-7.990625,10.1625],[-8.136621,10.02207],[-8.136963,9.495703],[-7.896191,9.415869],[-7.950977,8.786816],[-7.823584,8.467676],[-8.236963,8.455664],[-8.256104,8.253711],[-8.016748,8.144922],[-8.231885,7.556738],[-8.486426,7.558496],[-8.296631,7.074023],[-8.332568,6.801562],[-8.603564,6.507812],[-8.203857,6.290723],[-7.888623,6.234863],[-7.796533,5.975098],[-7.454395,5.841309],[-7.429834,5.324512],[-7.568896,5.080664],[-7.544971,4.351318],[-6.845166,4.671484],[-5.91377,5.010937],[-5.564746,5.089453],[-4.037207,5.230127],[-3.347559,5.130664],[-3.019141,5.130811],[-2.795215,5.184521],[-2.793652,5.600098],[-2.962256,5.643018],[-3.200586,6.348242],[-3.235791,6.807227],[-2.985791,7.204883],[-2.959082,7.454541],[-2.789746,7.931934],[-2.505859,8.20874],[-2.600391,8.800439],[-2.74668,9.109619],[-2.69585,9.481348],[-2.816748,9.42583],[-3.223535,9.895459],[-3.877637,9.894922],[-4.267187,9.743262],[-4.62583,9.713574],[-4.969922,9.930078],[-5.099854,10.241602],[-5.523535,10.426025],[-5.843848,10.389551],[-6.03457,10.194824],[-6.190674,10.400293],[-6.261133,10.724072],[-6.5646,10.586426],[-6.693262,10.349463],[-6.950342,10.342334],[-7.104883,10.203516],[-7.661133,10.427441],[-7.990625,10.1625]]]},"properties":{"name":"Côte d'Ivoire","ISO3166-1-Alpha-3":"CIV","ISO3166-1-Alpha-2":"CI"}},
{"type":"Feature","geometry":{"type":"Polygon","coordinates":[[[-82.563574,9.57666],[-82.778418,9.669531],[-83.448242,10.465918],[-83.641992,10.917236],[-83.811182,10.743262],[-84.168359,10.780371],[-84.348291,10.979883],[-84.701172,11.052197],[-84.90918,10.945312],[-85.621387,11.184473],[-85.744336,11.062109],[-85.908008,10.897559],[-85.667236,10.74502],[-85.830615,10.398145],[-85.796484,10.132861],[-85.624854,9.902441],[-85.314551,9.810937],[-85.114502,9.581787],[-84.714941,9.899414],[-84.658887,9.64668],[-83.895557,9.276416],[-83.637256,9.035352],[-83.613721,8.804053],[-83.734082,8.614453],[-83.162402,8.588184],[-83.12334,8.353076],[-82.879346,8.070654],[-82.997559,8.367773],[-82.861621,8.453516],[-82.917041,8.740332],[-82.741162,8.951709],[-82.940332,9.060107],[-82.939844,9.44917],[-82.801025,9.591797],[-82.563574,9.57666]]]},"properties":{"name":"Costa Rica","ISO3166-1-Alpha-3":"CRI","ISO3166-1-Alpha-2":"CR"}},
{"type":"Feature","geometry":{"type":"Polygon","coordinates":[[[30.751172,-8.193652],[30.313184,-7.203711],[30.10625,-6.915039],[29.709668,-6.616895],[29.54082,-6.313867],[29.480078,-6.025],[29.594141,-5.650781],[29.342773,-4.983105],[29.403223,-4.449316],[29.223242,-3.91084],[29.224414,-3.053516],[29.014355,-2.720215],[28.876367,-2.400293],[29.106445,-2.233203],[29.129395,-1.860254],[29.35166,-1.517578],[29.576953,-1.387891],[29.561914,-0.977344],[29.717676,0.09834],[29.934473,0.499023],[29.942871,0.819238],[30.18291,0.973486],[30.942578,1.682812],[31.252734,2.04458],[31.176367,2.270068],[30.728613,2.455371],[30.84668,2.847021],[30.754004,3.041797],[30.906445,3.408936],[30.838574,3.490723],[30.559375,3.652783],[30.508301,3.835693],[30.194922,3.981934],[29.676855,4.586914],[29.469629,4.611816],[29.151465,4.388184],[28.727051,4.50498],[28.427539,4.32417],[28.19209,4.350244],[27.788086,4.644678],[27.40332,5.10918],[27.114941,5.197852],[26.82207,5.062402],[25.525098,5.312109],[25.249316,5.024561],[24.765527,4.930078],[24.319824,4.994141],[23.417188,4.663135],[23.115918,4.736914],[22.755762,4.64668],[22.422168,4.134961],[21.908203,4.253906],[21.537598,4.244824],[20.955762,4.413135],[20.558105,4.462695],[20.226367,4.829639],[19.806543,5.089307],[19.500977,5.12749],[19.068555,4.891406],[18.831738,4.523438],[18.56748,4.257568],[18.633691,3.954297],[18.610352,3.478418],[18.490918,2.924414],[18.211621,2.414941],[18.072168,2.013281],[18.057813,1.534863],[17.902441,1.118066],[17.925195,0.537305],[17.887695,0.234131],[17.724121,-0.277539],[17.752832,-0.549023],[17.278809,-0.999609],[16.879883,-1.225879],[16.540723,-1.840137],[16.215332,-2.177832],[16.217383,-3.030273],[16.146777,-3.46416],[15.872461,-3.934277],[15.600098,-4.030957],[15.10625,-4.461035],[14.70791,-4.881738],[14.410742,-4.83125],[14.358301,-4.299414],[13.940918,-4.484668],[13.71709,-4.454492],[13.685352,-4.688672],[13.414941,-4.837402],[13.072754,-4.634766],[12.829688,-4.736621],[12.522363,-5.148926],[12.503711,-5.695801],[12.213672,-5.758691],[12.411719,-5.986328],[13.068164,-5.864844],[13.978516,-5.857227],[14.398633,-5.892676],[16.315234,-5.865625],[16.537109,-5.96582],[16.717773,-6.241406],[16.742969,-6.618457],[16.919434,-6.933984],[16.984766,-7.257422],[17.536035,-8.075879],[17.913086,-8.067676],[18.653418,-7.936035],[18.89834,-7.998145],[19.34082,-7.966602],[19.37168,-7.655078],[19.527637,-7.144434],[19.875195,-6.986328],[20.482227,-6.91582],[20.607813,-7.277734],[21.751074,-7.305469],[21.841602,-7.420996],[21.780078,-7.86543],[21.895898,-8.341113],[21.905371,-8.693359],[21.813184,-9.46875],[22.197754,-10.040625],[22.302441,-10.39668],[22.280469,-10.783984],[22.17793,-10.892285],[22.278809,-11.194141],[22.561035,-11.055859],[23.156738,-11.074805],[23.400195,-10.976465],[23.833887,-11.013672],[23.966504,-10.871777],[24.319922,-11.071777],[24.518555,-11.438477],[25.184863,-11.242969],[25.349414,-11.623047],[26.025977,-11.890137],[26.596387,-11.97207],[26.949609,-11.898828],[27.046094,-11.615918],[27.423633,-11.944531],[27.533398,-12.195312],[28.357715,-12.482031],[28.550879,-12.836133],[28.672949,-12.861328],[29.014258,-13.368848],[29.201855,-13.39834],[29.554199,-13.248926],[29.795313,-13.392773],[29.795117,-12.155469],[29.559766,-12.202441],[29.427539,-12.43125],[29.064355,-12.348828],[28.48252,-11.812109],[28.357227,-11.483008],[28.544238,-10.802344],[28.638867,-10.669238],[28.630078,-9.83125],[28.400684,-9.224805],[28.616504,-9.072266],[28.917773,-8.700586],[28.972266,-8.464941],[30.751172,-8.193652]]]},"properties":{"name":"Dem. Rep. Congo","ISO3166-1-Alpha-3":"COD","ISO3166-1-Alpha-2":"CD"}},
{"type":"Feature","geometry":{"type":"Polygon","coordinates":[[[11.130176,-3.916309],[11.777539,-4.56582],[12.018359,-5.004297],[12.38457,-4.619141],[12.881055,-4.445117],[13.072754,-4.634766],[13.414941,-4.837402],[13.685352,-4.688672],[13.71709,-4.454492],[13.940918,-4.484668],[14.358301,-4.299414],[14.410742,-4.83125],[14.70791,-4.881738],[15.10625,-4.461035],[15.600098,-4.030957],[15.872461,-3.934277],[16.146777,-3.46416],[16.217383,-3.030273],[16.215332,-2.177832],[16.540723,-1.840137],[16.879883,-1.225879],[17.278809,-0.999609],[17.752832,-0.549023],[17.724121,-0.277539],[17.887695,0.234131],[17.925195,0.537305],[17.902441,1.118066],[18.057813,1.534863],[18.072168,2.013281],[18.211621,2.414941],[18.490918,2.924414],[18.610352,3.478418],[18.474414,3.622998],[18.160938,3.499805],[17.437988,3.684619],[17.002539,3.556689],[16.67334,3.535205],[16.496289,3.208838],[16.468555,2.831738],[16.183398,2.270068],[16.080078,2.106787],[16.059375,1.676221],[15.741602,1.91499],[14.902441,2.012305],[14.484082,2.154736],[13.293555,2.161572],[13.162695,1.648096],[13.274121,1.241016],[13.851367,1.41875],[14.180859,1.370215],[14.434473,0.811475],[14.324219,0.624219],[14.0875,0.536572],[13.88457,0.19082],[13.860059,-0.20332],[14.069434,-0.270117],[14.480566,-0.618359],[14.410645,-0.97207],[14.455566,-1.413184],[14.383984,-1.890039],[14.251465,-2.001465],[14.087402,-2.466895],[13.886914,-2.46543],[13.784375,-2.16377],[13.464941,-2.39541],[12.991992,-2.313379],[12.793555,-1.931836],[12.59043,-1.826855],[12.432129,-1.928906],[12.446387,-2.32998],[12.064453,-2.412598],[11.950293,-2.344824],[11.575195,-2.39707],[11.537793,-2.836719],[11.760156,-2.983105],[11.71543,-3.176953],[11.93418,-3.318555],[11.685742,-3.682031],[11.504297,-3.520313],[11.288281,-3.641113],[11.130176,-3.916309]]]},"properties":{"name":"Congo","ISO3166-1-Alpha-3":"COG","ISO3166-1-Alpha-2":"CG"}},
{"type":"Feature","geometry":{"type":"Polygon","coordinates":[[[43.46582,-11.90127],[43.379395,-11.61416],[43.22666,-11.751855],[43.46582,-11.90127]]]},"properties":{"name":"Comoros","ISO3166-1-Alpha-3":"COM","ISO3166-1-Alpha-2":"KM"}},
{"type":"Feature","geometry":{"type":"Polygon","coordinates":[[[-71.319727,11.861914],[-71.137305,12.046338],[-71.262109,12.335303],[-71.714551,12.419971],[-72.135742,12.188574],[-72.275,11.889258],[-72.721826,11.712158],[-73.313379,11.295752],[-73.795703,11.275684],[-74.059131,11.340625],[-74.454248,10.989062],[-74.84458,11.109717],[-75.445996,10.610889],[-75.670898,10.196338],[-75.592676,9.992725],[-75.680029,9.729785],[-75.639355,9.450439],[-75.905029,9.430908],[-76.135498,9.265625],[-76.276855,8.989111],[-76.887988,8.619873],[-76.77207,8.310547],[-76.851855,8.090479],[-77.374219,8.658301],[-77.407275,8.427246],[-77.212305,8.033887],[-77.350781,7.705859],[-77.743896,7.536963],[-77.901172,7.229346],[-77.359863,6.504492],[-77.469434,6.176758],[-77.249268,5.780176],[-77.534424,5.537109],[-77.401758,5.416162],[-77.286328,4.721729],[-77.427295,4.060449],[-77.166602,3.862256],[-77.242773,3.585352],[-77.67002,2.878857],[-78.12002,2.488184],[-78.296143,2.510498],[-78.617041,2.306787],[-78.576904,1.773779],[-78.792969,1.84873],[-79.025439,1.623682],[-78.859668,1.455371],[-78.312109,1.046094],[-77.467676,0.636523],[-77.422754,0.424854],[-76.920117,0.268506],[-76.494629,0.235449],[-76.311035,0.448486],[-75.879785,0.150977],[-75.284473,-0.106543],[-75.138379,-0.050488],[-74.801758,-0.200098],[-74.417871,-0.580664],[-74.246387,-0.970605],[-73.664307,-1.248828],[-73.496289,-1.693066],[-73.196973,-1.830273],[-73.154492,-2.278223],[-72.887158,-2.408496],[-72.625342,-2.35166],[-72.395605,-2.428906],[-71.984277,-2.326563],[-71.752539,-2.152734],[-71.396973,-2.334082],[-70.914551,-2.218555],[-70.09585,-2.658203],[-70.074023,-2.750195],[-70.735107,-3.781543],[-70.339502,-3.814355],[-69.965918,-4.235938],[-69.669043,-2.667676],[-69.400244,-1.194922],[-69.66748,-0.482422],[-70.070508,-0.138867],[-70.053906,0.578613],[-69.472119,0.729932],[-69.174072,0.635352],[-69.163232,0.864062],[-69.361377,1.064014],[-69.852148,1.059521],[-69.848584,1.70874],[-68.176562,1.719824],[-67.815088,1.790088],[-67.499658,2.10791],[-67.351953,2.08584],[-67.090137,1.615576],[-67.093652,1.21001],[-66.876025,1.223047],[-66.884473,1.358252],[-67.21084,2.390137],[-67.59668,2.769336],[-67.834766,2.892822],[-67.311133,3.415869],[-67.661621,3.864258],[-67.855273,4.506885],[-67.824902,5.270459],[-67.439355,6.025537],[-67.568066,6.241797],[-67.85918,6.289893],[-68.471777,6.156543],[-69.089941,6.184375],[-69.439258,6.134912],[-70.09502,6.937939],[-70.655078,7.082764],[-71.013281,6.994434],[-71.620898,7.03291],[-71.892676,6.990332],[-72.084277,7.096875],[-72.207715,7.370264],[-72.442969,7.454883],[-72.446045,7.966113],[-72.357617,8.087305],[-72.416553,8.381982],[-72.66543,8.627588],[-72.796387,9.108984],[-73.058398,9.25957],[-73.356348,9.226855],[-73.006543,9.78916],[-72.869336,10.49126],[-72.690088,10.83584],[-72.446094,11.114258],[-72.248486,11.196436],[-71.958105,11.666406],[-71.319727,11.861914]]]},"properties":{"name":"Colombia","ISO3166-1-Alpha-3":"COL","ISO3166-1-Alpha-2":"CO"}},
{"type":"Feature","geometry":{"type":"MultiPolygon","coordinates":[[[[107.972656,21.507959],[108.324805,21.693506],[109.030566,21.626514],[109.148633,21.425537],[109.544043,21.537939],[109.930762,21.480566],[109.68125,21.131641],[109.662598,20.916895],[110.123145,20.263721],[110.449512,20.35542],[110.511523,20.518262],[110.180371,20.858594],[110.193555,21.037646],[110.771094,21.386523],[111.602734,21.559082],[111.943945,21.849658],[112.30498,21.741699],[112.586328,21.776855],[113.008203,22.119336],[113.266406,22.08877],[113.478906,22.195557],[113.494141,22.241553],[113.527051,22.245947],[113.619629,22.861426],[114.01543,22.511914],[114.266016,22.540967],[114.496191,22.527051],[114.65166,22.755273],[114.853809,22.616797],[115.195801,22.817285],[115.49834,22.718848],[116.470703,22.945898],[116.538281,23.179688],[116.860938,23.453076],[117.466406,23.840576],[117.628223,23.836719],[118.056055,24.246094],[118.087109,24.627002],[118.560352,24.580371],[118.909082,24.928906],[119.024609,25.223438],[119.235547,25.205957],[119.263086,25.468018],[119.539453,25.59126],[119.648242,25.918701],[119.463086,26.054688],[119.881055,26.33418],[119.784766,26.546631],[120.086719,26.671582],[120.278711,27.09707],[120.539844,27.318359],[120.5875,27.580762],[121.098437,28.290527],[121.35459,28.229883],[121.602051,28.366602],[121.475195,28.641406],[121.630078,28.76792],[121.71748,29.256348],[121.917773,29.13501],[121.944336,29.894092],[121.67793,29.979102],[121.432715,30.22666],[121.159375,30.301758],[120.633398,30.133154],[120.997656,30.558252],[121.527539,30.840967],[121.87793,30.916992],[121.660645,31.319727],[121.055371,31.719434],[121.351953,31.858789],[121.680859,31.712158],[121.832422,31.899756],[121.403906,32.20625],[121.400977,32.371924],[120.853223,32.661377],[120.871094,33.016504],[120.504785,33.638184],[120.322656,34.168994],[120.201465,34.325684],[119.58291,34.582227],[119.351367,34.749414],[119.21582,35.011768],[119.429688,35.301416],[120.054688,35.861133],[120.094141,36.118896],[120.393066,36.053857],[120.680957,36.168359],[120.682227,36.340723],[120.989941,36.597949],[121.932715,36.959473],[122.340918,36.832227],[122.519727,36.946826],[122.602344,37.426416],[121.640234,37.460352],[120.75,37.833936],[120.370117,37.701025],[119.88291,37.35083],[119.760547,37.155078],[119.449902,37.124756],[118.952637,37.331152],[119.08916,37.700732],[118.940039,38.042773],[118.014941,38.183398],[117.766699,38.31167],[117.557813,38.625146],[117.784668,39.134473],[118.040918,39.226758],[118.297852,39.06709],[118.912305,39.166406],[119.224609,39.408057],[119.391113,39.75249],[119.591113,39.902637],[120.479102,40.230957],[120.770703,40.589062],[121.174512,40.90127],[121.858789,40.84209],[122.275,40.541846],[121.800977,39.950537],[121.517383,39.844824],[121.517578,39.638965],[121.275488,39.384766],[121.785449,39.40083],[121.679883,39.108691],[121.106738,38.920801],[121.320117,38.808203],[121.649902,38.865088],[122.120898,39.151904],[122.334863,39.366113],[123.348145,39.762939],[124.105762,39.841016],[124.362109,40.004053],[124.386621,40.104248],[124.889355,40.459814],[125.416895,40.659912],[125.72832,40.866699],[125.989062,40.904639],[126.49043,41.358057],[126.60127,41.640967],[126.903516,41.781055],[127.179688,41.531348],[128.11123,41.389258],[128.290918,41.562793],[128.045215,41.9875],[128.923438,42.038232],[129.313672,42.413574],[129.719727,42.475],[129.898242,42.998145],[130.240332,42.891797],[130.526953,42.5354],[130.577246,42.811621],[131.068555,42.902246],[131.261816,43.433057],[131.174219,43.704736],[131.255273,44.071582],[131.060645,44.659668],[131.082324,44.91001],[131.446875,44.984033],[131.851855,45.326855],[131.977539,45.243994],[132.936035,45.029932],[133.113477,45.130713],[133.186035,45.494824],[133.436426,45.604687],[133.513086,45.878809],[133.861328,46.247754],[133.866602,46.499121],[134.202148,47.128076],[134.167676,47.302197],[134.483496,47.447363],[134.752344,47.71543],[134.566016,48.02251],[134.563574,48.321729],[134.293359,48.373437],[133.468359,48.097168],[133.144043,48.105664],[132.707227,47.947266],[132.561914,47.768506],[131.785254,47.680518],[131.002734,47.691455],[130.712109,48.127637],[130.804297,48.341504],[130.552148,48.60249],[130.553125,48.861182],[130.195996,48.89165],[129.498145,49.388818],[129.120117,49.362061],[128.704004,49.600146],[127.999609,49.568604],[127.502441,49.873437],[127.590234,50.208984],[127.306055,50.453516],[127.307031,50.707959],[126.924805,51.100146],[126.805469,51.505664],[126.510547,51.92583],[126.312891,52.399756],[126.048145,52.739453],[125.649023,53.042285],[124.970898,53.197314],[124.812305,53.133838],[123.607813,53.546533],[122.337793,53.48501],[120.704102,53.171826],[120.094531,52.787207],[120.067578,52.63291],[120.656152,52.56665],[120.749805,52.096533],[120.510547,51.848535],[120.066895,51.600684],[119.191895,50.379834],[119.259863,50.066406],[118.451563,49.844482],[117.873438,49.513477],[117.245605,49.624854],[116.683301,49.823779],[115.953809,48.689355],[115.785547,48.248242],[115.557617,47.94502],[115.898242,47.686914],[116.231152,47.858203],[116.760547,47.869775],[117.350781,47.652197],[117.768359,47.987891],[118.498438,47.983984],[118.759961,47.757617],[119.711133,47.15],[119.897852,46.857812],[119.706641,46.606006],[118.308691,46.717041],[117.333398,46.362012],[116.859082,46.387939],[116.562598,46.289795],[116.240625,45.795996],[115.681055,45.458252],[114.517188,45.3646],[114.030273,44.942578],[113.587012,44.745703],[112.596777,44.917676],[112.411328,45.058203],[111.898047,45.064062],[111.621289,44.827148],[111.402246,44.367285],[111.836914,43.934668],[111.933203,43.711426],[111.547363,43.496289],[111.007227,43.341406],[110.400391,42.773682],[109.443164,42.455957],[108.687305,42.416113],[108.171191,42.447314],[106.77002,42.288721],[105.19707,41.738037],[105.050586,41.615918],[104.498242,41.658691],[104.498242,41.877002],[103.711133,41.751318],[103.072852,42.005957],[101.972949,42.215869],[101.713867,42.46582],[99.983789,42.677344],[99.467871,42.568213],[97.205664,42.789795],[96.385449,42.720361],[96.299512,42.928711],[95.9125,43.206494],[95.350293,44.278076],[94.712012,44.35083],[94.199316,44.645166],[93.95791,44.674951],[93.656445,44.900977],[92.787891,45.035742],[92.423828,45.008936],[91.584375,45.076514],[90.877246,45.196094],[90.661816,45.525244],[90.709668,45.730811],[91.001758,46.035791],[90.911523,46.270654],[91.033887,46.529004],[90.869922,46.954492],[90.496191,47.285156],[90.313281,47.676172],[90.02793,47.877686],[89.560938,48.003955],[89.047656,48.002539],[88.575977,48.220166],[88.51709,48.384473],[87.979688,48.555127],[88.02793,48.735596],[87.743164,48.881641],[87.814258,49.162305],[87.322852,49.085791],[86.753125,49.008838],[86.717969,48.697168],[86.549414,48.528613],[85.749414,48.385059],[85.525977,47.915625],[85.656641,47.254639],[84.786133,46.830713],[84.666602,46.972363],[84.016016,46.970508],[83.193066,47.186572],[83.004102,47.033496],[82.555078,46.158691],[82.32666,45.519922],[82.58252,45.442578],[82.478711,45.123584],[81.989258,45.161865],[81.602051,45.31084],[80.85332,45.129297],[80.05918,45.006445],[79.997168,44.797217],[80.455469,44.746094],[80.336328,44.438379],[80.355273,44.097266],[80.495996,43.89209],[80.785742,43.161572],[80.165039,42.665527],[80.209375,42.190039],[80.216211,42.032422],[79.293555,41.782812],[78.362402,41.371631],[78.123438,41.075635],[77.581738,40.992773],[76.986621,41.03916],[76.824023,40.982324],[76.480176,40.449512],[75.871973,40.303223],[75.655957,40.329248],[75.583496,40.605322],[75.004492,40.449512],[74.411914,40.137207],[73.991602,40.043115],[73.835352,39.800146],[73.914648,39.606494],[73.631641,39.448877],[73.607324,39.229199],[73.795605,39.002148],[73.80166,38.606885],[74.025586,38.539844],[74.277441,38.659766],[74.74502,38.51001],[74.789648,38.103613],[74.938281,37.77251],[74.894238,37.601416],[75.11875,37.385693],[74.891309,37.231641],[74.541406,37.022168],[75.34668,36.913477],[75.424219,36.738232],[75.840234,36.649707],[75.974414,36.382422],[75.945117,36.017578],[76.25166,35.810937],[76.766895,35.661719],[77.446484,35.475586],[77.799414,35.495898],[78.012207,35.251025],[78.282031,34.653906],[78.936426,34.351953],[78.753027,34.087695],[78.801855,33.499707],[79.1125,33.22627],[79.202246,32.946045],[79.219336,32.501074],[78.918945,32.358203],[78.700879,32.597021],[78.389648,32.519873],[78.495898,32.215771],[78.735449,31.957959],[78.693457,31.740381],[78.791602,31.293652],[79.107129,31.402637],[79.56543,30.949072],[79.794629,30.968262],[80.194336,30.759229],[80.191211,30.568408],[80.682129,30.414844],[81.010254,30.164502],[81.255078,30.093311],[81.417188,30.337598],[82.043359,30.326758],[82.158984,30.115186],[82.854297,29.683398],[83.155469,29.612646],[83.583496,29.183594],[83.935938,29.279492],[84.101367,29.219971],[84.228711,28.911768],[84.714258,28.595557],[85.159082,28.592236],[85.122461,28.315967],[85.67832,28.277441],[85.954102,27.928223],[86.078711,28.083594],[86.408691,27.928662],[86.554492,28.085205],[87.141406,27.83833],[87.682715,27.821387],[88.109766,27.870605],[88.621094,28.091846],[88.848828,27.868652],[88.749023,27.521875],[88.891406,27.316064],[88.947559,27.464014],[89.536914,28.107422],[89.981055,28.311182],[90.348242,28.243945],[90.352734,28.080225],[91.077734,27.974463],[91.225879,28.07124],[91.605566,27.951709],[91.631934,27.759961],[91.977637,27.730371],[92.664355,27.948926],[92.701855,28.147119],[93.119238,28.402295],[93.206543,28.59082],[93.902246,28.803223],[94.293262,29.144629],[94.623047,29.312402],[94.769434,29.175879],[95.420215,29.054297],[95.51582,29.206348],[96.035352,29.447168],[96.435742,29.050684],[96.580859,28.763672],[96.602637,28.459912],[97.075391,28.368945],[97.322461,28.217969],[97.537891,28.510205],[97.864941,28.363574],[98.098926,28.142285],[98.298828,27.550098],[98.651172,27.572461],[98.731836,26.583398],[98.654688,25.917773],[98.333789,25.586768],[98.172559,25.594531],[98.010742,25.292529],[97.819531,25.251855],[97.723828,24.841992],[97.531445,24.491699],[97.666602,24.37998],[97.686035,23.898096],[98.2125,24.110645],[98.764355,24.116064],[98.680859,23.841797],[98.832227,23.624365],[98.86377,23.19126],[99.34082,23.095898],[99.337695,22.498047],[99.192969,22.125977],[99.917676,22.028027],[99.925586,21.820801],[100.214746,21.462988],[100.531348,21.458105],[100.835156,21.655176],[101.138867,21.56748],[101.224414,21.22373],[101.704785,21.150146],[101.736523,21.826514],[101.524512,22.253662],[101.671484,22.462305],[102.127441,22.379199],[102.517188,22.741016],[103.005371,22.452979],[103.356055,22.754688],[103.620215,22.782031],[103.915039,22.538232],[104.053906,22.752295],[104.371777,22.704053],[104.795703,22.911133],[104.864746,23.136377],[105.275391,23.345215],[105.548145,23.072656],[105.842969,22.922803],[106.148438,22.970068],[106.541797,22.90835],[106.780273,22.778906],[106.536328,22.39541],[106.729492,22.000342],[107.006445,21.893408],[107.351172,21.608887],[107.802051,21.645166],[107.972656,21.507959]]],[[[110.88877,19.991943],[110.171582,20.053711],[109.651367,19.984375],[109.218945,19.842822],[109.179102,19.674121],[108.693555,19.338281],[108.635645,18.907715],[108.701563,18.535254],[109.029883,18.367773],[109.519336,18.218262],[110.45127,18.747949],[110.572168,19.171875],[110.822266,19.55791],[111.013672,19.655469],[110.88877,19.991943]]]]},"properties":{"name":"China","ISO3166-1-Alpha-3":"CHN","ISO3166-1-Alpha-2":"CN"}},
{"type":"Feature","geometry":{"type":"Polygon","coordinates":[[[113.478906,22.195557],[113.527051,22.245947],[113.494141,22.241553],[113.478906,22.195557]]]},"properties":{"name":"Macao","ISO3166-1-Alpha-3":"MAC","ISO3166-1-Alpha-2":"MO"}},
{"type":"Feature","geometry":{"type":"Polygon","coordinates":[[[114.01543,22.511914],[114.267969,22.295557],[114.266016,22.540967],[114.01543,22.511914]]]},"properties":{"name":"Hong Kong","ISO3166-1-Alpha-3":"HKG","ISO3166-1-Alpha-2":"HK"}},
{"type":"Feature","geometry":{"type":"MultiPolygon","coordinates":[[[[-70.418262,-18.345605],[-70.361621,-18.398047],[-70.275781,-19.267578],[-70.148145,-19.805078],[-70.197021,-20.725391],[-70.087549,-21.493066],[-70.331689,-22.848633],[-70.563184,-23.057031],[-70.588135,-23.368359],[-70.392334,-23.565918],[-70.487793,-23.781738],[-70.574121,-24.644336],[-70.445361,-25.172656],[-70.713721,-25.78418],[-70.646582,-26.329395],[-70.8979,-27.1875],[-70.925781,-27.588672],[-71.052637,-27.727344],[-71.186426,-28.377832],[-71.519238,-28.926465],[-71.353271,-29.350391],[-71.315723,-29.649707],[-71.400391,-30.142969],[-71.669482,-30.330371],[-71.708936,-30.628027],[-71.661963,-31.169531],[-71.525879,-31.805859],[-71.452246,-32.65957],[-71.742969,-33.095117],[-71.664355,-33.652637],[-72.002832,-34.165332],[-72.055957,-34.61582],[-72.223779,-35.096191],[-72.623926,-35.585742],[-72.587354,-35.759668],[-72.778418,-35.978516],[-72.874561,-36.39043],[-73.118066,-36.688379],[-73.215967,-37.166895],[-73.60166,-37.188477],[-73.661816,-37.698535],[-73.464795,-38.040332],[-73.532568,-38.366797],[-73.226465,-39.224414],[-73.4104,-39.78916],[-73.669434,-40.082324],[-73.965869,-41.118262],[-73.810742,-41.51748],[-73.521289,-41.79707],[-73.241797,-41.780859],[-73.01499,-41.543848],[-72.669775,-41.659375],[-72.824072,-41.908789],[-72.499414,-41.980859],[-72.785156,-42.30127],[-72.878027,-43.048145],[-73.100977,-43.455176],[-72.996582,-43.631543],[-73.224463,-43.897949],[-73.265088,-44.168652],[-72.663867,-44.436426],[-72.738965,-44.73418],[-73.362451,-44.978223],[-73.549902,-45.483789],[-74.037549,-45.417676],[-74.157861,-45.767188],[-75.066699,-45.874902],[-74.924463,-46.159668],[-75.656787,-46.610352],[-75.145752,-46.600098],[-75.005957,-46.741113],[-74.151904,-46.974414],[-74.158398,-47.18252],[-74.482666,-47.430469],[-74.654932,-47.702246],[-74.577197,-48.274414],[-74.341016,-48.595703],[-74.33374,-49.974609],[-74.62959,-50.194043],[-74.775879,-50.469922],[-75.094678,-50.68125],[-74.814746,-51.062891],[-73.895898,-51.331445],[-73.973242,-51.784473],[-73.518164,-52.041016],[-73.834473,-52.233984],[-74.295654,-52.117871],[-74.014453,-52.639355],[-73.338184,-53.054688],[-73.020264,-52.891797],[-72.644824,-52.529102],[-71.811914,-52.537012],[-72.453467,-52.814453],[-72.88916,-52.871582],[-73.052734,-53.243457],[-72.548926,-53.460742],[-72.458301,-53.254492],[-71.387744,-52.764258],[-71.155078,-52.845605],[-71.400342,-53.107031],[-71.852734,-53.285742],[-72.306055,-53.253711],[-72.174414,-53.632324],[-71.297754,-53.883398],[-70.99585,-53.779297],[-70.952051,-53.226953],[-70.795117,-52.76875],[-69.560596,-52.421582],[-69.241016,-52.205469],[-68.443359,-52.356641],[-69.206201,-52.136133],[-69.960254,-52.008203],[-71.918652,-51.989551],[-72.407666,-51.54082],[-72.276318,-50.910254],[-72.509814,-50.60752],[-73.15293,-50.738281],[-73.50127,-50.125293],[-73.57627,-49.58291],[-73.461572,-49.313867],[-73.135254,-49.300684],[-72.981738,-48.976758],[-72.614404,-48.792871],[-72.608398,-48.519336],[-72.354736,-48.36582],[-72.32832,-48.110059],[-72.51792,-47.876367],[-72.345947,-47.492676],[-71.90498,-47.20166],[-71.940234,-46.83125],[-71.695215,-46.578418],[-71.875684,-46.160547],[-71.631543,-45.953711],[-71.772656,-45.724414],[-71.35376,-45.230469],[-71.596289,-44.979199],[-71.261133,-44.763086],[-71.212598,-44.441211],[-71.82002,-44.383105],[-71.680078,-43.92959],[-71.750635,-43.590137],[-71.90498,-43.440137],[-71.781494,-43.166797],[-72.146436,-42.990039],[-72.124609,-42.29834],[-71.760937,-42.101465],[-71.911279,-41.650391],[-71.873047,-40.892969],[-71.932129,-40.691699],[-71.695312,-40.335254],[-71.719922,-39.635254],[-71.539453,-39.602441],[-71.42002,-39.287207],[-71.425586,-38.985645],[-70.951611,-38.738477],[-71.028174,-38.041211],[-71.167578,-37.762305],[-71.118408,-37.114355],[-71.192187,-36.843652],[-71.055518,-36.52373],[-70.404785,-36.061719],[-70.380176,-35.771875],[-70.47041,-35.326172],[-70.289941,-34.732813],[-70.052051,-34.300781],[-69.852441,-34.224316],[-69.894336,-33.731348],[-69.797754,-33.398633],[-70.019824,-33.271484],[-70.169629,-32.47168],[-70.585205,-31.569434],[-70.51958,-31.148438],[-70.161426,-30.440234],[-69.956348,-30.358203],[-69.927637,-29.769141],[-70.026807,-29.324023],[-69.827881,-29.103223],[-69.656934,-28.413574],[-69.174414,-27.924707],[-68.846338,-27.153711],[-68.345996,-27.02793],[-68.318652,-26.877539],[-68.581152,-26.518359],[-68.414502,-26.153711],[-68.600293,-25.485645],[-68.384229,-25.091895],[-68.562012,-24.837695],[-68.507275,-24.629785],[-68.250293,-24.391992],[-67.356201,-24.033789],[-67.008789,-23.001367],[-67.194873,-22.82168],[-67.579932,-22.891699],[-67.879443,-22.822949],[-67.881738,-22.493359],[-67.988379,-22.057129],[-68.186426,-21.618555],[-68.197021,-21.300293],[-68.745166,-20.458594],[-68.72749,-20.069629],[-68.578271,-19.856543],[-68.698291,-19.721094],[-68.462891,-19.432813],[-68.968311,-18.967969],[-69.093945,-18.050488],[-69.313379,-17.943164],[-69.510937,-17.506055],[-69.8521,-17.703809],[-69.802441,-17.9],[-69.926367,-18.206055],[-70.418262,-18.345605]]],[[[-68.629932,-52.652637],[-69.167041,-52.667578],[-69.498389,-52.491406],[-69.763574,-52.731348],[-70.390674,-53.026465],[-70.460254,-53.20625],[-70.090381,-53.418164],[-69.637012,-53.334082],[-69.352441,-53.47998],[-70.148828,-53.761133],[-69.988135,-54.109082],[-70.168994,-54.379297],[-70.531299,-53.627344],[-70.867725,-53.88418],[-70.898242,-54.337891],[-71.440918,-54.619629],[-70.497168,-54.80957],[-69.723437,-54.712109],[-69.486279,-54.858887],[-68.653223,-54.853613],[-68.629932,-52.652637]]],[[[-67.079932,-55.153809],[-67.245264,-54.977637],[-68.106934,-54.929395],[-68.07002,-55.221094],[-67.767773,-55.25957],[-67.079932,-55.153809]]],[[[-73.773389,-43.345898],[-73.749658,-43.159082],[-73.436328,-42.936523],[-73.789258,-42.585742],[-73.470801,-42.466309],[-73.527832,-41.896289],[-74.03667,-41.795508],[-74.160205,-42.216406],[-74.209473,-42.878711],[-74.354932,-43.263574],[-73.773389,-43.345898]]],[[[-74.476172,-49.147852],[-74.566602,-48.754785],[-74.793457,-48.705078],[-75.184229,-49.083594],[-75.086035,-49.270215],[-75.305859,-49.494043],[-75.300098,-49.847461],[-74.594727,-50.006641],[-74.476172,-49.147852]]],[[[-75.510254,-48.763477],[-75.158496,-48.622656],[-75.155518,-48.425195],[-75.391406,-48.019727],[-75.650928,-48.586328],[-75.510254,-48.763477]]],[[[-74.567285,-48.591992],[-74.729297,-48.125879],[-74.975098,-47.922852],[-75.212891,-48.141699],[-74.923047,-48.626465],[-74.567285,-48.591992]]],[[[-72.923242,-53.481641],[-73.686523,-53.426855],[-73.304736,-53.943945],[-72.76377,-53.864844],[-72.369141,-53.980762],[-72.20542,-53.807422],[-72.482275,-53.588086],[-72.923242,-53.481641]]],[[[-74.822949,-51.630176],[-75.105371,-51.788867],[-74.851807,-52.270703],[-74.531836,-51.991992],[-74.822949,-51.630176]]],[[[-69.702979,-54.919043],[-69.979785,-55.147461],[-69.411816,-55.444238],[-69.29707,-55.16582],[-68.888965,-55.263281],[-68.867041,-55.450195],[-68.293359,-55.521387],[-68.282666,-55.255176],[-68.900781,-55.017773],[-69.702979,-54.919043]]],[[[-71.390479,-54.032813],[-71.996484,-53.884863],[-72.210449,-54.047754],[-71.972363,-54.207227],[-71.473291,-54.231152],[-71.390479,-54.032813]]],[[[-73.735352,-44.394531],[-74.501807,-44.473535],[-74.617773,-44.647949],[-74.349902,-44.91084],[-74.099072,-45.325391],[-73.727148,-45.119043],[-73.983301,-44.494824],[-73.735352,-44.394531]]],[[[-72.986133,-44.780078],[-72.764062,-44.549023],[-73.207715,-44.334961],[-73.445068,-44.641016],[-73.35,-44.833203],[-72.986133,-44.780078]]],[[[-75.054785,-50.296094],[-74.875977,-50.109961],[-75.32666,-50.011816],[-75.449121,-50.343359],[-75.054785,-50.296094]]],[[[-74.312891,-45.691504],[-74.310547,-45.172656],[-74.689844,-45.662598],[-74.312891,-45.691504]]]]},"properties":{"name":"Chile","ISO3166-1-Alpha-3":"CHL","ISO3166-1-Alpha-2":"CL"}},
{"type":"Feature","geometry":{"type":"Polygon","coordinates":[[[23.980273,19.496631],[23.022168,19.969775],[21.584961,20.679492],[19.668555,21.62583],[18.231348,22.335547],[16.794141,23.045264],[15.984082,23.445215],[14.979004,22.996191],[15.172266,21.92207],[15.181836,21.523389],[15.607324,20.954395],[15.587109,20.733301],[15.948828,20.303174],[15.735059,19.904053],[15.637598,18.81084],[15.474316,16.908398],[14.367969,15.750146],[13.807129,14.966113],[13.448242,14.380664],[13.606348,13.70459],[14.063965,13.078516],[14.516211,12.979736],[14.76123,12.655615],[15.08125,11.845508],[15.121973,11.54126],[15.029883,11.113672],[15.068652,10.851074],[15.276074,10.357373],[15.540918,9.960303],[14.83584,9.941699],[14.243262,9.979736],[13.977246,9.691553],[14.332324,9.203516],[15.116211,8.557324],[15.442969,7.851855],[15.480078,7.523779],[15.84502,7.475293],[16.378906,7.683545],[16.523242,7.859961],[16.784766,7.550977],[17.649414,7.983594],[18.455078,8.032031],[18.906445,8.405078],[19.108691,8.656152],[18.888281,8.889746],[19.145508,9.015967],[19.668359,9.020898],[20.072656,9.133203],[20.34209,9.1271],[20.773242,9.405664],[21.263867,9.974609],[21.395996,10.001367],[21.725781,10.366553],[21.706543,10.574805],[22.043164,10.822705],[22.493848,10.99624],[22.860059,10.919678],[22.922656,11.344873],[22.556348,11.669531],[22.352344,12.660449],[22.000684,12.671875],[21.825293,12.790527],[21.990234,13.113086],[22.228125,13.32959],[22.107617,13.730322],[22.173145,13.910596],[22.509961,14.127441],[22.381543,14.550488],[22.670898,14.722461],[22.763281,14.998682],[22.932324,15.162109],[22.933887,15.533105],[23.105176,15.702539],[23.983398,15.780176],[23.982227,17.266357],[23.980273,19.496631]]]},"properties":{"name":"Chad","ISO3166-1-Alpha-3":"TCD","ISO3166-1-Alpha-2":"TD"}},
{"type":"Feature","geometry":{"type":"Polygon","coordinates":[[[24.147363,8.665625],[23.537305,8.81582],[23.468262,9.114746],[23.622656,9.340625],[23.646289,9.8229],[23.312305,10.387939],[22.860059,10.919678],[22.493848,10.99624],[22.043164,10.822705],[21.706543,10.574805],[21.725781,10.366553],[21.395996,10.001367],[21.263867,9.974609],[20.773242,9.405664],[20.34209,9.1271],[20.072656,9.133203],[19.668359,9.020898],[19.145508,9.015967],[18.888281,8.889746],[19.108691,8.656152],[18.906445,8.405078],[18.455078,8.032031],[17.649414,7.983594],[16.784766,7.550977],[16.523242,7.859961],[16.378906,7.683545],[15.84502,7.475293],[15.480078,7.523779],[15.245898,7.263574],[15.03457,6.784424],[14.739258,6.279785],[14.431152,6.038721],[14.616895,5.865137],[14.640625,5.179053],[14.708984,4.665576],[15.022754,4.358545],[15.136914,4.069141],[15.128711,3.826904],[15.775,3.127197],[16.063477,2.908594],[16.183398,2.270068],[16.468555,2.831738],[16.496289,3.208838],[16.67334,3.535205],[17.002539,3.556689],[17.437988,3.684619],[18.160938,3.499805],[18.474414,3.622998],[18.610352,3.478418],[18.633691,3.954297],[18.56748,4.257568],[18.831738,4.523438],[19.068555,4.891406],[19.500977,5.12749],[19.806543,5.089307],[20.226367,4.829639],[20.558105,4.462695],[20.955762,4.413135],[21.537598,4.244824],[21.908203,4.253906],[22.422168,4.134961],[22.755762,4.64668],[23.115918,4.736914],[23.417188,4.663135],[24.319824,4.994141],[24.765527,4.930078],[25.249316,5.024561],[25.525098,5.312109],[26.82207,5.062402],[27.114941,5.197852],[27.40332,5.10918],[27.256738,5.289648],[27.213379,5.618799],[27.083398,5.776855],[26.514258,6.069238],[26.308594,6.455322],[26.361816,6.635303],[25.888965,7.064941],[25.380664,7.333398],[25.190137,7.519336],[25.247363,7.724561],[24.85332,8.137549],[24.291406,8.291406],[24.147363,8.665625]]]},"properties":{"name":"Central African Rep.","ISO3166-1-Alpha-3":"CAF","ISO3166-1-Alpha-2":"CF"}},
{"type":"Feature","geometry":{"type":"Polygon","coordinates":[[[-23.444238,15.007959],[-23.700635,15.271631],[-23.705371,14.961328],[-23.444238,15.007959]]]},"properties":{"name":"Cabo Verde","ISO3166-1-Alpha-3":"CPV","ISO3166-1-Alpha-2":"CV"}},
{"type":"Feature","geometry":{"type":"MultiPolygon","coordinates":[[[[-132.655518,54.12749],[-133.063867,54.144043],[-133.052246,53.778125],[-132.74751,53.310498],[-132.520459,53.194043],[-132.011328,53.265186],[-131.702539,53.986377],[-132.655518,54.12749]]],[[[-131.753711,53.195557],[-132.34541,53.136084],[-132.165088,52.783301],[-131.727295,52.756396],[-131.753711,53.195557]]],[[[-127.197314,50.640381],[-127.918066,50.860547],[-128.241553,50.828174],[-128.267432,50.609277],[-127.905859,50.445215],[-127.863916,50.127734],[-127.467139,50.163428],[-127.114307,49.879736],[-126.683105,49.876465],[-126.548535,49.418945],[-126.243604,49.442676],[-125.835449,49.27666],[-125.828516,49.091846],[-124.689404,48.597314],[-123.594629,48.333545],[-123.497021,48.58208],[-123.995801,49.224023],[-124.642871,49.428662],[-125.48208,50.316797],[-126.700928,50.515527],[-127.197314,50.640381]]],[[[-130.025098,55.888232],[-130.092969,55.631836],[-129.890137,55.164648],[-130.430273,54.420996],[-130.043311,54.133545],[-130.335254,53.723926],[-129.563721,53.251465],[-129.284277,53.393164],[-128.652344,53.243848],[-128.451953,52.876611],[-128.108789,52.858057],[-128.357617,52.158887],[-128.102246,51.788428],[-127.644873,51.478467],[-127.708105,51.151172],[-127.057568,50.867529],[-126.631787,50.915137],[-126.397119,50.80708],[-126.404492,50.529883],[-125.056689,50.418652],[-124.782373,50.020117],[-124.483252,49.808203],[-124.141602,49.792676],[-123.858936,49.482861],[-123.335645,49.45918],[-123.049219,48.993018],[-122.78877,48.993018],[-120.980859,48.993018],[-117.996191,48.993066],[-115.437891,48.993066],[-113.732373,48.993066],[-112.026807,48.993066],[-109.468555,48.993066],[-107.762988,48.993115],[-105.631104,48.993115],[-103.49917,48.993115],[-101.367285,48.993115],[-99.235352,48.993115],[-96.677051,48.993164],[-95.162061,48.991748],[-95.155273,49.369678],[-94.854346,49.30459],[-94.620898,48.742627],[-94.055176,48.659033],[-93.707715,48.525439],[-92.99624,48.611816],[-92.171777,48.338379],[-91.518311,48.058301],[-90.840332,48.200537],[-90.744385,48.10459],[-90.091797,48.118115],[-89.993652,48.015332],[-89.455664,47.99624],[-88.378174,48.303076],[-86.428564,47.540088],[-84.875977,46.899902],[-84.561768,46.457373],[-84.192187,46.549561],[-83.977783,46.084912],[-83.615967,46.116846],[-83.592676,45.817139],[-82.551074,45.347363],[-82.137842,43.570898],[-82.408203,43.072656],[-82.545312,42.624707],[-83.073145,42.300293],[-83.141943,41.975879],[-82.690039,41.675195],[-82.439062,41.674854],[-81.277637,42.20918],[-80.247559,42.366016],[-79.036719,42.802344],[-79.171875,43.466553],[-78.72041,43.624951],[-76.819971,43.628809],[-76.4646,44.057617],[-75.875928,44.416992],[-75.179395,44.899365],[-74.708887,45.003857],[-73.973828,45.345117],[-74.037842,45.501855],[-73.476611,45.738232],[-72.981006,46.209717],[-72.680127,46.287305],[-71.87959,46.686816],[-71.267773,46.795947],[-70.705859,47.139795],[-70.448047,47.423438],[-69.905566,47.832227],[-69.775,48.098096],[-69.374951,48.386426],[-68.929053,48.828955],[-68.281934,49.197168],[-67.372021,49.348438],[-66.941162,49.993701],[-66.495508,50.211865],[-66.125537,50.201025],[-65.268604,50.32002],[-64.867871,50.275488],[-63.733594,50.304639],[-63.238623,50.242578],[-62.71543,50.30166],[-61.919531,50.232861],[-61.724854,50.104053],[-61.289746,50.201953],[-60.080176,50.25459],[-59.165381,50.779883],[-58.510352,51.295068],[-57.76958,51.425928],[-56.975977,51.457666],[-56.01748,51.929297],[-55.695215,52.137793],[-55.833643,52.3104],[-55.797949,53.211963],[-56.110156,53.587598],[-56.46499,53.765039],[-56.840869,53.739453],[-57.331738,53.469092],[-57.489453,53.633105],[-57.148975,53.847705],[-57.416064,54.162744],[-58.19209,54.228174],[-58.326709,54.051807],[-58.91958,53.875293],[-59.322266,53.64375],[-59.829053,53.504541],[-60.144922,53.596143],[-59.823047,53.834424],[-59.496533,53.83418],[-58.633203,54.049561],[-58.151367,54.350439],[-57.699268,54.386572],[-57.404443,54.57041],[-58.195264,54.865918],[-58.780176,54.838379],[-58.997119,55.149463],[-59.930322,55.259424],[-60.831836,55.957861],[-61.089355,55.866357],[-61.5146,56.390332],[-61.854932,56.584277],[-61.371631,56.680811],[-61.33374,57.010596],[-61.851074,57.381299],[-61.899072,57.861328],[-62.305664,57.972266],[-62.674316,58.319189],[-62.593848,58.474023],[-63.185352,58.857764],[-63.539893,59.332861],[-63.928809,59.644922],[-64.499414,60.268262],[-64.93125,60.252002],[-65.433398,59.776514],[-65.60625,59.110742],[-66.043066,58.820654],[-66.362402,58.791162],[-66.60791,58.548926],[-67.569629,58.213477],[-68.326465,58.59541],[-68.698193,58.904541],[-69.173486,58.896631],[-69.681885,59.341748],[-69.630225,59.821826],[-69.755908,60.388525],[-69.640479,60.689795],[-70.279297,61.068652],[-71.422705,61.158936],[-72.081445,61.728271],[-73.62998,62.454199],[-74.689893,62.183447],[-75.816895,62.315869],[-77.372412,62.57251],[-78.068115,62.35542],[-78.137158,62.107373],[-77.736182,61.437354],[-77.871533,60.78584],[-77.681445,60.4271],[-77.311816,60.042383],[-77.331641,59.796631],[-77.726172,59.675879],[-77.760693,59.380029],[-78.430518,58.901758],[-78.515088,58.682373],[-78.013574,58.39917],[-77.156787,58.018896],[-76.890918,57.758105],[-76.572852,57.181201],[-76.519629,56.706982],[-76.650488,56.107227],[-77.324951,55.555518],[-77.891113,55.236426],[-78.909229,54.881494],[-79.665527,54.697461],[-79.241797,54.098877],[-78.996045,54.00249],[-79.113135,53.717188],[-78.723779,52.627734],[-78.49165,52.2521],[-78.977734,51.733789],[-78.731348,51.497461],[-79.497559,51.569922],[-79.83623,51.17334],[-80.367969,51.329883],[-80.657959,51.75835],[-81.66123,52.293896],[-81.599414,52.432617],[-82.260449,52.961133],[-82.15918,53.26416],[-82.141455,53.817627],[-82.418066,54.355811],[-82.219385,54.813477],[-82.577441,55.14873],[-83.910596,55.314648],[-85.060938,55.285645],[-85.67666,55.601074],[-87.560889,56.056348],[-88.075098,56.467285],[-88.948486,56.851318],[-89.79082,56.981348],[-90.592187,57.224463],[-91.111279,57.241211],[-92.249023,57.008984],[-92.439795,57.275049],[-93.278125,58.756396],[-94.287061,58.716016],[-94.713379,58.90332],[-94.785791,59.95332],[-94.646777,60.416406],[-94.067773,61.138867],[-94.060742,61.317822],[-93.420605,61.705811],[-93.372021,61.928955],[-93.01626,62.092676],[-92.361279,62.819385],[-91.448975,62.804053],[-90.871191,62.945947],[-90.746582,63.351563],[-91.330078,63.506836],[-90.013428,63.804297],[-90.141895,63.981982],[-88.653027,64.009375],[-88.105615,64.183301],[-87.280518,64.826172],[-87.027539,65.198096],[-88.974023,65.348291],[-90.116602,65.882422],[-89.749414,65.936035],[-87.969971,65.348926],[-87.291455,65.354834],[-86.042871,66.022559],[-86.00083,66.186816],[-86.584766,66.321924],[-86.633203,66.531348],[-85.442236,66.537354],[-85.096191,66.325342],[-84.478418,66.179297],[-82.641504,66.5875],[-81.874463,66.987939],[-81.467578,67.069873],[-81.270117,67.459912],[-81.976465,67.862012],[-82.552686,68.446484],[-82.006494,68.462646],[-81.281543,68.657227],[-81.328662,69.119922],[-82.642041,69.458398],[-82.618359,69.691064],[-83.665332,69.699707],[-84.24165,69.83501],[-85.507373,69.845264],[-85.386768,69.231885],[-84.862207,69.073975],[-85.275098,68.741357],[-85.733838,68.630127],[-85.952588,68.072461],[-86.369678,67.824805],[-86.536426,67.516162],[-87.26626,67.183838],[-88.195898,67.76582],[-88.346973,68.288281],[-87.810303,68.40415],[-88.041357,68.811719],[-89.056738,69.266113],[-89.666602,69.0146],[-89.879492,68.521533],[-90.573633,68.474707],[-90.468359,68.86377],[-90.822119,69.290479],[-90.554932,69.504492],[-91.911963,69.53125],[-92.750928,69.713916],[-91.564062,70.178271],[-92.388477,70.650439],[-92.981445,70.852246],[-92.948682,71.262109],[-93.256348,71.46084],[-94.30835,71.764893],[-95.201221,71.903711],[-96.405664,71.273633],[-96.548926,70.80874],[-96.226416,70.541699],[-96.545605,70.327246],[-96.119092,69.871875],[-94.270801,69.455127],[-94.083643,69.123096],[-93.681445,68.887256],[-93.651709,68.543115],[-94.744434,68.070898],[-95.460693,68.021387],[-95.650488,67.737451],[-95.25874,67.262549],[-95.78252,67.193799],[-96.371387,67.553857],[-96.036035,68.157764],[-96.976709,68.25542],[-97.265918,68.45293],[-98.218555,68.317432],[-98.438379,68.064697],[-97.206543,67.855078],[-97.454932,67.616992],[-98.417139,67.826465],[-99.146875,67.723633],[-100.456104,67.839453],[-101.55498,67.693164],[-102.691992,67.811572],[-103.474121,68.115039],[-104.193555,68.031201],[-105.428613,68.458252],[-105.539844,68.718652],[-106.164453,68.919873],[-107.435938,68.688867],[-108.313477,68.610791],[-108.686572,68.277344],[-108.261035,68.149902],[-107.619336,68.331055],[-106.608496,68.357373],[-106.835645,68.128613],[-107.761035,68.032178],[-107.972119,67.732031],[-107.156494,66.881738],[-108.455273,67.062988],[-107.988721,67.256396],[-108.59292,67.590869],[-109.630371,67.732715],[-110.04248,67.977197],[-110.990039,67.79082],[-112.435156,67.684766],[-113.893213,67.706885],[-115.133203,67.819189],[-115.426855,67.923535],[-114.765283,68.270215],[-113.964404,68.399072],[-114.413867,68.65957],[-115.631152,68.972559],[-116.065234,68.85542],[-117.131738,68.907129],[-118.095215,69.04292],[-118.868701,69.257178],[-120.292529,69.420557],[-120.962451,69.6604],[-122.070068,69.816162],[-123.025781,69.81001],[-123.609131,69.377441],[-124.426172,69.379443],[-124.138477,69.653174],[-124.76792,69.990039],[-125.356934,69.625977],[-126.063818,69.46709],[-126.612158,69.730322],[-127.138477,70.239355],[-127.764941,70.221875],[-128.971436,69.712402],[-129.264844,69.85542],[-130.353613,69.655811],[-131.013428,69.428711],[-132.718945,69.079199],[-132.706006,68.814893],[-133.378955,68.88667],[-132.686719,69.259863],[-131.862793,69.549365],[-130.960107,69.632031],[-129.648291,69.997754],[-130.498437,70.143164],[-131.934131,69.753467],[-132.840332,69.650684],[-133.163135,69.433887],[-133.879785,69.507715],[-135.14082,69.467822],[-135.691455,69.311182],[-135.876318,68.916992],[-136.717334,68.88916],[-138.128369,69.151953],[-139.181543,69.515527],[-141.002148,69.650781],[-141.002148,68.189746],[-141.002148,66.72876],[-141.002148,64.975537],[-141.002148,63.514453],[-141.002148,62.345703],[-141.002148,60.300244],[-139.973291,60.183154],[-139.676318,60.32832],[-139.079248,60.343701],[-139.185156,60.083594],[-137.593311,59.22627],[-137.438574,58.903125],[-136.57876,59.152246],[-136.321826,59.604834],[-135.475928,59.793262],[-135.051025,59.578662],[-134.94375,59.288281],[-134.440771,59.085352],[-134.218506,58.849902],[-133.820752,58.705029],[-133.275293,58.222852],[-131.866162,56.792822],[-131.575098,56.598828],[-130.741699,56.34082],[-130.025098,55.888232]]],[[[-109.815967,78.650391],[-110.407812,78.756641],[-113.149951,78.408398],[-109.390527,78.33667],[-109.815967,78.650391]]],[[[-110.458057,78.103223],[-113.215186,77.903516],[-113.164355,77.530273],[-111.951953,77.344189],[-110.198486,77.524512],[-109.771777,77.957422],[-110.458057,78.103223]]],[[[-115.55127,77.363281],[-116.362598,77.542822],[-117.418604,77.317383],[-119.090186,77.305078],[-121.61377,76.441455],[-122.774023,76.227686],[-121.908203,76.034766],[-119.912891,75.858838],[-119.36792,76.221777],[-118.020215,76.446533],[-116.220459,76.611084],[-115.856836,76.969238],[-116.285742,77.10166],[-115.55127,77.363281]]],[[[-108.292383,76.057129],[-108.123193,76.233447],[-108.627637,76.586719],[-109.338525,76.759961],[-110.27002,76.416992],[-109.486816,76.144678],[-109.796045,75.863037],[-108.944775,75.698975],[-109.086377,75.506494],[-111.052686,75.548535],[-112.697607,76.201709],[-113.823486,76.206836],[-114.193945,76.451465],[-115.580664,76.4375],[-116.609766,76.07373],[-117.600098,75.27168],[-116.476074,75.171777],[-115.728857,74.968115],[-114.451758,75.087891],[-112.835986,74.975586],[-114.132471,74.766113],[-114.268262,74.604346],[-113.514062,74.430078],[-112.519336,74.416846],[-110.940869,74.638721],[-108.831299,75.064893],[-108.354443,74.942627],[-107.153418,74.927148],[-105.862598,75.191553],[-105.480908,75.745654],[-106.396582,76.060107],[-107.135693,75.878564],[-108.292383,76.057129]]],[[[-114.521533,72.59292],[-114.051709,73.070996],[-114.638232,73.372656],[-116.573242,73.054932],[-118.374512,72.533887],[-118.213477,72.262891],[-118.944629,71.985547],[-118.868408,71.686768],[-117.742334,71.659326],[-118.188184,71.435937],[-116.228223,71.35918],[-117.814063,71.158447],[-118.264062,70.88833],[-117.587061,70.629541],[-115.990918,70.586279],[-113.757275,70.690723],[-112.11416,70.446875],[-112.637891,70.225244],[-114.592334,70.312451],[-117.135449,70.100146],[-117.104004,69.804248],[-116.513477,69.424609],[-115.159033,69.264746],[-113.694141,69.19502],[-113.616846,68.838477],[-113.127734,68.494141],[-111.310937,68.542041],[-109.958545,68.630273],[-108.945898,68.759814],[-108.36499,68.934766],[-107.439893,69.002148],[-106.659082,69.4396],[-106.140869,69.162012],[-105.01958,69.08125],[-103.468213,68.808545],[-102.895068,68.823633],[-101.857129,69.023975],[-101.975537,69.407031],[-102.621094,69.551514],[-102.182129,69.845947],[-101.647656,69.698535],[-100.935107,69.715332],[-101.148535,70.147607],[-103.10498,70.510254],[-103.953467,70.762646],[-104.56958,71.104053],[-104.349561,71.433984],[-105.234082,72.415088],[-105.415137,72.78833],[-106.482129,73.196191],[-107.72002,73.329053],[-108.238232,73.105811],[-107.69585,72.149316],[-107.306006,71.894678],[-108.2104,71.751172],[-108.698291,72.499268],[-110.008447,72.983643],[-110.205127,72.661279],[-110.781543,72.533887],[-111.269727,72.713721],[-112.753613,72.986035],[-113.500049,72.694434],[-114.521533,72.59292]]],[[[-119.736328,74.112646],[-121.315234,74.52998],[-124.69624,74.348193],[-124.260742,73.953271],[-123.797266,73.768164],[-124.836426,73.07627],[-124.987109,72.587988],[-125.762598,72.1375],[-124.007764,71.677441],[-123.210596,71.123437],[-120.619336,71.505762],[-120.179883,72.212646],[-119.407764,72.3604],[-118.961572,72.684131],[-115.446875,73.438867],[-115.510693,73.61875],[-117.198828,74.171143],[-117.965869,74.266064],[-119.736328,74.112646]]],[[[-69.488867,83.016797],[-69.969922,83.116113],[-75.744922,83.047168],[-77.47959,82.883154],[-79.886328,82.938525],[-82.12251,82.601758],[-82.536914,82.247266],[-84.896826,82.449414],[-86.580615,82.187207],[-90.490186,81.877246],[-91.647559,81.683838],[-88.978369,81.541504],[-89.947314,81.172656],[-88.921436,80.805615],[-85.307422,80.525977],[-83.401416,80.713965],[-81.007031,80.654883],[-78.629297,81.043457],[-78.386182,80.784375],[-80.051074,80.528564],[-83.723633,80.228955],[-86.307178,80.319336],[-86.420752,79.845215],[-85.089795,79.612158],[-84.197363,79.225098],[-84.316113,78.975293],[-86.80791,78.774365],[-87.551758,78.176611],[-85.547559,77.927686],[-85.289355,77.559033],[-87.017969,77.892236],[-88.094678,77.719189],[-86.873779,77.200293],[-88.398145,77.103955],[-89.499756,76.826807],[-89.570068,76.491943],[-88.395996,76.405273],[-86.680225,76.376611],[-86.296191,76.491846],[-85.14126,76.30459],[-83.885693,76.453125],[-81.170703,76.512744],[-80.690283,76.176465],[-79.511035,76.310498],[-78.284326,76.57124],[-78.288867,76.977979],[-79.340869,77.158398],[-78.076172,77.519043],[-78.012598,77.946045],[-75.865967,78.009814],[-74.433105,78.724121],[-76.255859,79.006836],[-75.093604,79.203906],[-75.259473,79.421045],[-73.466064,79.495166],[-73.229395,79.643994],[-71.387842,79.761768],[-70.143506,80.397656],[-65.483984,81.284766],[-64.574023,81.73374],[-62.176709,82.043408],[-61.39248,82.441895],[-63.085352,82.565234],[-64.776758,82.876465],[-69.488867,83.016797]]],[[[-95.484375,77.791992],[-95.987061,77.484131],[-93.51958,77.474414],[-93.300977,77.739795],[-95.484375,77.791992]]],[[[-93.542578,75.02793],[-93.75083,75.349023],[-94.427246,75.593359],[-95.670801,75.528662],[-96.565771,75.09873],[-96.270117,74.920312],[-94.697266,74.642188],[-93.547168,74.691064],[-93.542578,75.02793]]],[[[-100.001904,73.945898],[-100.915137,73.805371],[-101.450879,73.430957],[-100.282666,73.120312],[-100.484766,72.772949],[-101.350586,72.746289],[-101.922461,73.056982],[-102.713672,72.78291],[-101.723926,72.314893],[-100.594482,72.152344],[-99.734717,71.757227],[-99.167139,71.367188],[-98.662891,71.3021],[-96.613428,71.833838],[-96.795898,72.31377],[-96.440137,72.487305],[-97.051807,72.636816],[-97.795898,73.285303],[-97.27251,73.386816],[-97.001709,73.666504],[-97.581836,73.887549],[-99.157959,73.731592],[-100.001904,73.945898]]],[[[-84.919629,65.261084],[-85.239941,65.510303],[-85.241113,65.795508],[-85.96167,65.704248],[-86.374268,64.56582],[-86.2521,64.136865],[-86.886035,63.92373],[-87.188916,63.672266],[-85.71416,63.657959],[-85.495508,63.139111],[-84.63291,63.309229],[-84.307617,63.585791],[-83.728271,63.813379],[-83.494336,64.099219],[-82.46709,63.926953],[-82.378125,63.706787],[-81.046387,63.461572],[-80.302051,63.762207],[-80.828955,64.089941],[-81.716113,64.021875],[-81.787207,64.425977],[-82.05,64.644287],[-82.667627,64.780322],[-83.407129,65.103906],[-84.084863,65.217822],[-84.6125,65.447314],[-84.919629,65.261084]]],[[[-97.700928,76.466504],[-99.023633,76.614551],[-100.387939,76.613574],[-102.137744,76.284863],[-101.431348,75.991992],[-102.252051,75.777734],[-102.541406,75.513623],[-99.915137,75.68125],[-100.711914,75.406348],[-100.234375,75.007715],[-98.568652,75.009326],[-97.799365,75.11665],[-97.878223,75.416113],[-97.409619,75.5521],[-97.700928,76.466504]]],[[[-103.426025,79.315625],[-105.387695,79.323584],[-105.535645,79.03252],[-103.875635,78.902686],[-103.518359,78.769141],[-104.324219,78.269482],[-102.731348,78.371045],[-101.074121,78.193848],[-100.586035,77.891797],[-99.166406,77.856934],[-99.131543,78.117529],[-99.751367,78.302979],[-99.609424,78.583057],[-101.872607,79.088379],[-103.426025,79.315625]]],[[[-91.885547,81.132861],[-95.269775,81.000781],[-96.132812,80.691406],[-95.614453,80.39624],[-96.773242,80.135791],[-96.462744,79.84751],[-95.296973,79.653076],[-95.733008,79.418213],[-95.103174,79.289893],[-92.547217,79.282617],[-94.162793,78.994189],[-92.678271,78.389111],[-90.614404,78.149854],[-88.791016,78.192432],[-87.016455,78.898682],[-85.289844,79.20835],[-85.501367,79.530322],[-87.144238,79.662646],[-86.977197,79.894238],[-87.675,80.372119],[-88.643652,80.386865],[-90.643018,80.593701],[-91.885547,81.132861]]],[[[-94.294971,76.912451],[-95.638232,77.06377],[-96.758301,76.971777],[-96.639697,76.70293],[-95.788867,76.537207],[-95.273877,76.264404],[-93.665186,76.273145],[-93.091748,76.354004],[-92.185107,75.846533],[-92.4271,75.346387],[-91.961572,74.793213],[-89.844385,74.548584],[-88.777832,74.715186],[-88.423047,74.494141],[-86.109863,74.539746],[-84.425537,74.508105],[-83.531885,74.585693],[-81.808838,74.476611],[-80.277734,74.581592],[-79.507959,74.880127],[-79.660205,75.449512],[-80.321973,75.629102],[-82.153662,75.831055],[-83.237109,75.75083],[-83.931982,75.818945],[-84.604883,75.653467],[-86.06875,75.502246],[-87.256934,75.617725],[-88.201318,75.512012],[-90.251367,76.053467],[-89.284521,76.301611],[-90.854785,76.437305],[-91.305029,76.680762],[-92.71626,76.602979],[-93.810937,76.91416],[-94.294971,76.912451]]],[[[-96.204492,78.531299],[-96.587061,78.687109],[-98.212109,78.804541],[-98.254932,78.429248],[-96.989648,77.806006],[-95.087012,77.992627],[-94.887158,78.345215],[-96.204492,78.531299]]],[[[-93.17085,74.160986],[-95.039844,74.023877],[-95.63291,73.695459],[-95.547607,72.781543],[-95.251025,72.501953],[-95.192969,72.027441],[-94.037549,72.02876],[-93.555176,72.421143],[-93.770557,72.668213],[-93.340625,72.801855],[-92.11792,72.753809],[-91.620996,73.025879],[-90.35459,73.868652],[-91.087988,74.009277],[-92.222705,73.972363],[-93.17085,74.160986]]],[[[-97.439453,69.642676],[-97.790723,69.861621],[-98.548242,69.544971],[-98.455957,69.334668],[-99.564062,69.034131],[-99.254004,68.863184],[-97.885352,68.672461],[-97.472021,68.543701],[-96.401562,68.470703],[-95.685645,68.73584],[-96.299951,69.344385],[-97.439453,69.642676]]],[[[-61.105176,45.944727],[-60.576855,46.172168],[-60.331738,46.767822],[-60.61665,46.975781],[-60.870166,46.796777],[-61.495312,45.941455],[-61.283691,45.573877],[-60.386084,45.654639],[-60.01582,45.880469],[-59.865039,46.159521],[-60.504932,46.203857],[-60.472363,45.946533],[-60.806104,45.738086],[-61.105176,45.944727]]],[[[-67.124854,45.169434],[-66.872461,45.067285],[-66.439844,45.095898],[-66.107324,45.256934],[-65.884473,45.2229],[-64.8979,45.625977],[-64.448828,45.256055],[-64.90293,45.120801],[-65.656738,44.760303],[-66.099561,44.36748],[-66.193066,44.143848],[-66.125732,43.813818],[-65.886914,43.795215],[-65.738135,43.560742],[-64.862354,43.867871],[-64.378223,44.303564],[-64.286084,44.550342],[-63.999707,44.644922],[-63.761133,44.486426],[-62.514014,44.843652],[-61.283789,45.235498],[-61.281982,45.441064],[-61.492285,45.687012],[-61.877246,45.714209],[-61.955518,45.868164],[-62.483057,45.621826],[-62.700684,45.740576],[-63.292773,45.751953],[-64.056396,46.021338],[-63.915918,46.16582],[-64.541504,46.240332],[-64.905762,46.887939],[-64.831396,47.060791],[-65.318896,47.101221],[-64.912207,47.368652],[-64.703223,47.724854],[-65.228174,47.811279],[-65.666455,47.696143],[-65.926709,48.188867],[-65.259424,48.02124],[-64.764502,48.228076],[-64.25376,48.550391],[-64.261816,48.921875],[-64.836328,49.191748],[-65.523389,49.266162],[-66.178174,49.213135],[-67.560889,48.855957],[-68.238184,48.626416],[-68.987061,48.275],[-70.519482,47.03252],[-71.261182,46.75625],[-71.900928,46.631934],[-73.15957,46.010059],[-73.558105,45.425098],[-74.708887,45.003857],[-73.182031,45.005615],[-71.517529,45.007568],[-71.327295,45.290088],[-70.897998,45.262451],[-70.702246,45.551367],[-70.29624,45.906104],[-70.248291,46.250879],[-70.007715,46.708936],[-69.242871,47.462988],[-68.828711,47.20332],[-68.310889,47.354492],[-67.806787,47.082812],[-67.784668,45.701709],[-67.432666,45.603125],[-67.472559,45.275879],[-67.124854,45.169434]]],[[[-55.45874,51.536523],[-56.025586,51.568359],[-56.750195,51.274902],[-57.131641,50.787402],[-57.297998,50.69873],[-58.01582,49.54248],[-58.213379,49.38667],[-58.098926,49.077441],[-58.403662,49.084326],[-58.716455,48.598047],[-58.710596,48.325049],[-59.362402,47.865674],[-59.116943,47.570703],[-58.333203,47.676855],[-56.95249,47.574463],[-56.221289,47.671387],[-55.862061,47.530078],[-55.19082,47.448975],[-55.491504,47.160645],[-55.838379,47.071631],[-55.788525,46.867236],[-55.315723,46.905713],[-54.856641,47.38501],[-54.434473,47.462305],[-54.191846,47.859814],[-53.989014,47.756201],[-53.869092,47.387012],[-54.17373,46.880371],[-53.581348,46.957275],[-53.616357,46.680273],[-53.069775,46.68125],[-52.653662,47.549414],[-53.175537,47.652979],[-52.95498,48.029297],[-53.69502,47.921191],[-53.531201,48.231885],[-53.135742,48.401855],[-53.020752,48.571631],[-53.794629,48.526367],[-53.852881,48.811328],[-53.573437,49.141211],[-53.619434,49.321631],[-53.957715,49.441846],[-54.579053,49.49082],[-55.026172,49.305371],[-55.375928,49.489746],[-55.892041,49.580273],[-55.764746,49.960449],[-56.24707,50.090088],[-56.693994,50.059668],[-55.871387,50.907373],[-55.815088,51.191162],[-55.45874,51.536523]]],[[[-86.589355,71.010791],[-85.023389,71.353223],[-86.036133,71.770947],[-86.341357,72.123193],[-86.322559,72.46084],[-86.629346,72.870801],[-86.086475,73.260254],[-84.974512,73.694775],[-85.110498,73.808154],[-86.76875,73.833984],[-87.719775,73.7229],[-88.705176,73.403271],[-89.263232,73.068994],[-89.357715,72.80415],[-89.861523,72.411914],[-89.663818,72.157959],[-90.025195,71.948779],[-89.845752,71.492285],[-89.079346,71.287939],[-87.872461,71.208545],[-87.844922,70.944385],[-89.365527,71.067188],[-88.848437,70.5229],[-87.900684,70.251904],[-86.624316,70.40127],[-86.322021,70.14541],[-83.859082,69.962744],[-83.091162,70.003906],[-82.138721,69.841211],[-81.098291,70.091162],[-79.615918,69.894727],[-78.889648,69.97749],[-78.809814,70.178564],[-79.397314,70.437256],[-79.066406,70.603564],[-78.282812,70.22915],[-77.842529,70.24707],[-77.635303,69.900439],[-77.128809,69.652734],[-75.787158,69.318652],[-75.953711,69.030811],[-76.557227,69.009473],[-76.403418,68.692334],[-74.917285,68.982861],[-74.647949,68.70752],[-73.328223,68.266748],[-73.063428,68.106982],[-72.22002,67.254297],[-72.788818,67.030615],[-73.280811,66.674951],[-74.433936,66.139014],[-73.746094,65.766699],[-73.560742,65.54292],[-74.981738,65.381445],[-75.82832,65.227051],[-77.326709,65.453125],[-77.447461,65.161572],[-78.095605,64.939258],[-78.174561,64.617725],[-77.791162,64.36709],[-76.723828,64.242041],[-75.067383,64.456689],[-74.512451,64.670166],[-73.443652,64.423486],[-72.222949,63.708887],[-71.973047,63.429883],[-71.253711,63.042529],[-70.236133,62.763379],[-69.545166,62.74458],[-69.082324,62.405176],[-68.378613,62.235156],[-67.440137,62.15127],[-66.256689,61.868262],[-66.28125,62.302686],[-67.675977,63.093555],[-68.14126,63.172314],[-68.911084,63.703223],[-68.49375,63.725488],[-67.837891,63.449219],[-67.179785,63.305029],[-66.636426,63.080127],[-65.978857,63.000684],[-65.26582,62.715088],[-65.068945,63.263477],[-64.514355,63.263965],[-64.678467,64.027979],[-65.010596,64.008838],[-65.274805,64.631543],[-65.768066,64.853564],[-66.22373,64.854102],[-66.860645,65.091602],[-67.303418,65.48291],[-68.256836,65.938623],[-67.550781,65.921631],[-67.183203,66.034424],[-67.31123,66.30376],[-66.787402,66.555664],[-66.476953,66.279736],[-65.305371,66.008447],[-65.401611,65.764014],[-64.665332,65.168945],[-64.151855,65.066162],[-63.401807,65.118457],[-63.364258,65.543213],[-62.658887,65.639941],[-61.991602,66.035303],[-61.862695,66.312842],[-61.299707,66.64873],[-61.968555,67.019043],[-62.379736,66.905371],[-63.258398,67.024658],[-63.040137,67.23501],[-64.007959,67.347314],[-64.527539,67.812695],[-65.300342,67.939502],[-66.225195,67.95874],[-67.032959,68.326074],[-68.037939,68.550732],[-67.751709,69.038672],[-66.77085,69.33667],[-67.360937,69.47251],[-68.513037,69.577295],[-68.113965,69.754297],[-67.259277,69.721289],[-67.363672,70.034424],[-69.168701,70.76416],[-69.949805,70.84502],[-70.560937,70.738281],[-70.79248,71.10332],[-71.459912,71.463721],[-74.315723,71.842676],[-74.903174,72.100488],[-75.185791,72.434229],[-76.893506,72.720654],[-78.001025,72.687598],[-79.000244,72.272021],[-80.941211,72.210156],[-80.274707,72.745557],[-80.603467,73.121191],[-81.151758,73.314014],[-81.406152,73.634521],[-82.659619,73.72959],[-85.018408,73.335498],[-85.644531,72.774463],[-85.341113,72.421533],[-85.911621,71.986523],[-85.250488,71.675293],[-84.659961,71.586133],[-84.7896,71.093262],[-85.643848,71.152441],[-86.589355,71.010791]]],[[[-61.801123,49.093896],[-61.817139,49.283545],[-62.858545,49.705469],[-64.131445,49.94165],[-63.565869,49.399316],[-63.041504,49.224951],[-62.219531,49.079102],[-61.801123,49.093896]]],[[[-63.811279,46.468701],[-63.641016,46.230469],[-62.878369,46.001367],[-62.552002,46.165918],[-62.163574,46.487207],[-63.129395,46.422217],[-63.681445,46.561914],[-63.811279,46.468701]]],[[[-82.000488,62.954199],[-83.376416,62.904932],[-83.899268,62.476465],[-83.698877,62.160254],[-83.01582,62.209912],[-82.113721,62.652246],[-82.000488,62.954199]]],[[[-79.545312,62.411719],[-79.868066,62.404346],[-80.234668,62.152686],[-80.276172,61.858594],[-79.714258,61.612549],[-79.323926,62.026074],[-79.545312,62.411719]]],[[[-75.675879,68.32251],[-76.740234,68.23125],[-77.305908,67.706104],[-77.004883,67.266943],[-75.780078,67.283545],[-75.127295,67.537305],[-75.153809,68.234033],[-75.675879,68.32251]]],[[[-79.537305,73.654492],[-80.848877,73.72124],[-80.82417,73.380664],[-80.183301,73.224658],[-79.936865,72.863623],[-79.500537,72.755957],[-77.835938,72.896826],[-76.400537,72.820654],[-76.289551,73.081006],[-77.206543,73.499561],[-78.286523,73.66582],[-79.537305,73.654492]]],[[[-80.731689,52.747266],[-80.765332,52.923242],[-81.135596,53.205811],[-81.847314,53.186279],[-81.839062,52.95791],[-80.731689,52.747266]]],[[[-78.935596,56.266064],[-79.596338,56.244482],[-80.000781,55.93208],[-79.764746,55.806787],[-79.175488,55.885059],[-78.935596,56.266064]]],[[[-89.833252,77.267627],[-90.171924,77.594678],[-91.147266,77.387305],[-89.833252,77.267627]]],[[[-105.288916,72.919922],[-104.582861,73.353906],[-104.648779,73.614404],[-105.512305,73.765771],[-106.613965,73.695605],[-106.921533,73.479834],[-106.180029,73.304102],[-105.288916,72.919922]]],[[[-102.227344,76.014893],[-102.584082,76.281641],[-104.350635,76.182324],[-103.314746,75.764209],[-102.57959,75.780225],[-102.227344,76.014893]]],[[[-128.552441,52.939746],[-128.632666,53.1125],[-129.033252,53.279932],[-129.177686,53.01792],[-129.084717,52.822461],[-128.509912,52.518604],[-128.552441,52.939746]]],[[[-64.832617,61.366064],[-64.66958,61.593018],[-65.129785,61.685693],[-65.393896,61.562842],[-64.832617,61.366064]]],[[[-73.621729,67.783838],[-73.435254,67.97002],[-74.379395,68.093457],[-74.573389,67.828662],[-73.621729,67.783838]]],[[[-77.876709,63.470557],[-78.46875,63.35791],[-77.942432,63.114404],[-77.538477,63.287061],[-77.876709,63.470557]]],[[[-79.430664,69.787793],[-80.652539,69.750586],[-80.161475,69.535938],[-79.430664,69.787793]]],[[[-79.210645,68.845459],[-78.852686,68.915674],[-78.228955,69.304004],[-78.59668,69.370605],[-79.210645,68.845459]]],[[[-86.595557,67.735938],[-86.421143,68.183447],[-86.959814,68.100244],[-86.595557,67.735938]]],[[[-104.119922,75.036328],[-103.642139,75.162939],[-104.346191,75.429932],[-104.887402,75.147754],[-104.119922,75.036328]]]]},"properties":{"name":"Canada","ISO3166-1-Alpha-3":"CAN","ISO3166-1-Alpha-2":"CA"}},
{"type":"Feature","geometry":{"type":"Polygon","coordinates":[[[8.555859,4.755225],[8.902832,4.435156],[9.000098,4.091602],[9.425293,3.922314],[9.876172,3.309766],[9.885449,2.916553],[9.800781,2.304443],[9.979883,2.167773],[11.328711,2.167432],[11.348438,2.299707],[12.361328,2.295996],[13.220313,2.256445],[13.293555,2.161572],[14.484082,2.154736],[14.902441,2.012305],[15.741602,1.91499],[16.059375,1.676221],[16.080078,2.106787],[16.183398,2.270068],[16.063477,2.908594],[15.775,3.127197],[15.128711,3.826904],[15.136914,4.069141],[15.022754,4.358545],[14.708984,4.665576],[14.640625,5.179053],[14.616895,5.865137],[14.431152,6.038721],[14.739258,6.279785],[15.03457,6.784424],[15.245898,7.263574],[15.480078,7.523779],[15.442969,7.851855],[15.116211,8.557324],[14.332324,9.203516],[13.977246,9.691553],[14.243262,9.979736],[14.83584,9.941699],[15.540918,9.960303],[15.276074,10.357373],[15.068652,10.851074],[15.029883,11.113672],[15.121973,11.54126],[15.08125,11.845508],[14.76123,12.655615],[14.516211,12.979736],[14.063965,13.078516],[14.197461,12.383789],[14.518945,12.298242],[14.627148,12.108691],[14.559766,11.492285],[13.89209,11.140088],[13.535352,10.605078],[13.414551,10.171436],[13.269922,10.036182],[13.175488,9.539648],[12.929492,9.42627],[12.806543,8.886621],[12.582715,8.624121],[12.403516,8.595557],[12.233398,8.282324],[12.016016,7.589746],[11.767383,7.272266],[11.861426,7.116406],[11.580078,6.888867],[11.55166,6.697266],[11.15332,6.437939],[11.03252,6.6979],[10.60625,7.063086],[10.482324,6.89126],[10.143555,6.996436],[9.779883,6.760156],[9.659961,6.531982],[9.060156,6.009082],[8.935059,5.781006],[8.800977,5.197461],[8.555859,4.755225]]]},"properties":{"name":"Cameroon","ISO3166-1-Alpha-3":"CMR","ISO3166-1-Alpha-2":"CM"}},
{"type":"Feature","geometry":{"type":"Polygon","coordinates":[[[107.519434,14.705078],[107.109375,14.416699],[106.819922,14.314697],[106.501465,14.578223],[105.978906,14.343018],[106.124707,14.049121],[105.904492,13.924512],[105.531543,14.156152],[105.350195,14.10957],[105.183301,14.34624],[104.779004,14.427832],[104.411621,14.36958],[103.818359,14.362158],[103.600391,14.421094],[103.199414,14.332617],[102.909277,14.136719],[102.728906,13.841895],[102.319727,13.53999],[102.499609,12.669971],[102.755664,12.42627],[102.736621,12.089795],[102.933887,11.706689],[103.125488,11.460645],[103.152832,10.913721],[103.353613,10.921582],[103.532422,11.14668],[103.721875,10.890137],[103.532227,10.604639],[103.661914,10.508936],[103.937109,10.586621],[104.262402,10.54126],[104.426367,10.41123],[104.850586,10.534473],[105.386523,10.940088],[105.755078,10.98999],[106.098828,10.797266],[106.167969,11.012305],[105.856055,11.294287],[105.851465,11.63501],[106.006055,11.758008],[106.339844,11.681836],[106.413867,11.948437],[106.930664,12.07749],[107.158984,12.277051],[107.506445,12.364551],[107.555469,12.53999],[107.475391,13.030371],[107.605469,13.437793],[107.331445,14.126611],[107.519434,14.705078]]]},"properties":{"name":"Cambodia","ISO3166-1-Alpha-3":"KHM","ISO3166-1-Alpha-2":"KH"}},
{"type":"Feature","geometry":{"type":"Polygon","coordinates":[[[100.122461,20.31665],[100.249316,20.730273],[100.565137,20.825098],[100.536133,20.992383],[100.756641,21.312646],[101.138867,21.56748],[100.835156,21.655176],[100.531348,21.458105],[100.214746,21.462988],[99.925586,21.820801],[99.917676,22.028027],[99.192969,22.125977],[99.337695,22.498047],[99.34082,23.095898],[98.86377,23.19126],[98.832227,23.624365],[98.680859,23.841797],[98.764355,24.116064],[98.2125,24.110645],[97.686035,23.898096],[97.666602,24.37998],[97.531445,24.491699],[97.723828,24.841992],[97.819531,25.251855],[98.010742,25.292529],[98.172559,25.594531],[98.333789,25.586768],[98.654688,25.917773],[98.731836,26.583398],[98.651172,27.572461],[98.298828,27.550098],[98.098926,28.142285],[97.864941,28.363574],[97.537891,28.510205],[97.322461,28.217969],[97.335156,27.937744],[96.899707,27.643848],[96.880273,27.177832],[96.665723,27.339258],[96.061426,27.21709],[95.905273,27.046631],[95.128711,26.597266],[95.059766,26.473975],[95.132422,26.04126],[94.991992,25.770459],[94.622852,25.41001],[94.554395,25.243457],[94.707617,25.04873],[94.293066,24.321875],[94.127637,23.876465],[93.683398,24.006543],[93.307324,24.021875],[93.414941,23.68208],[93.366016,23.13252],[93.078711,22.718213],[93.162012,22.360205],[92.964551,22.00376],[92.688965,22.130957],[92.574902,21.978076],[92.593457,21.467334],[92.330566,21.439795],[92.17959,21.293115],[92.324121,20.791846],[92.608008,20.469873],[92.735645,20.562695],[93.001953,20.074854],[93.362305,20.058301],[93.998145,19.440869],[93.705469,19.026904],[94.07002,18.893408],[94.430762,18.20166],[94.588965,17.569336],[94.214258,16.126611],[94.5875,16.288818],[94.891211,15.979102],[94.942578,15.818262],[95.389551,15.722754],[95.679492,15.976758],[95.763281,16.169043],[96.622461,16.563916],[96.810645,16.778369],[96.970117,17.317334],[97.17832,17.062012],[97.375879,16.522949],[97.619629,16.537207],[97.584277,16.01958],[97.710352,15.875537],[97.812305,14.858936],[98.100195,14.161523],[98.110645,13.712891],[98.24541,13.733496],[98.575977,13.161914],[98.696289,12.225244],[98.636328,11.738379],[98.741406,11.591699],[98.675586,10.986914],[98.464941,10.67583],[98.523047,10.353125],[98.702539,10.190381],[98.757227,10.660937],[99.190137,11.105273],[99.614746,11.781201],[99.462891,12.190234],[99.405078,12.5479],[99.219824,12.739746],[99.107422,13.103516],[99.176172,13.233057],[99.136816,13.716699],[98.933594,14.049854],[98.57002,14.359912],[98.245996,14.814746],[98.191016,15.204102],[98.565234,15.403564],[98.592383,16.050684],[98.689258,16.30542],[98.478125,16.732227],[98.438867,16.975684],[97.792969,17.68125],[97.719727,18.037402],[97.484961,18.494238],[97.754004,18.620801],[97.706055,18.931787],[97.816797,19.459961],[98.111035,19.762158],[98.239062,19.690674],[98.916699,19.7729],[99.020703,20.041797],[99.337891,20.078906],[99.890332,20.424414],[100.122461,20.31665]]]},"properties":{"name":"Myanmar","ISO3166-1-Alpha-3":"MMR","ISO3166-1-Alpha-2":"MM"}},
{"type":"Feature","geometry":{"type":"Polygon","coordinates":[[[30.553613,-2.400098],[30.408496,-2.312988],[30.142285,-2.413965],[29.930176,-2.339551],[29.868164,-2.716406],[29.390234,-2.808594],[29.29707,-2.673047],[29.014355,-2.720215],[29.224414,-3.053516],[29.223242,-3.91084],[29.403223,-4.449316],[29.717773,-4.455859],[30.147168,-4.085352],[30.425,-3.588867],[30.790234,-3.274609],[30.780273,-2.984863],[30.515039,-2.917578],[30.424219,-2.641602],[30.553613,-2.400098]]]},"properties":{"name":"Burundi","ISO3166-1-Alpha-3":"BDI","ISO3166-1-Alpha-2":"BI"}},
{"type":"Feature","geometry":{"type":"Polygon","coordinates":[[[0.900488,10.993262],[1.426758,11.447119],[1.980371,11.418408],[2.287207,11.69126],[2.38916,11.89707],[2.091406,12.277979],[2.211523,12.538428],[2.073828,12.713965],[1.564941,12.6354],[0.987305,13.041895],[0.977734,13.551953],[0.618164,13.703418],[0.429199,13.972119],[0.38252,14.245801],[0.163867,14.497217],[0.21748,14.911475],[-0.235889,15.059424],[-0.760449,15.047754],[-1.049561,14.819531],[-1.767773,14.486035],[-1.973047,14.456543],[-2.113232,14.168457],[-2.457227,14.274121],[-2.873926,13.950732],[-2.91709,13.679492],[-3.198437,13.672852],[-3.301758,13.280762],[-3.575781,13.194189],[-3.853467,13.373535],[-4.051172,13.382422],[-4.328711,13.119043],[-4.2271,12.793701],[-4.480615,12.672217],[-4.428711,12.337598],[-4.797949,12.032129],[-5.105908,11.967529],[-5.288135,11.82793],[-5.229395,11.522461],[-5.299854,11.205957],[-5.490479,11.042383],[-5.523535,10.426025],[-5.099854,10.241602],[-4.969922,9.930078],[-4.62583,9.713574],[-4.267187,9.743262],[-3.877637,9.894922],[-3.223535,9.895459],[-2.816748,9.42583],[-2.69585,9.481348],[-2.765967,9.658057],[-2.786621,10.401904],[-2.914893,10.592334],[-2.829932,10.998389],[-0.701416,10.988965],[-0.299463,11.166895],[-0.068604,11.115625],[0.48418,10.991992],[0.900488,10.993262]]]},"properties":{"name":"Burkina Faso","ISO3166-1-Alpha-3":"BFA","ISO3166-1-Alpha-2":"BF"}},
{"type":"Feature","geometry":{"type":"Polygon","coordinates":[[[28.014453,41.969043],[27.708203,42.349951],[27.484766,42.468066],[27.888867,42.749707],[27.928906,43.186133],[28.133691,43.395605],[28.46543,43.389307],[28.585352,43.742236],[28.05,43.822412],[27.884277,43.987354],[27.425391,44.020508],[27.086914,44.167383],[26.21582,44.007275],[25.49707,43.670801],[24.430566,43.794385],[24.226758,43.763477],[23.224609,43.873877],[22.705078,44.237793],[22.420801,44.007422],[22.394824,43.706641],[22.55459,43.454492],[22.976855,43.187988],[22.706152,42.883936],[22.466797,42.84248],[22.523535,42.440967],[22.344043,42.313965],[22.836816,41.993604],[23.005664,41.716943],[22.916016,41.336279],[23.635156,41.386768],[24.056055,41.527246],[24.518262,41.552539],[24.595996,41.442725],[25.251172,41.243555],[26.155176,41.434863],[26.320898,41.716553],[26.615332,41.964893],[27.294922,42.079541],[27.534863,41.920801],[28.014453,41.969043]]]},"properties":{"name":"Bulgaria","ISO3166-1-Alpha-3":"BGR","ISO3166-1-Alpha-2":"BG"}},
{"type":"Feature","geometry":{"type":"Polygon","coordinates":[[[115.026758,4.899707],[114.99541,5.022363],[114.299414,4.607178],[114.063867,4.592676],[114.608301,4.023975],[114.840234,4.393213],[114.74668,4.718066],[115.026758,4.899707]]]},"properties":{"name":"Brunei","ISO3166-1-Alpha-3":"BRN","ISO3166-1-Alpha-2":"BN"}},
{"type":"Feature","geometry":{"type":"MultiPolygon","coordinates":[[[[-66.876025,1.223047],[-67.093652,1.21001],[-67.090137,1.615576],[-67.351953,2.08584],[-67.499658,2.10791],[-67.815088,1.790088],[-68.176562,1.719824],[-69.848584,1.70874],[-69.852148,1.059521],[-69.361377,1.064014],[-69.163232,0.864062],[-69.174072,0.635352],[-69.472119,0.729932],[-70.053906,0.578613],[-70.070508,-0.138867],[-69.66748,-0.482422],[-69.400244,-1.194922],[-69.669043,-2.667676],[-69.965918,-4.235938],[-70.23916,-4.301172],[-70.404639,-4.150098],[-70.799512,-4.17334],[-70.973682,-4.350488],[-71.844727,-4.504395],[-72.69873,-5.067188],[-72.887061,-5.122754],[-72.979883,-5.634863],[-73.235547,-6.098438],[-73.137354,-6.46582],[-73.758105,-6.905762],[-73.749463,-7.335352],[-74.002051,-7.556055],[-73.72041,-7.78252],[-73.775586,-7.936426],[-73.549121,-8.345801],[-72.974023,-8.993164],[-73.209424,-9.411426],[-72.814258,-9.410352],[-72.379053,-9.510156],[-72.181592,-10.003711],[-71.237939,-9.966016],[-70.636914,-9.478223],[-70.642334,-11.010254],[-70.220068,-11.047656],[-69.960352,-10.929883],[-69.578613,-10.951758],[-68.84834,-11.011133],[-68.72749,-11.122461],[-68.397998,-11.01875],[-68.07168,-10.703125],[-67.721777,-10.683105],[-67.582422,-10.505957],[-67.111523,-10.268945],[-66.72998,-9.975488],[-66.263574,-9.826074],[-65.396143,-9.712402],[-65.309326,-9.872656],[-65.313086,-10.253027],[-65.436914,-10.449023],[-65.334033,-10.892773],[-65.389893,-11.246289],[-64.992529,-11.975195],[-64.513428,-12.250977],[-64.420508,-12.439746],[-63.938574,-12.529688],[-63.585645,-12.518945],[-63.34668,-12.680078],[-63.06748,-12.669141],[-62.765479,-12.997266],[-62.176074,-13.133691],[-61.789941,-13.525586],[-61.077002,-13.489746],[-60.506592,-13.789844],[-60.474658,-14.184766],[-60.298877,-14.618555],[-60.27334,-15.08877],[-60.530469,-15.143164],[-60.242334,-15.47959],[-60.175586,-16.269336],[-58.537939,-16.328223],[-58.350391,-16.49082],[-58.470605,-16.650195],[-58.395996,-17.234277],[-57.990918,-17.512891],[-57.832471,-17.512109],[-57.586475,-18.122266],[-57.574023,-18.279297],[-57.800391,-19.080957],[-58.131494,-19.744531],[-57.860742,-19.97959],[-58.159766,-20.164648],[-58.002246,-20.46543],[-57.830225,-20.997949],[-57.985693,-22.046387],[-57.820312,-22.142285],[-56.937256,-22.271289],[-56.633008,-22.234863],[-56.523828,-22.102539],[-56.189844,-22.281152],[-55.84917,-22.307617],[-55.617676,-22.671484],[-55.654053,-22.810352],[-55.366309,-23.991016],[-54.982666,-23.974512],[-54.625488,-23.8125],[-54.241797,-24.047266],[-54.473145,-25.220215],[-54.615869,-25.576074],[-54.15459,-25.523047],[-53.891162,-25.668848],[-53.671289,-26.225098],[-53.838184,-27.121094],[-54.327002,-27.423535],[-54.829102,-27.550586],[-55.101514,-27.866797],[-55.725488,-28.204102],[-56.322363,-28.852441],[-56.938623,-29.594824],[-57.224658,-29.782129],[-57.608887,-30.187793],[-57.214453,-30.283398],[-56.832715,-30.107227],[-56.176172,-30.628418],[-55.873682,-31.069629],[-55.557324,-30.875977],[-55.254639,-31.225586],[-54.587646,-31.485156],[-54.220557,-31.855176],[-53.761719,-32.056836],[-53.601709,-32.403027],[-53.125586,-32.736719],[-53.531348,-33.170898],[-53.537646,-33.622852],[-53.370605,-33.742188],[-52.652246,-33.137793],[-52.34165,-32.439746],[-52.127393,-32.167773],[-52.193555,-31.885547],[-51.972461,-31.383789],[-51.463672,-31.052637],[-51.359082,-30.674512],[-51.157275,-30.364258],[-50.716309,-30.425977],[-50.689307,-30.704199],[-51.161426,-31.118848],[-51.151758,-31.480371],[-50.619971,-30.897656],[-50.299512,-30.425781],[-50.03335,-29.800977],[-49.745996,-29.363184],[-49.271289,-28.871191],[-48.799658,-28.575293],[-48.620801,-28.075586],[-48.642578,-27.55791],[-48.55415,-27.195996],[-48.677734,-26.70293],[-48.545166,-25.815918],[-48.401172,-25.597363],[-48.40249,-25.27207],[-48.185937,-25.309863],[-47.929395,-25.168262],[-47.876563,-24.997461],[-47.137207,-24.493164],[-46.867285,-24.236328],[-45.97207,-23.795508],[-45.423291,-23.685352],[-44.95166,-23.381445],[-44.667187,-23.335156],[-44.637256,-23.055469],[-44.147998,-23.011035],[-43.866162,-22.910547],[-43.532813,-23.046387],[-42.958301,-22.96709],[-42.042383,-22.94707],[-41.98042,-22.580664],[-41.705518,-22.309668],[-41.12251,-22.084375],[-40.987842,-21.920313],[-41.047266,-21.505664],[-40.789258,-20.906055],[-40.395947,-20.569434],[-40.001367,-19.741992],[-39.844727,-19.649121],[-39.699854,-19.277832],[-39.739795,-18.639844],[-39.650781,-18.252344],[-39.486768,-17.990137],[-39.154004,-17.703906],[-39.215234,-17.31582],[-39.125049,-16.763574],[-38.880615,-15.864258],[-38.996191,-15.253809],[-39.05957,-14.654785],[-38.942334,-14.030664],[-39.089355,-13.588184],[-39.030908,-13.365137],[-38.835303,-13.147168],[-38.787988,-12.782715],[-38.239746,-12.844238],[-37.688721,-12.1],[-37.411816,-11.497266],[-36.937793,-10.82041],[-36.39834,-10.484082],[-35.763965,-9.702539],[-35.340869,-9.230664],[-35.157764,-8.930566],[-34.834668,-7.971484],[-34.878613,-7.747461],[-34.805469,-7.288379],[-34.988184,-6.39375],[-35.095459,-6.185352],[-35.235449,-5.566699],[-35.392578,-5.250879],[-35.549414,-5.129395],[-35.979883,-5.054395],[-36.590723,-5.097559],[-37.174658,-4.912402],[-37.301465,-4.713086],[-37.626318,-4.59209],[-38.048828,-4.216406],[-38.475781,-3.71748],[-38.68623,-3.653711],[-39.014355,-3.390234],[-39.964697,-2.861523],[-40.474561,-2.795605],[-41.318213,-2.93623],[-41.876172,-2.746582],[-42.249609,-2.791992],[-42.936719,-2.465039],[-43.380078,-2.376074],[-43.455127,-2.502051],[-43.93291,-2.583496],[-44.308154,-2.535156],[-44.437549,-2.944434],[-44.721387,-3.142285],[-44.520117,-2.405469],[-44.381836,-2.365527],[-44.65127,-1.745801],[-45.076367,-1.466406],[-45.282129,-1.696582],[-45.458594,-1.35625],[-45.644775,-1.347852],[-46.219141,-1.03125],[-46.617236,-0.970605],[-46.81123,-0.779688],[-47.398096,-0.62666],[-48.115088,-0.7375],[-48.449805,-1.145508],[-48.44585,-1.52041],[-48.71001,-1.487695],[-48.991309,-1.829785],[-49.211035,-1.916504],[-49.45752,-2.50459],[-49.553369,-2.519922],[-49.313672,-1.731738],[-49.719531,-1.926367],[-49.999219,-1.831836],[-50.403223,-2.015527],[-50.690039,-1.761719],[-50.917871,-1.115234],[-51.297363,-1.223535],[-51.947559,-1.586719],[-52.19668,-1.640137],[-51.720605,-1.018457],[-51.702637,-0.762305],[-51.40415,-0.392676],[-51.28291,-0.085205],[-50.816357,0.172559],[-50.294434,0.835742],[-49.898877,1.162988],[-49.957129,1.659863],[-50.458887,1.82959],[-50.658936,2.130957],[-51.052393,3.281836],[-51.07627,3.67168],[-51.219922,4.093604],[-51.461523,4.31377],[-51.652539,4.061279],[-51.990625,3.702002],[-52.356641,3.051562],[-52.700635,2.363672],[-52.964844,2.183545],[-53.508984,2.253125],[-53.767773,2.354834],[-54.130078,2.121045],[-54.61626,2.326758],[-55.005811,2.592969],[-55.385352,2.440625],[-55.730566,2.406152],[-55.935937,2.516602],[-56.129395,2.299512],[-55.915332,2.039551],[-56.019922,1.842236],[-56.482812,1.942139],[-56.836719,1.88125],[-57.118896,2.013965],[-57.412695,1.908936],[-57.594434,1.704102],[-58.340674,1.587549],[-58.511865,1.284668],[-58.8625,1.203613],[-59.231201,1.376025],[-59.756201,1.900635],[-59.755225,2.274121],[-59.889648,2.362939],[-59.994336,2.68999],[-59.972314,2.990479],[-59.831152,3.349219],[-59.854395,3.5875],[-59.551123,3.933545],[-59.83335,4.475928],[-60.111133,4.511182],[-59.990674,5.082861],[-60.142041,5.238818],[-60.742139,5.202051],[-60.604492,4.99458],[-61.002832,4.535254],[-61.280078,4.516895],[-61.554248,4.287793],[-62.153125,4.098389],[-62.410645,4.156738],[-62.712109,4.01792],[-62.7646,3.672949],[-62.968652,3.593945],[-63.294727,3.922266],[-64.021484,3.929102],[-64.255664,4.140332],[-64.576367,4.139893],[-64.56792,3.899805],[-64.221094,3.587402],[-64.218848,3.204687],[-63.92417,2.452441],[-63.389258,2.411914],[-63.393945,2.22251],[-64.035449,1.904443],[-64.114844,1.619287],[-64.486035,1.452783],[-64.731543,1.25332],[-65.10376,1.108105],[-65.36084,0.868652],[-65.681445,0.983447],[-66.060059,0.785352],[-66.429248,0.82168],[-66.876025,1.223047]]],[[[-49.628662,-0.229199],[-50.248242,-0.116406],[-50.645508,-0.272852],[-50.771387,-0.64541],[-50.759766,-1.240234],[-50.507617,-1.787988],[-50.009961,-1.708496],[-49.805127,-1.790234],[-49.587891,-1.712402],[-49.506641,-1.511621],[-49.233984,-1.599512],[-48.928906,-1.482324],[-48.539697,-0.800977],[-48.379687,-0.352832],[-48.588037,-0.231641],[-49.116992,-0.163574],[-49.628662,-0.229199]]],[[[-49.738232,0.268164],[-50.272656,0.231738],[-50.339453,0.043359],[-49.838965,0.006885],[-49.738232,0.268164]]],[[[-50.652881,-0.131641],[-50.995068,-0.105273],[-50.926367,-0.327344],[-50.652881,-0.131641]]],[[[-51.83252,-1.433789],[-51.637695,-1.341895],[-51.276318,-1.021777],[-51.160742,-0.666699],[-51.254004,-0.541406],[-51.546045,-0.649609],[-51.83252,-1.433789]]]]},"properties":{"name":"Brazil","ISO3166-1-Alpha-3":"BRA","ISO3166-1-Alpha-2":"BR"}},
{"type":"Feature","geometry":{"type":"Polygon","coordinates":[[[25.258789,-17.793555],[24.909082,-17.821387],[24.530566,-18.052734],[24.358984,-17.978223],[23.580566,-18.45293],[23.298633,-18.027344],[23.099902,-18.00957],[22.011426,-18.198633],[20.974121,-18.318848],[20.976172,-19.744336],[20.970996,-22.000195],[19.977344,-22.000195],[19.978516,-23.102539],[19.980469,-24.776758],[20.345215,-25.029883],[20.793164,-25.915625],[20.815039,-26.164941],[20.626758,-26.443848],[20.739844,-26.848828],[21.646289,-26.854199],[22.090918,-26.580176],[22.217578,-26.388867],[22.640234,-26.071191],[22.878809,-25.45791],[23.266016,-25.266602],[23.521484,-25.344434],[23.89375,-25.600879],[24.748145,-25.817383],[25.443652,-25.714453],[25.583789,-25.60625],[25.912109,-24.747461],[26.397168,-24.613574],[26.835059,-24.24082],[26.987012,-23.70459],[27.146387,-23.524414],[27.890527,-23.073926],[28.210156,-22.693652],[28.839844,-22.480859],[29.129883,-22.213281],[29.364844,-22.193945],[29.106836,-22.065723],[29.037305,-21.811328],[28.532031,-21.65127],[28.045605,-21.573047],[27.669434,-21.064258],[27.699609,-20.530664],[27.280762,-20.478711],[27.221484,-20.145801],[26.678223,-19.892773],[26.168066,-19.538281],[25.76123,-18.649219],[25.489258,-18.35127],[25.224023,-17.915234],[25.258789,-17.793555]]]},"properties":{"name":"Botswana","ISO3166-1-Alpha-3":"BWA","ISO3166-1-Alpha-2":"BW"}},
{"type":"Feature","geometry":{"type":"Polygon","coordinates":[[[19.194336,43.533301],[19.488184,43.703564],[19.257227,43.943311],[19.583789,44.043457],[19.151855,44.302539],[19.151367,44.527344],[19.356836,44.858545],[19.007129,44.869189],[18.662598,45.077441],[17.996289,45.141797],[17.812793,45.078125],[17.125391,45.171777],[16.918652,45.276562],[16.530664,45.216699],[16.293359,45.008838],[15.788086,45.178955],[15.736621,44.76582],[16.130273,44.47373],[16.214258,44.215137],[16.713477,43.778809],[17.624805,43.042773],[17.585156,42.938379],[17.667578,42.897119],[18.436328,42.559717],[18.443848,42.968457],[18.940234,43.496729],[19.194336,43.533301]]]},"properties":{"name":"Bosnia and Herz.","ISO3166-1-Alpha-3":"BIH","ISO3166-1-Alpha-2":"BA"}},
{"type":"Feature","geometry":{"type":"Polygon","coordinates":[[[-69.510937,-17.506055],[-69.313379,-17.943164],[-69.093945,-18.050488],[-68.968311,-18.967969],[-68.462891,-19.432813],[-68.698291,-19.721094],[-68.578271,-19.856543],[-68.72749,-20.069629],[-68.745166,-20.458594],[-68.197021,-21.300293],[-68.186426,-21.618555],[-67.988379,-22.057129],[-67.881738,-22.493359],[-67.879443,-22.822949],[-67.579932,-22.891699],[-67.194873,-22.82168],[-66.711719,-22.216309],[-66.365186,-22.11377],[-66.247607,-21.830469],[-66.098584,-21.835059],[-65.771045,-22.099609],[-65.057812,-22.102734],[-64.605518,-22.228809],[-64.373975,-22.761035],[-63.976123,-22.072559],[-63.818652,-22.005469],[-62.843359,-21.997266],[-62.650977,-22.233691],[-62.27666,-21.066016],[-62.276318,-20.5625],[-61.916943,-20.055371],[-61.756836,-19.645313],[-60.007373,-19.297559],[-59.090527,-19.28623],[-58.180176,-19.817871],[-58.159766,-20.164648],[-57.860742,-19.97959],[-58.131494,-19.744531],[-57.800391,-19.080957],[-57.574023,-18.279297],[-57.586475,-18.122266],[-57.832471,-17.512109],[-57.990918,-17.512891],[-58.395996,-17.234277],[-58.470605,-16.650195],[-58.350391,-16.49082],[-58.537939,-16.328223],[-60.175586,-16.269336],[-60.242334,-15.47959],[-60.530469,-15.143164],[-60.27334,-15.08877],[-60.298877,-14.618555],[-60.474658,-14.184766],[-60.506592,-13.789844],[-61.077002,-13.489746],[-61.789941,-13.525586],[-62.176074,-13.133691],[-62.765479,-12.997266],[-63.06748,-12.669141],[-63.34668,-12.680078],[-63.585645,-12.518945],[-63.938574,-12.529688],[-64.420508,-12.439746],[-64.513428,-12.250977],[-64.992529,-11.975195],[-65.389893,-11.246289],[-65.334033,-10.892773],[-65.436914,-10.449023],[-65.313086,-10.253027],[-65.309326,-9.872656],[-65.396143,-9.712402],[-66.263574,-9.826074],[-66.72998,-9.975488],[-67.111523,-10.268945],[-67.582422,-10.505957],[-67.721777,-10.683105],[-68.07168,-10.703125],[-68.397998,-11.01875],[-68.72749,-11.122461],[-68.84834,-11.011133],[-69.578613,-10.951758],[-68.685254,-12.501953],[-68.978613,-12.880078],[-68.983447,-13.496387],[-69.074121,-13.682813],[-68.880322,-14.198828],[-69.234912,-14.59707],[-69.374707,-14.962988],[-69.172461,-15.236621],[-69.418506,-15.603418],[-69.217578,-16.149121],[-68.913477,-16.261914],[-69.020703,-16.642188],[-69.43833,-17.088379],[-69.624854,-17.200195],[-69.510937,-17.506055]]]},"properties":{"name":"Bolivia","ISO3166-1-Alpha-3":"BOL","ISO3166-1-Alpha-2":"BO"}},
{"type":"Feature","geometry":{"type":"Polygon","coordinates":[[[91.631934,27.759961],[91.605566,27.951709],[91.225879,28.07124],[91.077734,27.974463],[90.352734,28.080225],[90.348242,28.243945],[89.981055,28.311182],[89.536914,28.107422],[88.947559,27.464014],[88.891406,27.316064],[88.73877,27.175586],[88.857617,26.961475],[89.148242,26.816162],[89.332129,26.848633],[89.763867,26.701563],[90.122949,26.75459],[90.345898,26.890332],[90.739648,26.77168],[91.671582,26.802002],[91.99834,26.85498],[92.083398,27.290625],[91.99082,27.450195],[91.594727,27.557666],[91.631934,27.759961]]]},"properties":{"name":"Bhutan","ISO3166-1-Alpha-3":"BTN","ISO3166-1-Alpha-2":"BT"}},
{"type":"Feature","geometry":{"type":"Polygon","coordinates":[[[1.622656,6.216797],[2.706445,6.369238],[2.774609,6.711719],[2.721387,6.980273],[2.750488,7.395068],[2.686035,7.87373],[2.774805,9.048535],[3.044922,9.083838],[3.136133,9.451611],[3.325195,9.778467],[3.557227,9.907324],[3.576563,10.268359],[3.834473,10.607422],[3.716406,11.07959],[3.487793,11.39541],[3.59541,11.696289],[2.878125,12.367725],[2.366016,12.221924],[2.38916,11.89707],[2.287207,11.69126],[1.980371,11.418408],[1.426758,11.447119],[0.900488,10.993262],[0.7875,10.710254],[0.77998,10.35957],[1.330078,9.996973],[1.424316,9.28501],[1.600195,9.050049],[1.624609,8.270996],[1.624707,6.997314],[1.577539,6.687402],[1.77793,6.294629],[1.622656,6.216797]]]},"properties":{"name":"Benin","ISO3166-1-Alpha-3":"BEN","ISO3166-1-Alpha-2":"BJ"}},
{"type":"Feature","geometry":{"type":"Polygon","coordinates":[[[-89.161475,17.814844],[-89.2375,15.894434],[-88.894043,15.890625],[-88.695166,16.247656],[-88.562305,16.29043],[-88.313428,16.632764],[-88.271729,17.609863],[-88.097217,18.121631],[-88.295654,18.472412],[-88.522998,18.445898],[-88.806348,17.965527],[-89.050439,17.999707],[-89.161475,17.814844]]]},"properties":{"name":"Belize","ISO3166-1-Alpha-3":"BLZ","ISO3166-1-Alpha-2":"BZ"}},
{"type":"Feature","geometry":{"type":"Polygon","coordinates":[[[4.226172,51.386475],[3.902051,51.207666],[3.350098,51.377686],[2.524902,51.097119],[2.839746,50.711768],[3.106836,50.779443],[3.27334,50.531543],[4.174609,50.246484],[4.176074,49.960254],[4.656152,50.002441],[4.867578,49.788135],[5.507324,49.510889],[5.789746,49.538281],[5.744043,49.919629],[6.116504,50.120996],[6.364453,50.316162],[6.235938,50.59668],[5.993945,50.750439],[5.693652,50.774658],[5.827148,51.125635],[5.508789,51.275],[4.503418,51.474707],[4.226172,51.386475]]]},"properties":{"name":"Belgium","ISO3166-1-Alpha-3":"BEL","ISO3166-1-Alpha-2":"BE"}},
{"type":"Feature","geometry":{"type":"Polygon","coordinates":[[[31.763379,52.101074],[31.577344,52.312305],[31.535156,52.798242],[31.258789,53.016699],[31.417871,53.196045],[32.141992,53.091162],[32.704297,53.336328],[32.200391,53.78125],[31.754199,53.810449],[31.791992,54.055908],[31.403613,54.195947],[31.121289,54.648486],[30.798828,54.783252],[30.977734,55.050488],[30.814453,55.278711],[30.906836,55.57002],[30.233594,55.845215],[29.482227,55.68457],[29.375,55.938721],[28.794727,55.942578],[28.147949,56.14292],[27.576758,55.798779],[27.052539,55.830566],[26.593555,55.667529],[26.175195,55.003271],[25.859277,54.919287],[25.547363,54.331836],[24.768164,53.974658],[23.484668,53.939795],[23.887109,53.027539],[23.844727,52.664209],[23.47959,52.551562],[23.196973,52.256934],[23.652441,52.040381],[23.605273,51.51792],[23.951172,51.585059],[24.361914,51.867529],[25.267188,51.937744],[25.925293,51.913525],[27.141992,51.752051],[27.270117,51.613574],[28.183789,51.607861],[28.599023,51.542627],[29.135645,51.617285],[29.346484,51.382568],[30.160742,51.477881],[30.533008,51.596338],[30.980664,52.046191],[31.763379,52.101074]]]},"properties":{"name":"Belarus","ISO3166-1-Alpha-3":"BLR","ISO3166-1-Alpha-2":"BY"}},
{"type":"Feature","geometry":{"type":"Polygon","coordinates":[[[-59.493311,13.081982],[-59.427637,13.152783],[-59.591602,13.317676],[-59.611328,13.1021],[-59.493311,13.081982]]]},"properties":{"name":"Barbados","ISO3166-1-Alpha-3":"BRB","ISO3166-1-Alpha-2":"BB"}},
{"type":"Feature","geometry":{"type":"Polygon","coordinates":[[[89.051465,22.093164],[89.234277,21.722363],[89.568555,21.767432],[89.811914,21.983496],[90.087891,22.01748],[90.158789,21.816846],[90.589453,22.258447],[90.435059,22.751904],[90.466016,23.053906],[90.633594,23.094238],[90.945605,22.597021],[91.482129,22.797412],[91.692969,22.504785],[92.008008,21.684766],[92.056055,21.174805],[92.324121,20.791846],[92.17959,21.293115],[92.330566,21.439795],[92.593457,21.467334],[92.574902,21.978076],[92.491406,22.6854],[92.361621,22.929004],[92.246094,23.683594],[91.92959,23.685986],[91.937891,23.504688],[91.619531,22.979688],[91.315234,23.104395],[91.160449,23.660645],[91.36709,24.093506],[91.876953,24.195312],[92.06416,24.374365],[92.25127,24.895068],[92.049707,25.169482],[90.439355,25.157715],[89.814063,25.305371],[89.822949,25.941406],[89.289258,26.037598],[89.108301,26.202246],[88.44043,26.369482],[88.150781,26.087158],[88.08457,25.888232],[88.452344,25.574414],[88.769141,25.490479],[88.890137,25.194385],[88.45625,25.188428],[88.313379,24.881836],[88.149805,24.914648],[88.023438,24.627832],[88.145508,24.485791],[88.733594,24.230908],[88.567383,23.674414],[88.74082,23.436621],[89.051465,22.093164]]]},"properties":{"name":"Bangladesh","ISO3166-1-Alpha-3":"BGD","ISO3166-1-Alpha-2":"BD"}},
{"type":"Feature","geometry":{"type":"Polygon","coordinates":[[[50.607227,25.883105],[50.609766,26.124463],[50.452441,26.19082],[50.465918,25.965527],[50.607227,25.883105]]]},"properties":{"name":"Bahrain","ISO3166-1-Alpha-3":"BHR","ISO3166-1-Alpha-2":"BH"}},
{"type":"Feature","geometry":{"type":"MultiPolygon","coordinates":[[[[-77.657715,24.249463],[-77.852246,24.040381],[-77.771289,23.752539],[-77.51875,23.869434],[-77.657715,24.249463]]],[[[-77.225635,25.904199],[-77.167285,26.240332],[-77.038281,26.333447],[-77.206055,26.488965],[-77.225635,25.904199]]],[[[-73.026855,21.192383],[-73.523096,21.19082],[-73.661035,20.937402],[-73.164551,20.97915],[-73.026855,21.192383]]],[[[-77.743848,24.707422],[-78.033301,25.143115],[-78.298828,24.753906],[-78.044922,24.287451],[-77.745215,24.463477],[-77.743848,24.707422]]]]},"properties":{"name":"Bahamas","ISO3166-1-Alpha-3":"BHS","ISO3166-1-Alpha-2":"BS"}},
{"type":"Feature","geometry":{"type":"MultiPolygon","coordinates":[[[[44.817188,39.650439],[45.141211,39.254297],[45.479688,39.00625],[46.114453,38.877783],[45.766309,39.378467],[45.031641,39.765137],[44.768262,39.703516],[44.817188,39.650439]]],[[[48.86875,38.435498],[48.850879,38.815332],[49.013477,39.133984],[49.199805,39.072656],[49.362793,39.349561],[49.324414,39.60835],[49.551172,40.194141],[50.306836,40.412207],[49.775977,40.583984],[49.226465,41.026221],[49.106641,41.301709],[48.572852,41.844482],[48.391406,41.601904],[48.056055,41.458691],[47.861133,41.212744],[47.261133,41.315088],[47.205273,41.455615],[46.749316,41.812598],[46.429883,41.890967],[46.182129,41.65708],[46.618945,41.34375],[46.45791,41.070215],[46.170703,41.197852],[45.280957,41.449561],[45.001367,41.290967],[45.5875,40.846924],[45.376172,40.638086],[45.569531,40.416846],[45.964648,40.233789],[45.789648,39.881104],[46.202051,39.594482],[46.55,39.201416],[46.490625,38.906689],[46.852539,39.148438],[47.772852,39.648584],[47.995898,39.683936],[48.322168,39.399072],[48.136035,39.312354],[48.241992,38.978955],[48.023242,38.819043],[48.592676,38.411084],[48.86875,38.435498]]]]},"properties":{"name":"Azerbaijan","ISO3166-1-Alpha-3":"AZE","ISO3166-1-Alpha-2":"AZ"}},
{"type":"Feature","geometry":{"type":"Polygon","coordinates":[[[9.527539,47.270752],[9.580273,47.057373],[9.996875,46.885352],[10.452832,46.864941],[11.025098,46.796973],[11.244434,46.975684],[12.154102,46.935254],[12.388281,46.702637],[13.7,46.520264],[14.503516,46.417041],[15.000684,46.625977],[15.957617,46.677637],[16.093066,46.863281],[16.453418,47.006787],[16.434375,47.367432],[16.747559,47.686279],[17.066602,47.707568],[17.147363,48.005957],[16.86543,48.386914],[16.953125,48.598828],[16.47793,48.800098],[16.057227,48.754785],[15.310938,48.974023],[14.972168,48.983936],[14.691309,48.599219],[14.049121,48.60249],[13.814746,48.766943],[13.486621,48.581836],[13.409375,48.394141],[12.814258,48.16084],[12.953516,47.890625],[12.68584,47.669336],[11.716797,47.583496],[11.297949,47.424902],[10.430371,47.541064],[10.312793,47.313428],[9.748926,47.575537],[9.524023,47.524219],[9.527539,47.270752]]]},"properties":{"name":"Austria","ISO3166-1-Alpha-3":"AUT","ISO3166-1-Alpha-2":"AT"}},
{"type":"Feature","geometry":{"type":"MultiPolygon","coordinates":[[[[143.178906,-11.954492],[142.872559,-11.821387],[142.836816,-11.306934],[142.723047,-11.010449],[142.456445,-10.707324],[142.168359,-10.946582],[142.138965,-11.273242],[141.951563,-11.896191],[141.805762,-12.080078],[141.677734,-12.491406],[141.852148,-12.578711],[141.613574,-12.943457],[141.64541,-13.259082],[141.472559,-13.797559],[141.594336,-14.152832],[141.522949,-14.470117],[141.625488,-15.056641],[141.451563,-15.605273],[141.411914,-16.069531],[141.219141,-16.646191],[140.966016,-17.014551],[140.830469,-17.414453],[140.511133,-17.624512],[140.03584,-17.702637],[139.440527,-17.380566],[139.248438,-17.328613],[139.009863,-16.899316],[138.24502,-16.718359],[137.703711,-16.233008],[137.002148,-15.87832],[136.784668,-15.894238],[136.291406,-15.570117],[136.205371,-15.403418],[135.530762,-15.000391],[135.405176,-14.758203],[135.883398,-14.153125],[135.989551,-13.810156],[135.927344,-13.304297],[136.294141,-13.137988],[136.461035,-13.225195],[136.594336,-13.003809],[136.537012,-12.784277],[136.947461,-12.349902],[136.719434,-12.226465],[136.540234,-11.957617],[136.270117,-12.131641],[136.260645,-12.433789],[136.081836,-12.422461],[136.008496,-12.191406],[135.788477,-11.907031],[135.217969,-12.22168],[135.029688,-12.19375],[134.730273,-11.984375],[134.538086,-12.06084],[134.237109,-12.007715],[133.904199,-11.832031],[133.533203,-11.816211],[133.185254,-11.705664],[133.024902,-11.452832],[132.682813,-11.505566],[132.262695,-11.204004],[131.961523,-11.180859],[132.133594,-11.500684],[132.475195,-11.491504],[132.674219,-11.649023],[132.583789,-12.110254],[132.37207,-12.23916],[131.438281,-12.276953],[131.219922,-12.17793],[131.023438,-12.342871],[130.672363,-12.406934],[130.61748,-12.646875],[130.399902,-12.687891],[130.168164,-12.957422],[130.259766,-13.302246],[129.838867,-13.572949],[129.709863,-13.97998],[129.378711,-14.39248],[129.753516,-14.789551],[129.458984,-14.933203],[128.199414,-14.751758],[127.887598,-14.485156],[127.672852,-14.195117],[127.293066,-13.934766],[126.903223,-13.744141],[126.569727,-14.160938],[126.403125,-14.018945],[126.111328,-14.114063],[126.020703,-14.494531],[125.68125,-14.387988],[125.178711,-14.714746],[125.243262,-14.944531],[124.839063,-15.160742],[124.381641,-15.758203],[124.576855,-16.113672],[123.85918,-16.382324],[123.728906,-16.19248],[123.49043,-16.490723],[123.778125,-16.867773],[123.664062,-17.023242],[123.525195,-17.485742],[123.14209,-16.863086],[122.970703,-16.436816],[122.72041,-16.787695],[122.432031,-16.97041],[122.160254,-17.313672],[122.237402,-17.968555],[122.360938,-18.036914],[122.00625,-18.393652],[121.833789,-18.477051],[121.493555,-19.106445],[121.179785,-19.47793],[120.878418,-19.665039],[120.196289,-19.909473],[119.585938,-20.038281],[119.104492,-19.995313],[118.751465,-20.261914],[118.199219,-20.375195],[117.683887,-20.642773],[117.40625,-20.721191],[117.139063,-20.640918],[116.706738,-20.653809],[116.010938,-21.030371],[115.456152,-21.491699],[114.859082,-21.735938],[114.602832,-21.942188],[114.377734,-22.341504],[114.163867,-22.32334],[113.958398,-21.93916],[113.682813,-22.637793],[113.794922,-23.023633],[113.757031,-23.418164],[113.55293,-23.732813],[113.421289,-24.132324],[113.417676,-24.435645],[113.670801,-24.977051],[114.214258,-25.851562],[114.215723,-26.289453],[113.942383,-26.258691],[113.879883,-26.027637],[113.539453,-25.625195],[113.395312,-25.713281],[113.589063,-26.098633],[113.852832,-26.332129],[113.581641,-26.558105],[113.388965,-26.105566],[113.231055,-26.241406],[113.709375,-26.847754],[114.028125,-27.347266],[114.165137,-28.080664],[114.537402,-28.542871],[114.628418,-28.871777],[114.856836,-29.142969],[114.958984,-29.433594],[114.994531,-30.216211],[115.176855,-30.808008],[115.698438,-31.694531],[115.70791,-32.567969],[115.618555,-32.666992],[115.683008,-33.192871],[115.515332,-33.531348],[115.181641,-33.643457],[114.993848,-33.515332],[115.008789,-34.255859],[115.277637,-34.303906],[115.72627,-34.526074],[115.986719,-34.79502],[116.517188,-34.987891],[117.581934,-35.097754],[118.135547,-34.986621],[118.895312,-34.479883],[119.450586,-34.368262],[119.854102,-33.974707],[120.418359,-33.963086],[120.814551,-33.871289],[121.405078,-33.826758],[122.061133,-33.874414],[122.150977,-33.991797],[122.777539,-33.89082],[123.207617,-33.988281],[123.650391,-33.836328],[123.868359,-33.596387],[124.126074,-33.129395],[124.373242,-32.958398],[124.758789,-32.882715],[125.917188,-32.296973],[126.136523,-32.256836],[126.779297,-32.310938],[127.319824,-32.264063],[128.067676,-32.066504],[128.946191,-31.702637],[130.129785,-31.579102],[130.783008,-31.604004],[131.143652,-31.495703],[131.721191,-31.696289],[132.214648,-32.007129],[132.757422,-31.95625],[133.212109,-32.183789],[133.551367,-32.18291],[134.23418,-32.548535],[134.100391,-32.748633],[134.30127,-33.165039],[134.607715,-33.190137],[134.791016,-33.32832],[134.88877,-33.626367],[135.185449,-33.906738],[135.45,-34.581055],[135.647559,-34.939648],[136.430664,-34.02998],[137.237305,-33.629492],[137.442285,-33.193555],[137.913184,-32.770703],[137.992578,-33.094238],[137.852344,-33.200781],[137.931836,-33.579102],[137.650391,-33.859082],[137.493848,-34.161133],[137.492969,-34.597754],[137.391016,-34.913281],[137.014258,-34.91582],[136.883594,-35.239746],[137.691699,-35.142969],[137.919238,-34.456055],[138.089258,-34.169824],[138.489941,-34.763574],[138.511133,-35.024414],[138.184375,-35.612695],[138.521875,-35.642383],[139.192773,-35.347266],[139.037695,-35.689258],[139.54873,-36.09668],[139.857324,-36.662109],[139.738477,-37.05957],[139.784277,-37.245801],[140.627246,-38.028418],[141.010938,-38.076953],[141.424219,-38.363477],[141.725,-38.271387],[142.612109,-38.45166],[143.226465,-38.743164],[143.538965,-38.820898],[144.101562,-38.462305],[144.665234,-38.209961],[144.538477,-38.077148],[144.891309,-37.899805],[145.119922,-38.091309],[144.911426,-38.344043],[145.79082,-38.666992],[145.935352,-38.901758],[146.216211,-38.782715],[146.856836,-38.663477],[147.395605,-38.219141],[147.876758,-37.93418],[148.2625,-37.830664],[149.298438,-37.802148],[149.932715,-37.528516],[149.960254,-36.845508],[150.195312,-35.833594],[150.56748,-35.214258],[150.690332,-35.177734],[150.960352,-34.29707],[151.231543,-34.029688],[151.483789,-33.347461],[151.812891,-32.901074],[152.164258,-32.757422],[152.47041,-32.439063],[152.559277,-32.045703],[152.78584,-31.786328],[152.943945,-31.434863],[153.047852,-30.907129],[153.030566,-30.563379],[153.272363,-29.89248],[153.348047,-29.29043],[153.60459,-28.854492],[153.575684,-28.240527],[153.116797,-27.194434],[153.162109,-26.982715],[153.08418,-26.303809],[153.164941,-25.96416],[152.920508,-25.688574],[152.913477,-25.432129],[152.654297,-25.201953],[152.456348,-24.802441],[152.129883,-24.597559],[151.902734,-24.200977],[151.500781,-24.012402],[150.843164,-23.458008],[150.763867,-22.576172],[150.541309,-22.559082],[150.234863,-22.372949],[150.076172,-22.164453],[149.703906,-22.440527],[149.204883,-21.125098],[148.683691,-20.580176],[148.759375,-20.289551],[147.915625,-19.869238],[147.586035,-19.622754],[147.418555,-19.378125],[147.13877,-19.393164],[146.481152,-19.078711],[146.296875,-18.841211],[146.333203,-18.553711],[146.032227,-18.272852],[146.125879,-17.635254],[145.901953,-17.070215],[145.426074,-16.406152],[145.458008,-16.056445],[145.271582,-15.47666],[145.287695,-14.943164],[144.648047,-14.49248],[144.473047,-14.231836],[143.961816,-14.462891],[143.756348,-14.348828],[143.548438,-13.741016],[143.586621,-13.443652],[143.401563,-12.639941],[143.110254,-12.303516],[143.178906,-11.954492]]],[[[153.077441,-25.750781],[153.350195,-25.063086],[153.038086,-25.193164],[152.97666,-25.551367],[153.077441,-25.750781]]],[[[136.714648,-13.803906],[136.424707,-13.864844],[136.363281,-14.228906],[136.894336,-14.293066],[136.745313,-14.072656],[136.714648,-13.803906]]],[[[130.459277,-11.679297],[130.339258,-11.337012],[130.152832,-11.477539],[130.197559,-11.658203],[130.459277,-11.679297]]],[[[130.618848,-11.376074],[130.422754,-11.445801],[130.644922,-11.742383],[130.950977,-11.926465],[131.29209,-11.710938],[131.538574,-11.436914],[131.268262,-11.189844],[131.023047,-11.334375],[130.618848,-11.376074]]],[[[137.596484,-35.738672],[137.334082,-35.59248],[136.638672,-35.748828],[136.755078,-36.033105],[137.448438,-36.074805],[137.670898,-35.897949],[137.596484,-35.738672]]],[[[145.042969,-40.786719],[144.818555,-40.72168],[144.646094,-40.980859],[144.77793,-41.418848],[145.238184,-42.019629],[145.268164,-42.544336],[145.487598,-42.92666],[146.043164,-43.547168],[146.548535,-43.508887],[146.873926,-43.6125],[147.408008,-42.893848],[147.573828,-42.845703],[147.78584,-43.22002],[147.980859,-43.157031],[147.924414,-42.572461],[148.022754,-42.259473],[148.301465,-42.039941],[148.292871,-40.94707],[147.96875,-40.77959],[147.62168,-40.844727],[147.454785,-41.00166],[146.989844,-40.992383],[146.31748,-41.163477],[145.821484,-41.024609],[145.283008,-40.769922],[145.042969,-40.786719]]],[[[148.000391,-39.757617],[147.890527,-40.014551],[148.105664,-40.262109],[148.297363,-39.985742],[148.000391,-39.757617]]]]},"properties":{"name":"Australia","ISO3166-1-Alpha-3":"AUS","ISO3166-1-Alpha-2":"AU"}},
{"type":"Feature","geometry":{"type":"Polygon","coordinates":[[[105.725391,-10.492969],[105.705469,-10.430664],[105.584082,-10.5125],[105.696875,-10.56416],[105.725391,-10.492969]]]},"properties":{"name":"Indian Ocean Ter.","ISO3166-1-Alpha-3":"AUS","ISO3166-1-Alpha-2":"AU"}},
{"type":"Feature","geometry":{"type":"Polygon","coordinates":[[[73.707422,-53.137109],[73.585742,-53.027148],[73.336328,-53.029883],[73.465137,-53.18418],[73.707422,-53.137109]]]},"properties":{"name":"Heard I. and McDonald Is.","ISO3166-1-Alpha-3":"HMD","ISO3166-1-Alpha-2":"HM"}},
{"type":"Feature","geometry":{"type":"Polygon","coordinates":[[[167.939453,-29.017676],[167.92041,-29.082813],[167.979004,-29.075684],[167.939453,-29.017676]]]},"properties":{"name":"Norfolk Island","ISO3166-1-Alpha-3":"NFK","ISO3166-1-Alpha-2":"NF"}},
{"type":"Feature","geometry":{"type":"Polygon","coordinates":[[[123.594531,-12.425684],[123.572461,-12.423926],[123.573145,-12.43418],[123.595215,-12.435938],[123.594531,-12.425684]]]},"properties":{"name":"Ashmore and Cartier Is.","ISO3166-1-Alpha-3":"AUS","ISO3166-1-Alpha-2":"AU"}},
{"type":"Feature","geometry":{"type":"Polygon","coordinates":[[[44.768262,39.703516],[45.031641,39.765137],[45.766309,39.378467],[46.114453,38.877783],[46.490625,38.906689],[46.55,39.201416],[46.202051,39.594482],[45.789648,39.881104],[45.964648,40.233789],[45.569531,40.416846],[45.376172,40.638086],[45.5875,40.846924],[45.001367,41.290967],[44.841406,41.211377],[44.227344,41.21333],[43.439453,41.107129],[43.722656,40.719531],[43.569336,40.482373],[43.791699,40.070264],[44.289258,40.040381],[44.768262,39.703516]]]},"properties":{"name":"Armenia","ISO3166-1-Alpha-3":"ARM","ISO3166-1-Alpha-2":"AM"}},
{"type":"Feature","geometry":{"type":"MultiPolygon","coordinates":[[[[-57.608887,-30.187793],[-57.224658,-29.782129],[-56.938623,-29.594824],[-56.322363,-28.852441],[-55.725488,-28.204102],[-55.101514,-27.866797],[-54.829102,-27.550586],[-54.327002,-27.423535],[-53.838184,-27.121094],[-53.671289,-26.225098],[-53.891162,-25.668848],[-54.15459,-25.523047],[-54.615869,-25.576074],[-54.677734,-26.308789],[-54.825488,-26.652246],[-55.135937,-26.931152],[-55.42666,-27.009277],[-55.78999,-27.416406],[-56.164062,-27.321484],[-56.437158,-27.553809],[-56.603369,-27.467871],[-57.111816,-27.470117],[-58.168262,-27.273438],[-58.604834,-27.314355],[-58.641748,-27.196094],[-58.191309,-26.62998],[-58.203027,-26.381445],[-57.890625,-26.006543],[-57.587158,-25.405078],[-57.82168,-25.136426],[-58.365381,-24.959277],[-59.372949,-24.453906],[-59.89248,-24.093555],[-60.839844,-23.858105],[-61.208398,-23.557031],[-61.798535,-23.182031],[-62.37251,-22.43916],[-62.650977,-22.233691],[-62.843359,-21.997266],[-63.818652,-22.005469],[-63.976123,-22.072559],[-64.373975,-22.761035],[-64.605518,-22.228809],[-65.057812,-22.102734],[-65.771045,-22.099609],[-66.098584,-21.835059],[-66.247607,-21.830469],[-66.365186,-22.11377],[-66.711719,-22.216309],[-67.194873,-22.82168],[-67.008789,-23.001367],[-67.356201,-24.033789],[-68.250293,-24.391992],[-68.507275,-24.629785],[-68.562012,-24.837695],[-68.384229,-25.091895],[-68.600293,-25.485645],[-68.414502,-26.153711],[-68.581152,-26.518359],[-68.318652,-26.877539],[-68.345996,-27.02793],[-68.846338,-27.153711],[-69.174414,-27.924707],[-69.656934,-28.413574],[-69.827881,-29.103223],[-70.026807,-29.324023],[-69.927637,-29.769141],[-69.956348,-30.358203],[-70.161426,-30.440234],[-70.51958,-31.148438],[-70.585205,-31.569434],[-70.169629,-32.47168],[-70.019824,-33.271484],[-69.797754,-33.398633],[-69.894336,-33.731348],[-69.852441,-34.224316],[-70.052051,-34.300781],[-70.289941,-34.732813],[-70.47041,-35.326172],[-70.380176,-35.771875],[-70.404785,-36.061719],[-71.055518,-36.52373],[-71.192187,-36.843652],[-71.118408,-37.114355],[-71.167578,-37.762305],[-71.028174,-38.041211],[-70.951611,-38.738477],[-71.425586,-38.985645],[-71.42002,-39.287207],[-71.539453,-39.602441],[-71.719922,-39.635254],[-71.695312,-40.335254],[-71.932129,-40.691699],[-71.873047,-40.892969],[-71.911279,-41.650391],[-71.760937,-42.101465],[-72.124609,-42.29834],[-72.146436,-42.990039],[-71.781494,-43.166797],[-71.90498,-43.440137],[-71.750635,-43.590137],[-71.680078,-43.92959],[-71.82002,-44.383105],[-71.212598,-44.441211],[-71.261133,-44.763086],[-71.596289,-44.979199],[-71.35376,-45.230469],[-71.772656,-45.724414],[-71.631543,-45.953711],[-71.875684,-46.160547],[-71.695215,-46.578418],[-71.940234,-46.83125],[-71.90498,-47.20166],[-72.345947,-47.492676],[-72.51792,-47.876367],[-72.32832,-48.110059],[-72.354736,-48.36582],[-72.608398,-48.519336],[-72.614404,-48.792871],[-72.981738,-48.976758],[-73.135254,-49.300684],[-73.461572,-49.313867],[-73.57627,-49.58291],[-73.50127,-50.125293],[-73.15293,-50.738281],[-72.509814,-50.60752],[-72.276318,-50.910254],[-72.407666,-51.54082],[-71.918652,-51.989551],[-69.960254,-52.008203],[-69.206201,-52.136133],[-68.443359,-52.356641],[-68.39375,-52.307031],[-69.03252,-51.63623],[-69.235156,-50.950586],[-68.939453,-50.382324],[-68.145654,-50.091406],[-67.783496,-49.858887],[-67.684863,-49.24668],[-67.466309,-48.951758],[-67.033105,-48.627734],[-66.393359,-48.342383],[-65.810059,-47.941113],[-65.934229,-47.826758],[-65.738086,-47.344922],[-65.998535,-47.09375],[-66.776855,-47.005859],[-67.386621,-46.553809],[-67.563379,-46.34541],[-67.556641,-45.970117],[-66.941406,-45.257324],[-66.585059,-45.18291],[-66.190137,-44.964746],[-65.63877,-45.007812],[-65.647607,-44.661426],[-65.361279,-44.477344],[-65.238574,-44.04873],[-65.283594,-43.62998],[-64.985547,-43.293555],[-64.432227,-43.05918],[-65.026904,-42.758887],[-64.650488,-42.531445],[-64.324268,-42.572266],[-64.130664,-42.861426],[-63.69248,-42.805273],[-63.595898,-42.406543],[-63.795557,-42.113867],[-64.100879,-42.395117],[-64.42041,-42.433789],[-64.898047,-42.161816],[-65.059082,-41.969922],[-65.018262,-41.566895],[-65.15498,-41.105664],[-65.133398,-40.880664],[-64.852979,-40.81377],[-63.772998,-41.15],[-62.959033,-41.109668],[-62.39502,-40.89082],[-62.246338,-40.674609],[-62.393604,-40.458789],[-62.286914,-39.895313],[-62.131543,-39.825391],[-62.053662,-39.373828],[-62.338086,-39.150586],[-62.066895,-38.919141],[-61.602539,-38.998828],[-61.112207,-38.992969],[-59.82832,-38.838184],[-59.007227,-38.67334],[-58.179199,-38.43584],[-57.546973,-38.085645],[-57.395752,-37.744629],[-57.087695,-37.446387],[-56.672021,-36.85127],[-56.698096,-36.426465],[-57.26499,-36.144141],[-57.353906,-35.720313],[-57.158887,-35.505957],[-57.303662,-35.188477],[-57.763574,-34.894531],[-58.28335,-34.683496],[-58.525488,-34.296191],[-58.39248,-34.192969],[-58.547217,-33.663477],[-58.424463,-33.111523],[-58.170996,-32.959277],[-58.201172,-32.47168],[-58.123047,-32.321875],[-58.189014,-31.924219],[-58.042334,-31.769238],[-58.053857,-31.494922],[-57.810596,-30.858594],[-57.87251,-30.591016],[-57.608887,-30.187793]]],[[[-68.653223,-54.853613],[-68.220117,-54.817578],[-66.930469,-54.924902],[-66.511133,-55.032129],[-65.345996,-54.87793],[-65.179004,-54.678125],[-65.74707,-54.653418],[-66.235645,-54.533496],[-67.294238,-54.049805],[-68.008496,-53.564063],[-68.144092,-53.319043],[-68.488525,-53.260938],[-68.278223,-52.983984],[-68.629932,-52.652637],[-68.653223,-54.853613]]]]},"properties":{"name":"Argentina","ISO3166-1-Alpha-3":"ARG","ISO3166-1-Alpha-2":"AR"}},
{"type":"Feature","geometry":{"type":"Polygon","coordinates":[[[-61.716064,17.037012],[-61.817285,17.168945],[-61.859668,17.01333],[-61.716064,17.037012]]]},"properties":{"name":"Antigua and Barb.","ISO3166-1-Alpha-3":"ATG","ISO3166-1-Alpha-2":"AG"}},
{"type":"Feature","geometry":{"type":"MultiPolygon","coordinates":[[[[13.072754,-4.634766],[12.881055,-4.445117],[12.38457,-4.619141],[12.018359,-5.004297],[12.177148,-5.324805],[12.213672,-5.758691],[12.503711,-5.695801],[12.522363,-5.148926],[12.829688,-4.736621],[13.072754,-4.634766]]],[[[23.966504,-10.871777],[23.833887,-11.013672],[23.400195,-10.976465],[23.156738,-11.074805],[22.561035,-11.055859],[22.278809,-11.194141],[22.17793,-10.892285],[22.280469,-10.783984],[22.302441,-10.39668],[22.197754,-10.040625],[21.813184,-9.46875],[21.905371,-8.693359],[21.895898,-8.341113],[21.780078,-7.86543],[21.841602,-7.420996],[21.751074,-7.305469],[20.607813,-7.277734],[20.482227,-6.91582],[19.875195,-6.986328],[19.527637,-7.144434],[19.37168,-7.655078],[19.34082,-7.966602],[18.89834,-7.998145],[18.653418,-7.936035],[17.913086,-8.067676],[17.536035,-8.075879],[16.984766,-7.257422],[16.919434,-6.933984],[16.742969,-6.618457],[16.717773,-6.241406],[16.537109,-5.96582],[16.315234,-5.865625],[14.398633,-5.892676],[13.978516,-5.857227],[13.068164,-5.864844],[12.790625,-6.003906],[12.302539,-6.092578],[12.521289,-6.590332],[12.823438,-6.954785],[12.862305,-7.231836],[13.378516,-8.369727],[13.358984,-8.687207],[12.998535,-9.048047],[13.155664,-9.389648],[13.209375,-9.703223],[13.539453,-10.420703],[13.721387,-10.633594],[13.847461,-11.054395],[13.785352,-11.812793],[13.685547,-12.123828],[13.416992,-12.52041],[12.983203,-12.775684],[12.897656,-13.027734],[12.550488,-13.437793],[12.378906,-14.039062],[12.280469,-14.6375],[11.967871,-15.633984],[11.750879,-15.831934],[11.818945,-16.704102],[11.743066,-17.249219],[12.013965,-17.168555],[12.548145,-17.212695],[13.101172,-16.967676],[13.403711,-17.007812],[13.937988,-17.38877],[15.76582,-17.389648],[16.531055,-17.39082],[18.396387,-17.399414],[18.718066,-17.703223],[19.076465,-17.817676],[20.392969,-17.887402],[20.625098,-17.99668],[21.113477,-17.955762],[21.416895,-18.000684],[23.380664,-17.640625],[22.305078,-16.689551],[22.150684,-16.597168],[21.979785,-15.955566],[21.979492,-14.761426],[21.978906,-13.000977],[23.843164,-13.000977],[23.991309,-12.422168],[23.970996,-11.63584],[24.04668,-11.405371],[23.966504,-10.871777]]]]},"properties":{"name":"Angola","ISO3166-1-Alpha-3":"AGO","ISO3166-1-Alpha-2":"AO"}},
{"type":"Feature","geometry":{"type":"Polygon","coordinates":[[[1.706055,42.50332],[1.42832,42.595898],[1.48623,42.434473],[1.706055,42.50332]]]},"properties":{"name":"Andorra","ISO3166-1-Alpha-3":"AND","ISO3166-1-Alpha-2":"AD"}},
{"type":"Feature","geometry":{"type":"Polygon","coordinates":[[[8.576563,36.937207],[7.910449,36.856348],[7.607715,36.999756],[6.927539,36.919434],[6.486523,37.085742],[6.064746,36.864258],[5.424609,36.675439],[5.195605,36.676807],[4.758105,36.896338],[3.779004,36.896191],[3.520508,36.795117],[2.972852,36.784473],[2.593359,36.600684],[1.257227,36.51958],[0.514941,36.261816],[0.15166,36.063135],[0.047949,35.900537],[-0.426123,35.861523],[-0.91748,35.668408],[-1.33584,35.364258],[-1.913281,35.094238],[-2.219629,35.104199],[-1.795605,34.751904],[-1.849658,34.607324],[-1.706934,34.176074],[-1.679199,33.318652],[-1.51001,32.877637],[-1.065527,32.468311],[-1.240332,32.337598],[-1.275342,32.089014],[-2.448389,32.12998],[-2.930859,32.042529],[-3.017383,31.834277],[-3.826758,31.661914],[-3.833398,31.197803],[-3.702002,30.944482],[-3.985352,30.913525],[-4.322852,30.698877],[-4.968262,30.465381],[-5.180127,30.166162],[-5.448779,29.956934],[-5.775,29.869043],[-6.500879,29.809131],[-6.635352,29.568799],[-7.094922,29.625195],[-7.685156,29.349512],[-8.659912,28.718604],[-8.68335,27.656445],[-8.68335,27.285937],[-7.366992,26.511768],[-6.238672,25.848193],[-4.822607,24.995605],[-3.257861,23.98125],[-1.292969,22.696533],[-0.310547,22.054199],[1.145508,21.102246],[1.165723,20.817432],[1.610645,20.555566],[1.685449,20.378369],[2.219336,20.247803],[2.406152,20.063867],[2.865723,19.955957],[3.203711,19.789697],[3.255859,19.410938],[3.106055,19.150098],[3.400879,18.988428],[4.227637,19.142773],[5.74834,19.434229],[5.836621,19.47915],[7.481738,20.873096],[9.378711,21.991406],[10.932227,22.907275],[11.967871,23.517871],[11.536914,24.29082],[10.686133,24.551367],[10.438965,24.480225],[10.255859,24.591016],[10.028125,25.051025],[10.000684,25.33208],[9.448242,26.067139],[9.491406,26.33374],[9.859375,26.551953],[9.894434,26.847949],[9.747559,27.330859],[9.916016,27.785693],[9.815625,28.560205],[9.842578,28.966992],[9.672656,29.566992],[9.310254,30.115234],[9.51875,30.229395],[9.044043,32.072363],[8.333398,32.543604],[8.210938,32.926709],[7.762695,33.233105],[7.500195,33.832471],[7.513867,34.080518],[8.245605,34.734082],[8.394238,35.203857],[8.245703,35.870557],[8.34873,36.367969],[8.230762,36.545264],[8.576563,36.937207]]]},"properties":{"name":"Algeria","ISO3166-1-Alpha-3":"DZA","ISO3166-1-Alpha-2":"DZ"}},
{"type":"Feature","geometry":{"type":"Polygon","coordinates":[[[19.342383,41.869092],[19.577539,41.7875],[19.440625,41.424756],[19.46123,40.933301],[19.344629,40.62207],[19.398145,40.284863],[19.851855,40.043555],[20.00127,39.709424],[20.206836,39.653516],[20.311133,39.979443],[20.657422,40.117383],[20.806055,40.445459],[21.031055,40.658643],[20.964258,40.849902],[20.74082,40.905273],[20.488965,41.272607],[20.448633,41.521289],[20.566211,41.873682],[20.485449,42.223389],[20.063965,42.547266],[19.654492,42.628564],[19.280664,42.172559],[19.342383,41.869092]]]},"properties":{"name":"Albania","ISO3166-1-Alpha-3":"ALB","ISO3166-1-Alpha-2":"AL"}},
{"type":"Feature","geometry":{"type":"Polygon","coordinates":[[[66.522266,37.348486],[66.108398,37.414746],[65.765039,37.569141],[65.55498,37.251172],[65.089648,37.237939],[64.816309,37.13208],[64.511035,36.340674],[63.8625,36.012354],[63.108594,35.818701],[63.056641,35.445801],[62.610547,35.233154],[62.252832,35.250244],[61.983887,35.443701],[61.542773,35.457861],[61.262012,35.61958],[61.080078,34.855615],[60.72627,34.518262],[60.485742,34.094775],[60.51084,33.638916],[60.916992,33.505225],[60.560547,33.137842],[60.829297,32.249414],[60.791602,31.660596],[60.854102,31.483252],[61.660156,31.382422],[61.814258,31.072559],[61.78418,30.831934],[60.843359,29.858691],[62.476562,29.40835],[63.567578,29.497998],[64.09873,29.391943],[64.521094,29.564502],[65.095508,29.559473],[66.177051,29.835596],[66.305469,30.321143],[66.286914,30.60791],[66.397168,30.912207],[66.924316,31.305615],[67.287305,31.217822],[67.737891,31.343945],[67.578223,31.506494],[68.213965,31.807373],[68.597656,31.802979],[68.868945,31.634229],[69.279297,31.936816],[69.241406,32.433545],[69.501563,33.020068],[69.920117,33.1125],[70.28418,33.369043],[69.868066,33.897656],[69.994727,34.051807],[70.415723,33.950439],[71.051563,34.049707],[71.095703,34.369434],[70.965625,34.530371],[71.620508,35.183008],[71.427539,35.83374],[71.185059,36.04209],[71.620508,36.436475],[72.156738,36.700879],[72.622852,36.82959],[73.769141,36.888477],[74.001855,36.823096],[74.541406,37.022168],[74.891309,37.231641],[74.659375,37.394482],[74.259668,37.41543],[73.749609,37.231787],[73.481348,37.47168],[72.895508,37.267529],[72.657422,37.029053],[72.358789,36.98291],[71.802051,36.694287],[71.597461,36.73291],[71.43291,37.127539],[71.551953,37.933154],[71.278516,37.918408],[71.255859,38.306982],[70.878906,38.456396],[70.61582,38.334424],[70.214648,37.924414],[70.251465,37.66416],[69.49209,37.553076],[69.414453,37.207764],[69.264844,37.108398],[68.960449,37.325049],[68.669141,37.258398],[68.067773,36.949805],[67.758984,37.172217],[67.319727,37.20957],[67.068848,37.334814],[66.522266,37.348486]]]},"properties":{"name":"Afghanistan","ISO3166-1-Alpha-3":"AFG","ISO3166-1-Alpha-2":"AF"}},
{"type":"Feature","geometry":{"type":"Polygon","coordinates":[[[77.048633,35.109912],[77.799414,35.495898],[77.446484,35.475586],[76.766895,35.661719],[77.048633,35.109912]]]},"properties":{"name":"Siachen Glacier","ISO3166-1-Alpha-3":null,"ISO3166-1-Alpha-2":null}},
{"type":"Feature","geometry":{"type":"MultiPolygon","coordinates":[[[[-57.020654,-63.372852],[-57.389648,-63.22627],[-58.87207,-63.551855],[-59.510156,-63.820703],[-60.86416,-64.073438],[-61.082129,-64.314746],[-61.631787,-64.604688],[-62.576221,-64.755664],[-64.038037,-65.179004],[-64.065918,-65.553711],[-64.653223,-65.866895],[-65.617285,-66.135254],[-65.766406,-66.624902],[-66.370898,-66.608887],[-66.955078,-66.984766],[-67.493359,-67.112793],[-67.585791,-67.435156],[-66.70498,-67.527148],[-67.149854,-68.024609],[-66.793359,-68.24043],[-67.390527,-68.86123],[-66.974902,-69.161035],[-67.371777,-69.412305],[-68.140869,-69.347559],[-68.707959,-69.432227],[-68.40332,-70.019727],[-67.888477,-70.42168],[-67.50459,-71.057813],[-67.460352,-71.526758],[-66.827734,-72.09043],[-67.66709,-72.83457],[-68.820947,-73.105469],[-70.322656,-73.274023],[-72.929199,-73.447949],[-73.996045,-73.699805],[-75.293066,-73.63877],[-76.291211,-73.805371],[-77.134912,-73.817676],[-76.850488,-73.460449],[-78.407861,-73.555762],[-79.521729,-73.089551],[-80.442236,-72.944531],[-81.262402,-73.314941],[-81.30874,-73.738281],[-82.183496,-73.856836],[-84.981201,-73.502051],[-85.980762,-73.208496],[-87.037939,-73.353906],[-87.401025,-73.191992],[-88.419385,-73.229004],[-88.194531,-72.858594],[-89.127148,-72.693164],[-89.34126,-72.889551],[-90.29541,-72.97793],[-90.430908,-73.243262],[-90.920947,-73.319141],[-92.241016,-73.178418],[-93.705957,-73.215039],[-94.246191,-73.312988],[-95.236621,-73.220117],[-96.152148,-73.309277],[-98.012402,-73.033203],[-100.820508,-72.981152],[-102.409277,-72.987402],[-102.484766,-72.735645],[-103.375,-72.818848],[-103.076172,-73.18457],[-102.675049,-73.320898],[-101.189453,-73.317871],[-100.020801,-73.402539],[-99.200342,-73.570996],[-99.781104,-73.720117],[-100.985449,-73.757227],[-102.410645,-73.616406],[-102.766455,-73.883789],[-101.71543,-74.02373],[-101.251709,-74.485742],[-100.118604,-74.515039],[-100.264893,-74.822949],[-98.557861,-75.189746],[-101.039355,-75.421875],[-101.708105,-75.127344],[-104.901855,-75.115137],[-106.618848,-75.343945],[-107.804736,-75.321582],[-109.272168,-75.185059],[-111.463135,-75.133398],[-110.300439,-74.710645],[-110.30708,-74.366699],[-111.180176,-74.188086],[-111.806348,-74.269727],[-111.69624,-74.792188],[-113.931836,-74.981836],[-113.903467,-74.644434],[-113.508496,-74.088867],[-114.791016,-73.988574],[-115.105176,-74.455078],[-117.068311,-74.473242],[-118.342041,-74.381543],[-119.677002,-74.65459],[-121.543945,-74.75],[-123.889453,-74.773047],[-125.353418,-74.714648],[-127.863379,-74.719238],[-129.79082,-74.891406],[-132.049365,-74.765723],[-133.474854,-74.851855],[-135.362061,-74.69043],[-136.227832,-74.836035],[-136.549512,-75.139453],[-137.618164,-75.075586],[-139.691162,-75.212793],[-141.505713,-75.69043],[-142.329834,-75.490918],[-143.574268,-75.563574],[-145.105518,-75.878906],[-145.987744,-75.88877],[-146.383008,-76.099707],[-145.885742,-76.424316],[-148.320312,-76.104492],[-149.654248,-76.365332],[-148.601074,-76.493262],[-147.34043,-76.438379],[-145.750488,-76.749023],[-145.966992,-77.06875],[-145.600635,-77.455273],[-146.390625,-77.472461],[-146.927588,-77.259863],[-148.744385,-77.343262],[-148.339941,-77.551172],[-149.717725,-77.797461],[-151.718994,-77.425879],[-153.460596,-77.416016],[-154.814941,-77.126953],[-156.21123,-77.105664],[-156.667676,-77.212988],[-158.213574,-77.157129],[-158.500391,-77.77832],[-157.266797,-78.199805],[-155.341504,-78.191992],[-154.716406,-78.398145],[-156.469336,-78.635352],[-155.209912,-78.964844],[-152.091406,-79.241602],[-150.490625,-79.545605],[-148.176514,-79.775879],[-148.317139,-80.070996],[-150.220703,-80.15],[-150.575391,-80.353711],[-148.122754,-80.900781],[-156.528223,-81.162305],[-157.03252,-81.319141],[-154.907813,-81.510352],[-153.956641,-81.700195],[-154.717432,-81.940723],[-153.009863,-82.449609],[-155.459424,-82.980762],[-157.679492,-83.129492],[-157.428467,-83.346387],[-159.444385,-83.543164],[-162.197266,-83.518945],[-163.111084,-83.329102],[-166.216895,-83.200781],[-168.417676,-83.228809],[-171.821289,-82.847461],[-174.065967,-82.900098],[-169.167676,-83.449805],[-167.552881,-83.81084],[-164.950879,-83.805859],[-163.568506,-84.528711],[-156.986328,-84.811133],[-157.12749,-85.185645],[-162.933398,-84.901172],[-166.911084,-84.819238],[-171.703662,-84.542383],[-178.389502,-84.3375],[-180,-84.351562],[-180,-85.05752],[-180,-85.763379],[-180,-86.469336],[-180,-87.175195],[-180,-87.881055],[-180,-88.587012],[-180,-89.292969],[-180,-89.58291],[-180,-89.998926],[180,-89.998926],[180,-84.351562],[179.403027,-84.206152],[171.917188,-83.644043],[171.220703,-83.475],[168.110059,-83.362012],[168.607324,-83.065332],[167.232617,-82.952344],[162.821191,-81.866211],[160.907813,-81.390234],[160.542188,-80.425],[158.76748,-80.293359],[160.558789,-80.010547],[160.20918,-79.554395],[160.482715,-79.201465],[164.634766,-78.603223],[166.208594,-78.45166],[164.429688,-78.042188],[163.619141,-77.582324],[162.762793,-76.745703],[162.815723,-75.846191],[161.67959,-75.217773],[162.533594,-75.16709],[162.604102,-74.823145],[163.167383,-74.601953],[164.174023,-74.523242],[165.302832,-74.59375],[164.775684,-74.028516],[166.106055,-73.735156],[166.159375,-73.533789],[166.996094,-73.544336],[167.61582,-73.336816],[167.155664,-73.147266],[169.54502,-73.050391],[169.828613,-72.728809],[168.82002,-72.552441],[169.953516,-72.402832],[170.224023,-71.947949],[170.162305,-71.630469],[168.797852,-71.274805],[168.172656,-71.183203],[167.569434,-70.810254],[166.626953,-70.664258],[164.403223,-70.510449],[163.34873,-70.620898],[162.674805,-70.30459],[162.216016,-70.333984],[162.039648,-70.625],[161.424512,-70.826758],[161.037012,-70.317188],[160.209668,-69.974902],[159.783984,-69.521875],[158.157813,-69.208887],[157.481348,-69.308691],[155.520313,-69.024414],[154.199707,-68.417871],[153.705273,-68.728906],[153.081836,-68.856836],[152.545508,-68.72959],[151.562109,-68.693652],[151.068262,-68.384961],[148.45625,-68.466992],[146.797656,-68.273633],[146.827832,-67.964648],[145.975195,-67.624219],[145.12793,-67.625977],[143.941992,-67.794043],[144.621191,-67.141406],[143.448242,-66.876758],[142.888379,-67.000098],[141.972852,-66.806738],[139.900098,-66.715137],[139.241602,-66.574023],[138.139941,-66.543945],[137.753809,-66.406445],[136.193945,-66.292188],[135.351953,-66.127148],[134.971484,-66.330176],[134.289453,-66.476758],[134.178906,-66.277051],[133.444531,-66.081445],[131.830859,-66.23584],[130.951758,-66.191406],[130.120508,-66.291504],[129.741211,-66.468555],[129.236914,-67.041602],[128.430566,-67.119141],[127.541211,-67.051074],[126.873633,-66.759375],[126.664746,-66.497559],[125.865625,-66.364453],[125.397949,-66.424414],[125.095117,-66.641113],[124.597852,-66.708203],[123.969336,-66.608105],[122.182813,-66.859473],[121.487598,-67.090723],[119.133008,-67.370703],[119.280664,-67.199219],[118.138672,-67.082422],[117.131934,-67.114355],[116.713477,-67.047168],[114.026563,-67.441211],[113.991211,-67.211914],[115.27373,-67.02793],[115.635352,-66.771191],[115.310352,-66.56084],[114.336914,-66.360156],[113.709766,-65.92959],[113.099414,-65.799902],[111.453125,-65.960938],[110.906738,-66.07666],[110.587012,-66.312305],[110.622266,-66.524023],[109.462793,-66.908691],[108.376172,-66.76582],[108.15791,-66.639063],[107.170898,-66.47041],[106.386914,-66.410645],[103.951172,-65.988086],[102.674219,-65.865137],[101.474414,-65.951172],[100.889063,-66.358008],[99.370117,-66.648242],[98.858887,-66.670801],[98.257617,-66.46748],[97.719824,-66.607324],[97.100586,-66.499414],[95.541016,-66.630957],[94.839844,-66.501367],[93.964258,-66.689648],[93.358008,-66.585449],[92.730566,-66.624414],[92.073438,-66.50791],[91.02168,-66.602832],[89.698438,-66.823047],[87.980273,-66.788477],[86.750195,-67.037109],[85.710742,-67.161328],[84.485156,-67.114453],[83.493652,-67.441211],[83.304297,-67.603027],[82.016992,-67.690039],[79.287793,-68.119336],[78.72627,-68.277832],[78.488965,-68.625781],[77.81748,-69.068945],[75.891211,-69.575586],[75.423828,-69.893066],[74.571094,-69.87959],[73.942188,-69.743164],[73.324805,-69.848926],[72.82207,-70.095898],[72.760352,-70.395703],[71.904883,-70.706641],[71.464844,-71.15459],[71.276758,-71.623926],[70.616211,-71.84209],[69.554688,-72.374512],[68.419824,-72.515039],[67.971387,-72.750586],[67.971387,-73.085645],[67.32207,-73.300293],[66.569141,-73.20918],[66.89209,-72.948633],[67.432227,-72.00293],[68.037402,-71.391016],[68.872754,-71.035156],[69.250195,-70.431055],[67.94082,-70.422852],[67.267969,-70.273145],[68.178125,-69.837305],[69.082617,-69.866602],[69.188477,-69.654883],[68.90625,-69.372754],[69.629492,-69.231641],[69.53418,-68.736914],[69.982227,-68.464258],[69.416406,-67.742969],[68.32793,-67.889551],[67.174805,-67.767969],[66.488379,-67.765527],[63.699023,-67.508301],[62.687891,-67.647559],[61.309082,-67.540234],[60.482031,-67.385156],[59.250781,-67.484961],[58.737402,-67.22959],[57.627441,-67.014063],[56.891602,-67.05625],[56.154883,-67.264551],[56.453223,-66.779785],[57.185449,-66.613281],[56.361523,-66.372754],[55.710352,-66.07998],[54.947852,-65.916309],[53.671777,-65.858691],[51.88457,-66.02002],[50.332422,-66.444629],[50.605957,-67.150195],[50.006152,-67.175195],[49.24707,-66.941602],[48.465234,-67.043457],[48.713672,-67.216895],[48.648047,-67.794043],[47.117188,-67.572656],[46.883887,-67.274805],[46.317285,-67.401953],[46.399023,-67.617578],[44.989551,-67.769238],[44.699805,-67.904297],[42.819531,-68.123242],[42.408789,-68.351855],[41.132715,-68.575098],[39.863867,-68.966992],[39.705078,-69.425586],[38.859277,-70.006055],[37.559766,-69.718359],[36.71875,-69.652246],[35.224805,-69.637305],[34.595898,-69.094531],[33.813672,-69.099316],[34.192871,-68.702441],[33.121484,-68.68916],[32.567578,-69.074219],[32.989355,-69.624219],[32.621289,-70.000586],[31.378809,-70.225781],[30.00332,-70.3],[28.911523,-70.583105],[27.206836,-70.910938],[25.974121,-71.037402],[24.756738,-70.89209],[24.235742,-70.448633],[23.803613,-70.40459],[23.406836,-70.723242],[22.979004,-70.810352],[22.233691,-70.642676],[22.366016,-70.475098],[21.70498,-70.258496],[21.070801,-70.843457],[19.265137,-70.902344],[19.026563,-70.674023],[19.196387,-70.293164],[18.432617,-70.289941],[18.124609,-70.540332],[15.806934,-70.324023],[13.822656,-70.343164],[12.929395,-70.213379],[11.70127,-70.766602],[10.217676,-70.50791],[9.141602,-70.183691],[8.523047,-70.473828],[7.676758,-70.356348],[7.401172,-70.494434],[5.113086,-70.655664],[2.609473,-70.900098],[0.834961,-71.202344],[-0.543164,-71.712695],[-0.89585,-71.349219],[-2.0146,-71.433398],[-2.812012,-71.320996],[-5.950049,-71.341602],[-6.080273,-71.154102],[-5.587891,-70.856738],[-5.936328,-70.712695],[-6.838184,-70.844531],[-7.388135,-70.786914],[-7.873486,-70.940332],[-7.617969,-71.121484],[-7.713721,-71.546484],[-8.646484,-71.672754],[-9.230664,-71.174023],[-9.887988,-71.027344],[-10.825439,-71.55332],[-11.663037,-71.33125],[-12.351318,-71.389746],[-12.148193,-71.613672],[-10.958105,-71.901953],[-11.496973,-72.412891],[-12.746924,-72.628906],[-13.208594,-72.785059],[-14.297754,-72.733008],[-14.000098,-73.000586],[-14.320996,-73.123047],[-15.595996,-73.096777],[-16.435205,-73.425684],[-16.518848,-73.644043],[-15.748828,-73.945605],[-14.573828,-73.9375],[-15.67251,-74.407324],[-17.299023,-74.333887],[-18.749219,-75.24209],[-18.516943,-75.389941],[-19.493018,-75.539941],[-20.4875,-75.491992],[-21.433789,-75.683105],[-22.465479,-75.661035],[-24.26958,-75.766992],[-26.059326,-75.957227],[-28.933643,-76.370313],[-30.221973,-76.660352],[-32.063379,-77.159863],[-32.614062,-77.14082],[-34.075781,-77.425391],[-35.087598,-77.837109],[-36.180859,-78.468359],[-36.23916,-78.774219],[-35.515967,-78.933008],[-32.994238,-79.228809],[-30.315918,-79.163086],[-29.949316,-79.599023],[-25.258643,-79.7625],[-23.406836,-79.858984],[-24.240283,-80.061914],[-29.329102,-80.17207],[-32.255713,-80.460742],[-35.327002,-80.650684],[-37.209277,-81.063867],[-38.771729,-80.882324],[-41.433838,-81.297754],[-43.669336,-82.270117],[-46.516748,-82.45459],[-46.046387,-82.158691],[-48.360791,-81.892285],[-50.653027,-81.975488],[-53.986084,-82.200586],[-55.800684,-82.478418],[-57.353613,-82.840234],[-59.516016,-83.458398],[-61.589844,-83.341211],[-62.735645,-82.527344],[-62.645312,-82.263086],[-64.91958,-82.370508],[-65.913184,-82.183203],[-65.916211,-81.902246],[-64.137109,-81.869336],[-64.750146,-81.52168],[-70.239111,-80.856641],[-71.017676,-80.619043],[-73.029492,-80.917285],[-75.236523,-80.802637],[-76.557861,-79.903516],[-76.031592,-79.627051],[-76.499121,-79.325684],[-80.151172,-79.268066],[-80.891992,-79.501855],[-81.660889,-79.099805],[-83.26001,-78.774219],[-83.762744,-78.461133],[-83.245898,-78.357031],[-80.292285,-78.822754],[-77.869141,-78.745508],[-77.432568,-78.434668],[-81.441016,-77.885645],[-80.601562,-77.751953],[-77.742139,-77.940332],[-74.812061,-78.177832],[-73.251562,-77.894238],[-72.851953,-77.590234],[-75.386914,-77.474219],[-76.248584,-77.274902],[-77.167969,-76.833887],[-77.190039,-76.629785],[-75.268359,-76.581445],[-73.879785,-76.696777],[-71.798682,-76.752734],[-70.095508,-76.654492],[-69.304395,-76.350781],[-67.518213,-76.109766],[-66.37041,-76.013379],[-63.363379,-75.451465],[-63.231055,-75.153809],[-63.924707,-75.004492],[-62.708496,-74.737109],[-62.225684,-74.505566],[-61.010791,-74.47832],[-61.570801,-74.194727],[-61.04165,-74.121973],[-60.878857,-73.612012],[-61.405469,-73.46709],[-60.384668,-73.007324],[-60.730322,-72.425977],[-60.719434,-72.072656],[-61.310254,-72.112695],[-61.938916,-71.903613],[-61.035059,-71.82002],[-61.213574,-71.564063],[-61.017236,-71.166895],[-61.312842,-70.867578],[-61.961084,-70.900586],[-62.000781,-70.497168],[-62.377783,-70.364844],[-61.961084,-70.120117],[-62.407129,-69.827246],[-62.450537,-69.584375],[-63.455957,-69.041895],[-63.343506,-68.810449],[-64.898291,-68.67334],[-64.996484,-68.407813],[-65.639502,-68.130566],[-65.418066,-67.65957],[-65.443115,-67.326172],[-64.819287,-67.307324],[-64.686279,-66.80625],[-64.077734,-66.654102],[-63.752539,-66.277734],[-62.682031,-66.237305],[-61.875439,-66.296094],[-60.902734,-66.191016],[-61.266113,-65.97998],[-61.839062,-66.119531],[-62.305029,-65.84043],[-61.991406,-65.58916],[-62.145312,-65.331738],[-61.736182,-65.033496],[-61.059863,-64.98125],[-59.963086,-64.431348],[-59.573193,-64.530762],[-58.895459,-64.388867],[-58.838965,-64.186816],[-58.262988,-63.763379],[-57.020654,-63.372852]]],[[[-45.222656,-78.810742],[-43.947217,-78.597559],[-43.808594,-78.286523],[-45.530273,-77.881445],[-46.825684,-77.785254],[-49.08125,-78.047461],[-50.219629,-78.605273],[-50.733057,-79.282715],[-50.339258,-79.479492],[-52.297168,-80.141211],[-53.482324,-80.188965],[-54.347168,-80.569434],[-54.1625,-80.870117],[-49.773047,-80.78418],[-49.1875,-80.642773],[-43.52793,-80.191406],[-42.965381,-79.477051],[-43.72207,-78.818457],[-45.222656,-78.810742]]],[[[-59.733936,-80.344141],[-59.706348,-79.875293],[-61.343115,-79.886816],[-62.518799,-80.37334],[-65.980078,-80.384473],[-64.268262,-80.748535],[-62.940381,-80.76582],[-60.582812,-80.948145],[-59.825488,-80.733301],[-59.733936,-80.344141]]],[[[-70.051123,-69.189063],[-70.416992,-68.788965],[-71.868994,-68.941016],[-72.137891,-69.114551],[-71.74292,-69.422754],[-71.853613,-69.969336],[-71.120508,-70.196484],[-70.327637,-70.159668],[-70.328076,-70.36123],[-71.061084,-70.537109],[-71.194043,-70.984766],[-71.718506,-71.145117],[-73.0604,-71.126953],[-72.621582,-71.388379],[-74.187207,-71.383008],[-75.292578,-71.614941],[-75.353076,-71.878418],[-74.78584,-72.063574],[-73.899268,-72.152344],[-72.927637,-71.92168],[-72.412207,-71.662305],[-71.106641,-72.04707],[-71.897559,-72.120801],[-73.086377,-72.407813],[-72.36748,-72.669727],[-69.209326,-72.53418],[-68.241016,-71.822168],[-68.335986,-70.856055],[-69.09126,-70.090332],[-69.416943,-69.583203],[-70.051123,-69.189063]]],[[[-98.091113,-71.9125],[-98.61543,-71.76377],[-99.833203,-72.046094],[-100.084619,-71.836914],[-102.128125,-71.985449],[-102.264795,-72.135254],[-100.195215,-72.272656],[-98.407812,-72.547656],[-97.250293,-72.520898],[-96.051758,-72.577246],[-95.575391,-72.409961],[-95.609375,-72.068457],[-96.125,-71.895508],[-96.869434,-71.850977],[-97.473486,-72.000293],[-98.091113,-71.9125]]],[[[-120.55625,-73.756055],[-123.112158,-73.682227],[-122.624707,-73.965527],[-122.859082,-74.342676],[-121.062402,-74.337305],[-120.989502,-74.157031],[-120.272461,-73.98916],[-120.55625,-73.756055]]],[[[-126.329883,-73.28623],[-127.267627,-73.304004],[-127.414355,-73.516309],[-124.872998,-74.208301],[-123.836719,-74.225684],[-124.128516,-73.833984],[-124.993408,-73.829785],[-125.735791,-73.405664],[-126.329883,-73.28623]]],[[[-159.05293,-79.807422],[-159.684082,-79.402441],[-161.642969,-78.900977],[-163.256104,-78.72207],[-164.125537,-78.995313],[-164.225781,-79.320801],[-161.865527,-79.703516],[-160.3021,-79.844531],[-159.05293,-79.807422]]],[[[167.084082,-77.32168],[166.236816,-77.547461],[168.322559,-77.68252],[168.450781,-77.386133],[167.084082,-77.32168]]],[[[-33.93418,-79.32041],[-35.534668,-79.090039],[-36.481299,-79.294043],[-33.93418,-79.32041]]],[[[-70.334082,-79.679883],[-69.731738,-79.618359],[-69.250879,-79.210352],[-66.728076,-78.383691],[-67.478516,-78.3625],[-70.543994,-78.883691],[-71.254492,-79.059668],[-71.783545,-79.444336],[-70.334082,-79.679883]]],[[[-63.180566,-64.469531],[-63.333594,-64.266211],[-64.171094,-64.581934],[-63.646875,-64.803027],[-63.025586,-64.610938],[-63.180566,-64.469531]]],[[[-67.988477,-67.474414],[-67.687842,-67.147363],[-68.335938,-66.802051],[-69.082422,-67.403125],[-69.097559,-67.602734],[-68.58042,-67.732813],[-67.988477,-67.474414]]],[[[-73.706641,-70.635156],[-74.03833,-70.55293],[-75.007471,-70.608887],[-75.21001,-70.772559],[-76.500244,-70.941406],[-76.176318,-71.132422],[-74.205029,-70.924121],[-73.706641,-70.635156]]],[[[-74.987109,-69.727832],[-75.681348,-69.881641],[-75.726758,-70.096094],[-74.848828,-70.179297],[-74.437988,-69.949609],[-74.987109,-69.727832]]],[[[-74.354443,-73.098438],[-74.473877,-72.89375],[-75.376855,-72.82041],[-76.017676,-73.085449],[-75.90083,-73.332617],[-74.574658,-73.611328],[-74.667676,-73.275293],[-74.354443,-73.098438]]],[[[-91.160693,-73.182227],[-90.775586,-72.992969],[-90.807129,-72.610645],[-91.67002,-72.62373],[-91.160693,-73.182227]]],[[[26.857227,-70.381152],[26.68623,-70.114453],[25.98252,-70.199902],[26.005371,-70.372949],[26.857227,-70.381152]]],[[[-160.467139,-81.589453],[-162.456494,-81.313281],[-163.766064,-81.444824],[-160.467139,-81.589453]]]]},"properties":{"name":"Antarctica","ISO3166-1-Alpha-3":"ATA","ISO3166-1-Alpha-2":"AQ"}},
{"type":"Feature","geometry":{"type":"Polygon","coordinates":[[[-63.123047,18.068945],[-63.023047,18.019189],[-63.011182,18.068945],[-63.123047,18.068945]]]},"properties":{"name":"Sint Maarten","ISO3166-1-Alpha-3":"SXM","ISO3166-1-Alpha-2":"SX"}},
{"type":"Feature","geometry":{"type":"Polygon","coordinates":[[[179.213672,-8.524219],[179.211621,-8.488086],[179.197949,-8.488672],[179.200879,-8.512109],[179.213672,-8.524219]]]},"properties":{"name":"Tuvalu","ISO3166-1-Alpha-3":"TUV","ISO3166-1-Alpha-2":"TV"}}
]}